station_code,station_name,district,river,tributary,latitude,longitude,comid,streamorder,forecast_time,lead_day,meanflow_cms,returnperiod,linkage_status,distance_m
MP0220_Betwa,Betwa,Vidisha,Ganga,Yamuna,23.503888888888888,77.78777777777778,440600534,2,2026-08-10T15:00:00+00:00,0,8.4,0,Linked live river forecast reach,185.1880617119343
MP0220_Kurwi,Kurwai,Vidisha,Ganga,Yamuna,24.11888888888889,78.02833333333334,441073852,5,2026-08-10T15:00:00+00:00,0,446.7,0,Linked live river forecast reach,36.66592749514811
MP0220_Kurwi,Kurwai,Vidisha,Ganga,Yamuna,24.11888888888889,78.02833333333334,441073852,5,2026-08-10T18:00:00+00:00,0,505.9,0,Linked live river forecast reach,36.66592749514811
MP0220_Kurwi,Kurwai,Vidisha,Ganga,Yamuna,24.11888888888889,78.02833333333334,441073852,5,2026-08-10T21:00:00+00:00,0,560.7,0,Linked live river forecast reach,36.66592749514811
MP0220_Kurwi,Kurwai,Vidisha,Ganga,Yamuna,24.11888888888889,78.02833333333334,441073852,5,2026-08-11T00:00:00+00:00,0,620.5,0,Linked live river forecast reach,36.66592749514811
MP0220_Kurwi,Kurwai,Vidisha,Ganga,Yamuna,24.11888888888889,78.02833333333334,441073852,5,2026-08-11T03:00:00+00:00,0,685.9,0,Linked live river forecast reach,36.66592749514811
MP0220_Kurwi,Kurwai,Vidisha,Ganga,Yamuna,24.11888888888889,78.02833333333334,441073852,5,2026-08-11T06:00:00+00:00,0,760.7,0,Linked live river forecast reach,36.66592749514811
MP0220_Kurwi,Kurwai,Vidisha,Ganga,Yamuna,24.11888888888889,78.02833333333334,441073852,5,2026-08-11T09:00:00+00:00,0,836.8,0,Linked live river forecast reach,36.66592749514811
MP0220_Kurwi,Kurwai,Vidisha,Ganga,Yamuna,24.11888888888889,78.02833333333334,441073852,5,2026-08-11T12:00:00+00:00,0,909.7,0,Linked live river forecast reach,36.66592749514811
MP0220_Kurwi,Kurwai,Vidisha,Ganga,Yamuna,24.11888888888889,78.02833333333334,441073852,5,2026-08-11T15:00:00+00:00,1,985.2,0,Linked live river forecast reach,36.66592749514811
MP0220_Kurwi,Kurwai,Vidisha,Ganga,Yamuna,24.11888888888889,78.02833333333334,441073852,5,2026-08-11T18:00:00+00:00,1,1064.4,0,Linked live river forecast reach,36.66592749514811
MP0220_Kurwi,Kurwai,Vidisha,Ganga,Yamuna,24.11888888888889,78.02833333333334,441073852,5,2026-08-11T21:00:00+00:00,1,1146.2,0,Linked live river forecast reach,36.66592749514811
MP0220_Kurwi,Kurwai,Vidisha,Ganga,Yamuna,24.11888888888889,78.02833333333334,441073852,5,2026-08-12T00:00:00+00:00,1,1231.2,0,Linked live river forecast reach,36.66592749514811
MP0220_Kurwi,Kurwai,Vidisha,Ganga,Yamuna,24.11888888888889,78.02833333333334,441073852,5,2026-08-12T03:00:00+00:00,1,1316.7,0,Linked live river forecast reach,36.66592749514811
MP0220_Kurwi,Kurwai,Vidisha,Ganga,Yamuna,24.11888888888889,78.02833333333334,441073852,5,2026-08-12T06:00:00+00:00,1,1395.9,0,Linked live river forecast reach,36.66592749514811
MP0220_Kurwi,Kurwai,Vidisha,Ganga,Yamuna,24.11888888888889,78.02833333333334,441073852,5,2026-08-12T09:00:00+00:00,1,1477.0,0,Linked live river forecast reach,36.66592749514811
MP0220_Kurwi,Kurwai,Vidisha,Ganga,Yamuna,24.11888888888889,78.02833333333334,441073852,5,2026-08-12T12:00:00+00:00,1,1563.2,0,Linked live river forecast reach,36.66592749514811
MP0220_Kurwi,Kurwai,Vidisha,Ganga,Yamuna,24.11888888888889,78.02833333333334,441073852,5,2026-08-12T15:00:00+00:00,2,1636.9,0,Linked live river forecast reach,36.66592749514811
MP0220_Kurwi,Kurwai,Vidisha,Ganga,Yamuna,24.11888888888889,78.02833333333334,441073852,5,2026-08-12T18:00:00+00:00,2,1685.4,0,Linked live river forecast reach,36.66592749514811
MP0220_Kurwi,Kurwai,Vidisha,Ganga,Yamuna,24.11888888888889,78.02833333333334,441073852,5,2026-08-12T21:00:00+00:00,2,1709.6,0,Linked live river forecast reach,36.66592749514811
MP0220_Kurwi,Kurwai,Vidisha,Ganga,Yamuna,24.11888888888889,78.02833333333334,441073852,5,2026-08-13T00:00:00+00:00,2,1710.8,0,Linked live river forecast reach,36.66592749514811
MP0220_Kurwi,Kurwai,Vidisha,Ganga,Yamuna,24.11888888888889,78.02833333333334,441073852,5,2026-08-13T03:00:00+00:00,2,1692.1,0,Linked live river forecast reach,36.66592749514811
MP0220_Kurwi,Kurwai,Vidisha,Ganga,Yamuna,24.11888888888889,78.02833333333334,441073852,5,2026-08-13T06:00:00+00:00,2,1666.1,0,Linked live river forecast reach,36.66592749514811
MP0220_Kurwi,Kurwai,Vidisha,Ganga,Yamuna,24.11888888888889,78.02833333333334,441073852,5,2026-08-13T09:00:00+00:00,2,1642.6,0,Linked live river forecast reach,36.66592749514811
MP0220_Kurwi,Kurwai,Vidisha,Ganga,Yamuna,24.11888888888889,78.02833333333334,441073852,5,2026-08-13T12:00:00+00:00,2,1623.5,0,Linked live river forecast reach,36.66592749514811
MP0220_Kurwi,Kurwai,Vidisha,Ganga,Yamuna,24.11888888888889,78.02833333333334,441073852,5,2026-08-13T15:00:00+00:00,3,1606.0,0,Linked live river forecast reach,36.66592749514811
MP0220_Kurwi,Kurwai,Vidisha,Ganga,Yamuna,24.11888888888889,78.02833333333334,441073852,5,2026-08-13T18:00:00+00:00,3,1588.7,0,Linked live river forecast reach,36.66592749514811
MP0220_Kurwi,Kurwai,Vidisha,Ganga,Yamuna,24.11888888888889,78.02833333333334,441073852,5,2026-08-13T21:00:00+00:00,3,1569.3,0,Linked live river forecast reach,36.66592749514811
MP0220_Kurwi,Kurwai,Vidisha,Ganga,Yamuna,24.11888888888889,78.02833333333334,441073852,5,2026-08-14T00:00:00+00:00,3,1544.0,0,Linked live river forecast reach,36.66592749514811
MP0220_Kurwi,Kurwai,Vidisha,Ganga,Yamuna,24.11888888888889,78.02833333333334,441073852,5,2026-08-14T03:00:00+00:00,3,1514.3,0,Linked live river forecast reach,36.66592749514811
MP0220_Kurwi,Kurwai,Vidisha,Ganga,Yamuna,24.11888888888889,78.02833333333334,441073852,5,2026-08-14T06:00:00+00:00,3,1478.1,0,Linked live river forecast reach,36.66592749514811
MP0220_Kurwi,Kurwai,Vidisha,Ganga,Yamuna,24.11888888888889,78.02833333333334,441073852,5,2026-08-14T09:00:00+00:00,3,1437.5,0,Linked live river forecast reach,36.66592749514811
MP0220_Kurwi,Kurwai,Vidisha,Ganga,Yamuna,24.11888888888889,78.02833333333334,441073852,5,2026-08-14T12:00:00+00:00,3,1392.2,0,Linked live river forecast reach,36.66592749514811
MP0220_Kurwi,Kurwai,Vidisha,Ganga,Yamuna,24.11888888888889,78.02833333333334,441073852,5,2026-08-14T15:00:00+00:00,4,1337.7,0,Linked live river forecast reach,36.66592749514811
MP0220_Kurwi,Kurwai,Vidisha,Ganga,Yamuna,24.11888888888889,78.02833333333334,441073852,5,2026-08-14T18:00:00+00:00,4,1274.6,0,Linked live river forecast reach,36.66592749514811
MP0220_Kurwi,Kurwai,Vidisha,Ganga,Yamuna,24.11888888888889,78.02833333333334,441073852,5,2026-08-14T21:00:00+00:00,4,1210.1,0,Linked live river forecast reach,36.66592749514811
MP0220_Kurwi,Kurwai,Vidisha,Ganga,Yamuna,24.11888888888889,78.02833333333334,441073852,5,2026-08-15T00:00:00+00:00,4,1149.5,0,Linked live river forecast reach,36.66592749514811
MP0220_Kurwi,Kurwai,Vidisha,Ganga,Yamuna,24.11888888888889,78.02833333333334,441073852,5,2026-08-15T03:00:00+00:00,4,1090.4,0,Linked live river forecast reach,36.66592749514811
MP0220_Kurwi,Kurwai,Vidisha,Ganga,Yamuna,24.11888888888889,78.02833333333334,441073852,5,2026-08-15T06:00:00+00:00,4,1032.6,0,Linked live river forecast reach,36.66592749514811
MP0220_Kurwi,Kurwai,Vidisha,Ganga,Yamuna,24.11888888888889,78.02833333333334,441073852,5,2026-08-15T09:00:00+00:00,4,979.2,0,Linked live river forecast reach,36.66592749514811
MP0220_Kurwi,Kurwai,Vidisha,Ganga,Yamuna,24.11888888888889,78.02833333333334,441073852,5,2026-08-15T12:00:00+00:00,4,928.9,0,Linked live river forecast reach,36.66592749514811
MP0220_Kurwi,Kurwai,Vidisha,Ganga,Yamuna,24.11888888888889,78.02833333333334,441073852,5,2026-08-15T15:00:00+00:00,5,880.2,0,Linked live river forecast reach,36.66592749514811
MP0220_Kurwi,Kurwai,Vidisha,Ganga,Yamuna,24.11888888888889,78.02833333333334,441073852,5,2026-08-15T18:00:00+00:00,5,833.7,0,Linked live river forecast reach,36.66592749514811
MP0220_Kurwi,Kurwai,Vidisha,Ganga,Yamuna,24.11888888888889,78.02833333333334,441073852,5,2026-08-15T21:00:00+00:00,5,793.3,0,Linked live river forecast reach,36.66592749514811
MP0220_Kurwi,Kurwai,Vidisha,Ganga,Yamuna,24.11888888888889,78.02833333333334,441073852,5,2026-08-16T00:00:00+00:00,5,760.9,0,Linked live river forecast reach,36.66592749514811
MP0220_Kurwi,Kurwai,Vidisha,Ganga,Yamuna,24.11888888888889,78.02833333333334,441073852,5,2026-08-16T03:00:00+00:00,5,735.3,0,Linked live river forecast reach,36.66592749514811
MP0220_Kurwi,Kurwai,Vidisha,Ganga,Yamuna,24.11888888888889,78.02833333333334,441073852,5,2026-08-16T06:00:00+00:00,5,714.1,0,Linked live river forecast reach,36.66592749514811
MP0220_Kurwi,Kurwai,Vidisha,Ganga,Yamuna,24.11888888888889,78.02833333333334,441073852,5,2026-08-16T09:00:00+00:00,5,691.7,0,Linked live river forecast reach,36.66592749514811
MP0220_Kurwi,Kurwai,Vidisha,Ganga,Yamuna,24.11888888888889,78.02833333333334,441073852,5,2026-08-16T12:00:00+00:00,5,666.0,0,Linked live river forecast reach,36.66592749514811
MP0220_Kurwi,Kurwai,Vidisha,Ganga,Yamuna,24.11888888888889,78.02833333333334,441073852,5,2026-08-16T15:00:00+00:00,6,641.1,0,Linked live river forecast reach,36.66592749514811
MP0220_Kurwi,Kurwai,Vidisha,Ganga,Yamuna,24.11888888888889,78.02833333333334,441073852,5,2026-08-16T18:00:00+00:00,6,620.2,0,Linked live river forecast reach,36.66592749514811
MP0220_Kurwi,Kurwai,Vidisha,Ganga,Yamuna,24.11888888888889,78.02833333333334,441073852,5,2026-08-16T21:00:00+00:00,6,603.0,0,Linked live river forecast reach,36.66592749514811
MP0220_Kurwi,Kurwai,Vidisha,Ganga,Yamuna,24.11888888888889,78.02833333333334,441073852,5,2026-08-17T00:00:00+00:00,6,587.8,0,Linked live river forecast reach,36.66592749514811
MP0220_Kurwi,Kurwai,Vidisha,Ganga,Yamuna,24.11888888888889,78.02833333333334,441073852,5,2026-08-17T03:00:00+00:00,6,573.7,0,Linked live river forecast reach,36.66592749514811
MP0220_Kurwi,Kurwai,Vidisha,Ganga,Yamuna,24.11888888888889,78.02833333333334,441073852,5,2026-08-17T06:00:00+00:00,6,559.9,0,Linked live river forecast reach,36.66592749514811
MP0220_Kurwi,Kurwai,Vidisha,Ganga,Yamuna,24.11888888888889,78.02833333333334,441073852,5,2026-08-17T09:00:00+00:00,6,545.8,0,Linked live river forecast reach,36.66592749514811
MP0220_Kurwi,Kurwai,Vidisha,Ganga,Yamuna,24.11888888888889,78.02833333333334,441073852,5,2026-08-17T12:00:00+00:00,6,530.3,0,Linked live river forecast reach,36.66592749514811
MP0220_Kurwi,Kurwai,Vidisha,Ganga,Yamuna,24.11888888888889,78.02833333333334,441073852,5,2026-08-17T15:00:00+00:00,7,514.3,0,Linked live river forecast reach,36.66592749514811
MP0220_Nmkhd,Neemkheda,Raisen,Ganga,Yamuna,23.276944444444446,77.68222222222222,441027105,5,2026-08-10T15:00:00+00:00,0,203.2,0,Linked live river forecast reach,189.61104954294362
MP0220_Nmkhd,Neemkheda,Raisen,Ganga,Yamuna,23.276944444444446,77.68222222222222,441027105,5,2026-08-10T18:00:00+00:00,0,243.0,0,Linked live river forecast reach,189.61104954294362
MP0220_Nmkhd,Neemkheda,Raisen,Ganga,Yamuna,23.276944444444446,77.68222222222222,441027105,5,2026-08-10T21:00:00+00:00,0,281.6,0,Linked live river forecast reach,189.61104954294362
MP0220_Nmkhd,Neemkheda,Raisen,Ganga,Yamuna,23.276944444444446,77.68222222222222,441027105,5,2026-08-11T00:00:00+00:00,0,320.5,0,Linked live river forecast reach,189.61104954294362
MP0220_Nmkhd,Neemkheda,Raisen,Ganga,Yamuna,23.276944444444446,77.68222222222222,441027105,5,2026-08-11T03:00:00+00:00,0,367.5,0,Linked live river forecast reach,189.61104954294362
MP0220_Nmkhd,Neemkheda,Raisen,Ganga,Yamuna,23.276944444444446,77.68222222222222,441027105,5,2026-08-11T06:00:00+00:00,0,416.0,0,Linked live river forecast reach,189.61104954294362
MP0220_Nmkhd,Neemkheda,Raisen,Ganga,Yamuna,23.276944444444446,77.68222222222222,441027105,5,2026-08-11T09:00:00+00:00,0,462.8,0,Linked live river forecast reach,189.61104954294362
MP0220_Nmkhd,Neemkheda,Raisen,Ganga,Yamuna,23.276944444444446,77.68222222222222,441027105,5,2026-08-11T12:00:00+00:00,0,501.0,0,Linked live river forecast reach,189.61104954294362
MP0220_Nmkhd,Neemkheda,Raisen,Ganga,Yamuna,23.276944444444446,77.68222222222222,441027105,5,2026-08-11T15:00:00+00:00,1,529.6,0,Linked live river forecast reach,189.61104954294362
MP0220_Nmkhd,Neemkheda,Raisen,Ganga,Yamuna,23.276944444444446,77.68222222222222,441027105,5,2026-08-11T18:00:00+00:00,1,556.5,0,Linked live river forecast reach,189.61104954294362
MP0220_Nmkhd,Neemkheda,Raisen,Ganga,Yamuna,23.276944444444446,77.68222222222222,441027105,5,2026-08-11T21:00:00+00:00,1,586.1,0,Linked live river forecast reach,189.61104954294362
MP0220_Nmkhd,Neemkheda,Raisen,Ganga,Yamuna,23.276944444444446,77.68222222222222,441027105,5,2026-08-12T00:00:00+00:00,1,619.9,0,Linked live river forecast reach,189.61104954294362
MP0220_Nmkhd,Neemkheda,Raisen,Ganga,Yamuna,23.276944444444446,77.68222222222222,441027105,5,2026-08-12T03:00:00+00:00,1,648.6,0,Linked live river forecast reach,189.61104954294362
MP0220_Nmkhd,Neemkheda,Raisen,Ganga,Yamuna,23.276944444444446,77.68222222222222,441027105,5,2026-08-12T06:00:00+00:00,1,651.7,0,Linked live river forecast reach,189.61104954294362
MP0220_Nmkhd,Neemkheda,Raisen,Ganga,Yamuna,23.276944444444446,77.68222222222222,441027105,5,2026-08-12T09:00:00+00:00,1,635.5,0,Linked live river forecast reach,189.61104954294362
MP0220_Nmkhd,Neemkheda,Raisen,Ganga,Yamuna,23.276944444444446,77.68222222222222,441027105,5,2026-08-12T12:00:00+00:00,1,607.0,0,Linked live river forecast reach,189.61104954294362
MP0220_Nmkhd,Neemkheda,Raisen,Ganga,Yamuna,23.276944444444446,77.68222222222222,441027105,5,2026-08-12T15:00:00+00:00,2,575.1,0,Linked live river forecast reach,189.61104954294362
MP0220_Nmkhd,Neemkheda,Raisen,Ganga,Yamuna,23.276944444444446,77.68222222222222,441027105,5,2026-08-12T18:00:00+00:00,2,538.9,0,Linked live river forecast reach,189.61104954294362
MP0220_Nmkhd,Neemkheda,Raisen,Ganga,Yamuna,23.276944444444446,77.68222222222222,441027105,5,2026-08-12T21:00:00+00:00,2,490.3,0,Linked live river forecast reach,189.61104954294362
MP0220_Nmkhd,Neemkheda,Raisen,Ganga,Yamuna,23.276944444444446,77.68222222222222,441027105,5,2026-08-13T00:00:00+00:00,2,430.7,0,Linked live river forecast reach,189.61104954294362
MP0220_Nmkhd,Neemkheda,Raisen,Ganga,Yamuna,23.276944444444446,77.68222222222222,441027105,5,2026-08-13T03:00:00+00:00,2,369.1,0,Linked live river forecast reach,189.61104954294362
MP0220_Nmkhd,Neemkheda,Raisen,Ganga,Yamuna,23.276944444444446,77.68222222222222,441027105,5,2026-08-13T06:00:00+00:00,2,312.3,0,Linked live river forecast reach,189.61104954294362
MP0220_Nmkhd,Neemkheda,Raisen,Ganga,Yamuna,23.276944444444446,77.68222222222222,441027105,5,2026-08-13T09:00:00+00:00,2,265.3,0,Linked live river forecast reach,189.61104954294362
MP0220_Nmkhd,Neemkheda,Raisen,Ganga,Yamuna,23.276944444444446,77.68222222222222,441027105,5,2026-08-13T12:00:00+00:00,2,231.7,0,Linked live river forecast reach,189.61104954294362
MP0220_Nmkhd,Neemkheda,Raisen,Ganga,Yamuna,23.276944444444446,77.68222222222222,441027105,5,2026-08-13T15:00:00+00:00,3,209.9,0,Linked live river forecast reach,189.61104954294362
MP0220_Nmkhd,Neemkheda,Raisen,Ganga,Yamuna,23.276944444444446,77.68222222222222,441027105,5,2026-08-13T18:00:00+00:00,3,195.9,0,Linked live river forecast reach,189.61104954294362
MP0220_Nmkhd,Neemkheda,Raisen,Ganga,Yamuna,23.276944444444446,77.68222222222222,441027105,5,2026-08-13T21:00:00+00:00,3,187.2,0,Linked live river forecast reach,189.61104954294362
MP0220_Nmkhd,Neemkheda,Raisen,Ganga,Yamuna,23.276944444444446,77.68222222222222,441027105,5,2026-08-14T00:00:00+00:00,3,179.4,0,Linked live river forecast reach,189.61104954294362
MP0220_Nmkhd,Neemkheda,Raisen,Ganga,Yamuna,23.276944444444446,77.68222222222222,441027105,5,2026-08-14T03:00:00+00:00,3,171.7,0,Linked live river forecast reach,189.61104954294362
MP0220_Nmkhd,Neemkheda,Raisen,Ganga,Yamuna,23.276944444444446,77.68222222222222,441027105,5,2026-08-14T06:00:00+00:00,3,166.2,0,Linked live river forecast reach,189.61104954294362
MP0220_Nmkhd,Neemkheda,Raisen,Ganga,Yamuna,23.276944444444446,77.68222222222222,441027105,5,2026-08-14T09:00:00+00:00,3,167.8,0,Linked live river forecast reach,189.61104954294362
MP0220_Nmkhd,Neemkheda,Raisen,Ganga,Yamuna,23.276944444444446,77.68222222222222,441027105,5,2026-08-14T12:00:00+00:00,3,177.7,0,Linked live river forecast reach,189.61104954294362
MP0220_Nmkhd,Neemkheda,Raisen,Ganga,Yamuna,23.276944444444446,77.68222222222222,441027105,5,2026-08-14T15:00:00+00:00,4,188.0,0,Linked live river forecast reach,189.61104954294362
MP0220_Nmkhd,Neemkheda,Raisen,Ganga,Yamuna,23.276944444444446,77.68222222222222,441027105,5,2026-08-14T18:00:00+00:00,4,192.5,0,Linked live river forecast reach,189.61104954294362
MP0220_Nmkhd,Neemkheda,Raisen,Ganga,Yamuna,23.276944444444446,77.68222222222222,441027105,5,2026-08-14T21:00:00+00:00,4,191.3,0,Linked live river forecast reach,189.61104954294362
MP0220_Nmkhd,Neemkheda,Raisen,Ganga,Yamuna,23.276944444444446,77.68222222222222,441027105,5,2026-08-15T00:00:00+00:00,4,186.2,0,Linked live river forecast reach,189.61104954294362
MP0220_Nmkhd,Neemkheda,Raisen,Ganga,Yamuna,23.276944444444446,77.68222222222222,441027105,5,2026-08-15T03:00:00+00:00,4,180.1,0,Linked live river forecast reach,189.61104954294362
MP0220_Nmkhd,Neemkheda,Raisen,Ganga,Yamuna,23.276944444444446,77.68222222222222,441027105,5,2026-08-15T06:00:00+00:00,4,175.0,0,Linked live river forecast reach,189.61104954294362
MP0220_Nmkhd,Neemkheda,Raisen,Ganga,Yamuna,23.276944444444446,77.68222222222222,441027105,5,2026-08-15T09:00:00+00:00,4,171.5,0,Linked live river forecast reach,189.61104954294362
MP0220_Nmkhd,Neemkheda,Raisen,Ganga,Yamuna,23.276944444444446,77.68222222222222,441027105,5,2026-08-15T12:00:00+00:00,4,168.4,0,Linked live river forecast reach,189.61104954294362
MP0220_Nmkhd,Neemkheda,Raisen,Ganga,Yamuna,23.276944444444446,77.68222222222222,441027105,5,2026-08-15T15:00:00+00:00,5,161.9,0,Linked live river forecast reach,189.61104954294362
MP0220_Nmkhd,Neemkheda,Raisen,Ganga,Yamuna,23.276944444444446,77.68222222222222,441027105,5,2026-08-15T18:00:00+00:00,5,151.4,0,Linked live river forecast reach,189.61104954294362
MP0220_Nmkhd,Neemkheda,Raisen,Ganga,Yamuna,23.276944444444446,77.68222222222222,441027105,5,2026-08-15T21:00:00+00:00,5,138.4,0,Linked live river forecast reach,189.61104954294362
MP0220_Nmkhd,Neemkheda,Raisen,Ganga,Yamuna,23.276944444444446,77.68222222222222,441027105,5,2026-08-16T00:00:00+00:00,5,126.4,0,Linked live river forecast reach,189.61104954294362
MP0220_Nmkhd,Neemkheda,Raisen,Ganga,Yamuna,23.276944444444446,77.68222222222222,441027105,5,2026-08-16T03:00:00+00:00,5,116.7,0,Linked live river forecast reach,189.61104954294362
MP0220_Nmkhd,Neemkheda,Raisen,Ganga,Yamuna,23.276944444444446,77.68222222222222,441027105,5,2026-08-16T06:00:00+00:00,5,108.5,0,Linked live river forecast reach,189.61104954294362
MP0220_Nmkhd,Neemkheda,Raisen,Ganga,Yamuna,23.276944444444446,77.68222222222222,441027105,5,2026-08-16T09:00:00+00:00,5,102.0,0,Linked live river forecast reach,189.61104954294362
MP0220_Nmkhd,Neemkheda,Raisen,Ganga,Yamuna,23.276944444444446,77.68222222222222,441027105,5,2026-08-16T12:00:00+00:00,5,97.0,0,Linked live river forecast reach,189.61104954294362
MP0220_Nmkhd,Neemkheda,Raisen,Ganga,Yamuna,23.276944444444446,77.68222222222222,441027105,5,2026-08-16T15:00:00+00:00,6,94.1,0,Linked live river forecast reach,189.61104954294362
MP0220_Nmkhd,Neemkheda,Raisen,Ganga,Yamuna,23.276944444444446,77.68222222222222,441027105,5,2026-08-16T18:00:00+00:00,6,92.3,0,Linked live river forecast reach,189.61104954294362
MP0220_Nmkhd,Neemkheda,Raisen,Ganga,Yamuna,23.276944444444446,77.68222222222222,441027105,5,2026-08-16T21:00:00+00:00,6,87.9,0,Linked live river forecast reach,189.61104954294362
MP0220_Nmkhd,Neemkheda,Raisen,Ganga,Yamuna,23.276944444444446,77.68222222222222,441027105,5,2026-08-17T00:00:00+00:00,6,80.2,0,Linked live river forecast reach,189.61104954294362
MP0220_Nmkhd,Neemkheda,Raisen,Ganga,Yamuna,23.276944444444446,77.68222222222222,441027105,5,2026-08-17T03:00:00+00:00,6,71.3,0,Linked live river forecast reach,189.61104954294362
MP0220_Nmkhd,Neemkheda,Raisen,Ganga,Yamuna,23.276944444444446,77.68222222222222,441027105,5,2026-08-17T06:00:00+00:00,6,63.6,0,Linked live river forecast reach,189.61104954294362
MP0220_Nmkhd,Neemkheda,Raisen,Ganga,Yamuna,23.276944444444446,77.68222222222222,441027105,5,2026-08-17T09:00:00+00:00,6,57.3,0,Linked live river forecast reach,189.61104954294362
MP0220_Nmkhd,Neemkheda,Raisen,Ganga,Yamuna,23.276944444444446,77.68222222222222,441027105,5,2026-08-17T12:00:00+00:00,6,52.1,0,Linked live river forecast reach,189.61104954294362
MP0220_Nmkhd,Neemkheda,Raisen,Ganga,Yamuna,23.276944444444446,77.68222222222222,441027105,5,2026-08-17T15:00:00+00:00,7,48.5,0,Linked live river forecast reach,189.61104954294362
MP0221_Kukhd,Kuakhedi,Vidisha,Ganga,Yamuna,23.55,77.56666666666666,440581269,2,2026-08-10T15:00:00+00:00,0,15.0,0,Linked live river forecast reach,816.4076709673263
MP0222_Bah,Bah,Vidisha,Ganga,Yamuna,23.704166666666666,77.68555555555555,440965166,4,2026-08-10T15:00:00+00:00,0,287.3,0,Linked live river forecast reach,270.34338286474576
MP0222_Bah,Bah,Vidisha,Ganga,Yamuna,23.704166666666666,77.68555555555555,440965166,4,2026-08-10T18:00:00+00:00,0,292.6,0,Linked live river forecast reach,270.34338286474576
MP0222_Bah,Bah,Vidisha,Ganga,Yamuna,23.704166666666666,77.68555555555555,440965166,4,2026-08-10T21:00:00+00:00,0,285.8,0,Linked live river forecast reach,270.34338286474576
MP0222_Bah,Bah,Vidisha,Ganga,Yamuna,23.704166666666666,77.68555555555555,440965166,4,2026-08-11T00:00:00+00:00,0,279.0,0,Linked live river forecast reach,270.34338286474576
MP0222_Bah,Bah,Vidisha,Ganga,Yamuna,23.704166666666666,77.68555555555555,440965166,4,2026-08-11T03:00:00+00:00,0,275.3,0,Linked live river forecast reach,270.34338286474576
MP0222_Bah,Bah,Vidisha,Ganga,Yamuna,23.704166666666666,77.68555555555555,440965166,4,2026-08-11T06:00:00+00:00,0,262.6,0,Linked live river forecast reach,270.34338286474576
MP0222_Bah,Bah,Vidisha,Ganga,Yamuna,23.704166666666666,77.68555555555555,440965166,4,2026-08-11T09:00:00+00:00,0,235.1,0,Linked live river forecast reach,270.34338286474576
MP0222_Bah,Bah,Vidisha,Ganga,Yamuna,23.704166666666666,77.68555555555555,440965166,4,2026-08-11T12:00:00+00:00,0,198.3,0,Linked live river forecast reach,270.34338286474576
MP0222_Bah,Bah,Vidisha,Ganga,Yamuna,23.704166666666666,77.68555555555555,440965166,4,2026-08-11T15:00:00+00:00,1,163.0,0,Linked live river forecast reach,270.34338286474576
MP0222_Bah,Bah,Vidisha,Ganga,Yamuna,23.704166666666666,77.68555555555555,440965166,4,2026-08-11T18:00:00+00:00,1,134.6,0,Linked live river forecast reach,270.34338286474576
MP0222_Bah,Bah,Vidisha,Ganga,Yamuna,23.704166666666666,77.68555555555555,440965166,4,2026-08-11T21:00:00+00:00,1,115.2,0,Linked live river forecast reach,270.34338286474576
MP0222_Bah,Bah,Vidisha,Ganga,Yamuna,23.704166666666666,77.68555555555555,440965166,4,2026-08-12T00:00:00+00:00,1,104.1,0,Linked live river forecast reach,270.34338286474576
MP0222_Bah,Bah,Vidisha,Ganga,Yamuna,23.704166666666666,77.68555555555555,440965166,4,2026-08-12T03:00:00+00:00,1,102.9,0,Linked live river forecast reach,270.34338286474576
MP0222_Bah,Bah,Vidisha,Ganga,Yamuna,23.704166666666666,77.68555555555555,440965166,4,2026-08-12T06:00:00+00:00,1,113.4,0,Linked live river forecast reach,270.34338286474576
MP0222_Bah,Bah,Vidisha,Ganga,Yamuna,23.704166666666666,77.68555555555555,440965166,4,2026-08-12T09:00:00+00:00,1,124.4,0,Linked live river forecast reach,270.34338286474576
MP0222_Bah,Bah,Vidisha,Ganga,Yamuna,23.704166666666666,77.68555555555555,440965166,4,2026-08-12T12:00:00+00:00,1,127.3,0,Linked live river forecast reach,270.34338286474576
MP0222_Bah,Bah,Vidisha,Ganga,Yamuna,23.704166666666666,77.68555555555555,440965166,4,2026-08-12T15:00:00+00:00,2,122.4,0,Linked live river forecast reach,270.34338286474576
MP0222_Bah,Bah,Vidisha,Ganga,Yamuna,23.704166666666666,77.68555555555555,440965166,4,2026-08-12T18:00:00+00:00,2,112.0,0,Linked live river forecast reach,270.34338286474576
MP0222_Bah,Bah,Vidisha,Ganga,Yamuna,23.704166666666666,77.68555555555555,440965166,4,2026-08-12T21:00:00+00:00,2,99.1,0,Linked live river forecast reach,270.34338286474576
MP0222_Bah,Bah,Vidisha,Ganga,Yamuna,23.704166666666666,77.68555555555555,440965166,4,2026-08-13T00:00:00+00:00,2,87.9,0,Linked live river forecast reach,270.34338286474576
MP0222_Bah,Bah,Vidisha,Ganga,Yamuna,23.704166666666666,77.68555555555555,440965166,4,2026-08-13T03:00:00+00:00,2,83.4,0,Linked live river forecast reach,270.34338286474576
MP0222_Bah,Bah,Vidisha,Ganga,Yamuna,23.704166666666666,77.68555555555555,440965166,4,2026-08-13T06:00:00+00:00,2,83.5,0,Linked live river forecast reach,270.34338286474576
MP0222_Bah,Bah,Vidisha,Ganga,Yamuna,23.704166666666666,77.68555555555555,440965166,4,2026-08-13T09:00:00+00:00,2,85.0,0,Linked live river forecast reach,270.34338286474576
MP0222_Bah,Bah,Vidisha,Ganga,Yamuna,23.704166666666666,77.68555555555555,440965166,4,2026-08-13T12:00:00+00:00,2,84.4,0,Linked live river forecast reach,270.34338286474576
MP0222_Bah,Bah,Vidisha,Ganga,Yamuna,23.704166666666666,77.68555555555555,440965166,4,2026-08-13T15:00:00+00:00,3,80.2,0,Linked live river forecast reach,270.34338286474576
MP0222_Bah,Bah,Vidisha,Ganga,Yamuna,23.704166666666666,77.68555555555555,440965166,4,2026-08-13T18:00:00+00:00,3,73.9,0,Linked live river forecast reach,270.34338286474576
MP0222_Bah,Bah,Vidisha,Ganga,Yamuna,23.704166666666666,77.68555555555555,440965166,4,2026-08-13T21:00:00+00:00,3,67.1,0,Linked live river forecast reach,270.34338286474576
MP0222_Bah,Bah,Vidisha,Ganga,Yamuna,23.704166666666666,77.68555555555555,440965166,4,2026-08-14T00:00:00+00:00,3,61.3,0,Linked live river forecast reach,270.34338286474576
MP0222_Bah,Bah,Vidisha,Ganga,Yamuna,23.704166666666666,77.68555555555555,440965166,4,2026-08-14T03:00:00+00:00,3,59.0,0,Linked live river forecast reach,270.34338286474576
MP0222_Bah,Bah,Vidisha,Ganga,Yamuna,23.704166666666666,77.68555555555555,440965166,4,2026-08-14T06:00:00+00:00,3,57.2,0,Linked live river forecast reach,270.34338286474576
MP0222_Bah,Bah,Vidisha,Ganga,Yamuna,23.704166666666666,77.68555555555555,440965166,4,2026-08-14T09:00:00+00:00,3,53.5,0,Linked live river forecast reach,270.34338286474576
MP0222_Bah,Bah,Vidisha,Ganga,Yamuna,23.704166666666666,77.68555555555555,440965166,4,2026-08-14T12:00:00+00:00,3,50.7,0,Linked live river forecast reach,270.34338286474576
MP0222_Bah,Bah,Vidisha,Ganga,Yamuna,23.704166666666666,77.68555555555555,440965166,4,2026-08-14T15:00:00+00:00,4,49.1,0,Linked live river forecast reach,270.34338286474576
MP0222_Bah,Bah,Vidisha,Ganga,Yamuna,23.704166666666666,77.68555555555555,440965166,4,2026-08-14T18:00:00+00:00,4,47.7,0,Linked live river forecast reach,270.34338286474576
MP0222_Bah,Bah,Vidisha,Ganga,Yamuna,23.704166666666666,77.68555555555555,440965166,4,2026-08-14T21:00:00+00:00,4,47.6,0,Linked live river forecast reach,270.34338286474576
MP0222_Bah,Bah,Vidisha,Ganga,Yamuna,23.704166666666666,77.68555555555555,440965166,4,2026-08-15T00:00:00+00:00,4,50.3,0,Linked live river forecast reach,270.34338286474576
MP0222_Bah,Bah,Vidisha,Ganga,Yamuna,23.704166666666666,77.68555555555555,440965166,4,2026-08-15T03:00:00+00:00,4,56.0,0,Linked live river forecast reach,270.34338286474576
MP0222_Bah,Bah,Vidisha,Ganga,Yamuna,23.704166666666666,77.68555555555555,440965166,4,2026-08-15T06:00:00+00:00,4,63.6,0,Linked live river forecast reach,270.34338286474576
MP0222_Bah,Bah,Vidisha,Ganga,Yamuna,23.704166666666666,77.68555555555555,440965166,4,2026-08-15T09:00:00+00:00,4,70.6,0,Linked live river forecast reach,270.34338286474576
MP0222_Bah,Bah,Vidisha,Ganga,Yamuna,23.704166666666666,77.68555555555555,440965166,4,2026-08-15T12:00:00+00:00,4,73.5,0,Linked live river forecast reach,270.34338286474576
MP0222_Bah,Bah,Vidisha,Ganga,Yamuna,23.704166666666666,77.68555555555555,440965166,4,2026-08-15T15:00:00+00:00,5,72.3,0,Linked live river forecast reach,270.34338286474576
MP0222_Bah,Bah,Vidisha,Ganga,Yamuna,23.704166666666666,77.68555555555555,440965166,4,2026-08-15T18:00:00+00:00,5,70.8,0,Linked live river forecast reach,270.34338286474576
MP0222_Bah,Bah,Vidisha,Ganga,Yamuna,23.704166666666666,77.68555555555555,440965166,4,2026-08-15T21:00:00+00:00,5,71.2,0,Linked live river forecast reach,270.34338286474576
MP0222_Bah,Bah,Vidisha,Ganga,Yamuna,23.704166666666666,77.68555555555555,440965166,4,2026-08-16T00:00:00+00:00,5,72.2,0,Linked live river forecast reach,270.34338286474576
MP0222_Bah,Bah,Vidisha,Ganga,Yamuna,23.704166666666666,77.68555555555555,440965166,4,2026-08-16T03:00:00+00:00,5,74.1,0,Linked live river forecast reach,270.34338286474576
MP0222_Bah,Bah,Vidisha,Ganga,Yamuna,23.704166666666666,77.68555555555555,440965166,4,2026-08-16T06:00:00+00:00,5,75.2,0,Linked live river forecast reach,270.34338286474576
MP0222_Bah,Bah,Vidisha,Ganga,Yamuna,23.704166666666666,77.68555555555555,440965166,4,2026-08-16T09:00:00+00:00,5,74.3,0,Linked live river forecast reach,270.34338286474576
MP0222_Bah,Bah,Vidisha,Ganga,Yamuna,23.704166666666666,77.68555555555555,440965166,4,2026-08-16T12:00:00+00:00,5,73.5,0,Linked live river forecast reach,270.34338286474576
MP0222_Bah,Bah,Vidisha,Ganga,Yamuna,23.704166666666666,77.68555555555555,440965166,4,2026-08-16T15:00:00+00:00,6,73.8,0,Linked live river forecast reach,270.34338286474576
MP0222_Bah,Bah,Vidisha,Ganga,Yamuna,23.704166666666666,77.68555555555555,440965166,4,2026-08-16T18:00:00+00:00,6,74.6,0,Linked live river forecast reach,270.34338286474576
MP0222_Bah,Bah,Vidisha,Ganga,Yamuna,23.704166666666666,77.68555555555555,440965166,4,2026-08-16T21:00:00+00:00,6,78.1,0,Linked live river forecast reach,270.34338286474576
MP0222_Bah,Bah,Vidisha,Ganga,Yamuna,23.704166666666666,77.68555555555555,440965166,4,2026-08-17T00:00:00+00:00,6,86.4,0,Linked live river forecast reach,270.34338286474576
MP0222_Bah,Bah,Vidisha,Ganga,Yamuna,23.704166666666666,77.68555555555555,440965166,4,2026-08-17T03:00:00+00:00,6,95.5,0,Linked live river forecast reach,270.34338286474576
MP0222_Bah,Bah,Vidisha,Ganga,Yamuna,23.704166666666666,77.68555555555555,440965166,4,2026-08-17T06:00:00+00:00,6,102.7,0,Linked live river forecast reach,270.34338286474576
MP0222_Bah,Bah,Vidisha,Ganga,Yamuna,23.704166666666666,77.68555555555555,440965166,4,2026-08-17T09:00:00+00:00,6,111.9,0,Linked live river forecast reach,270.34338286474576
MP0222_Bah,Bah,Vidisha,Ganga,Yamuna,23.704166666666666,77.68555555555555,440965166,4,2026-08-17T12:00:00+00:00,6,121.7,0,Linked live river forecast reach,270.34338286474576
MP0222_Bah,Bah,Vidisha,Ganga,Yamuna,23.704166666666666,77.68555555555555,440965166,4,2026-08-17T15:00:00+00:00,7,125.4,0,Linked live river forecast reach,270.34338286474576
MP0223_Saggr,Saggar,Vidisha,Ganga,Yamuna,23.912222222222223,77.65666666666667,440872965,4,2026-08-10T15:00:00+00:00,0,82.9,0,Linked live river forecast reach,0.35292202699929476
MP0224_Udpur,Udaipura,Vidisha,Ganga,Yamuna,24.04611111111111,77.955,440954143,3,2026-08-10T15:00:00+00:00,0,45.5,0,Linked live river forecast reach,108.631936077345
MP0224_Udpur,Udaipura,Vidisha,Ganga,Yamuna,24.04611111111111,77.955,440954143,3,2026-08-10T18:00:00+00:00,0,40.6,0,Linked live river forecast reach,108.631936077345
MP0224_Udpur,Udaipura,Vidisha,Ganga,Yamuna,24.04611111111111,77.955,440954143,3,2026-08-10T21:00:00+00:00,0,34.9,0,Linked live river forecast reach,108.631936077345
MP0224_Udpur,Udaipura,Vidisha,Ganga,Yamuna,24.04611111111111,77.955,440954143,3,2026-08-11T00:00:00+00:00,0,29.2,0,Linked live river forecast reach,108.631936077345
MP0224_Udpur,Udaipura,Vidisha,Ganga,Yamuna,24.04611111111111,77.955,440954143,3,2026-08-11T03:00:00+00:00,0,25.2,0,Linked live river forecast reach,108.631936077345
MP0224_Udpur,Udaipura,Vidisha,Ganga,Yamuna,24.04611111111111,77.955,440954143,3,2026-08-11T06:00:00+00:00,0,20.6,0,Linked live river forecast reach,108.631936077345
MP0224_Udpur,Udaipura,Vidisha,Ganga,Yamuna,24.04611111111111,77.955,440954143,3,2026-08-11T09:00:00+00:00,0,15.8,0,Linked live river forecast reach,108.631936077345
MP0224_Udpur,Udaipura,Vidisha,Ganga,Yamuna,24.04611111111111,77.955,440954143,3,2026-08-11T12:00:00+00:00,0,12.9,0,Linked live river forecast reach,108.631936077345
MP0224_Udpur,Udaipura,Vidisha,Ganga,Yamuna,24.04611111111111,77.955,440954143,3,2026-08-11T15:00:00+00:00,1,13.1,0,Linked live river forecast reach,108.631936077345
MP0224_Udpur,Udaipura,Vidisha,Ganga,Yamuna,24.04611111111111,77.955,440954143,3,2026-08-11T18:00:00+00:00,1,14.4,0,Linked live river forecast reach,108.631936077345
MP0224_Udpur,Udaipura,Vidisha,Ganga,Yamuna,24.04611111111111,77.955,440954143,3,2026-08-11T21:00:00+00:00,1,15.2,0,Linked live river forecast reach,108.631936077345
MP0224_Udpur,Udaipura,Vidisha,Ganga,Yamuna,24.04611111111111,77.955,440954143,3,2026-08-12T00:00:00+00:00,1,15.0,0,Linked live river forecast reach,108.631936077345
MP0224_Udpur,Udaipura,Vidisha,Ganga,Yamuna,24.04611111111111,77.955,440954143,3,2026-08-12T03:00:00+00:00,1,13.8,0,Linked live river forecast reach,108.631936077345
MP0224_Udpur,Udaipura,Vidisha,Ganga,Yamuna,24.04611111111111,77.955,440954143,3,2026-08-12T06:00:00+00:00,1,12.2,0,Linked live river forecast reach,108.631936077345
MP0224_Udpur,Udaipura,Vidisha,Ganga,Yamuna,24.04611111111111,77.955,440954143,3,2026-08-12T09:00:00+00:00,1,10.8,0,Linked live river forecast reach,108.631936077345
MP0224_Udpur,Udaipura,Vidisha,Ganga,Yamuna,24.04611111111111,77.955,440954143,3,2026-08-12T12:00:00+00:00,1,10.6,0,Linked live river forecast reach,108.631936077345
MP0224_Udpur,Udaipura,Vidisha,Ganga,Yamuna,24.04611111111111,77.955,440954143,3,2026-08-12T15:00:00+00:00,2,12.0,0,Linked live river forecast reach,108.631936077345
MP0224_Udpur,Udaipura,Vidisha,Ganga,Yamuna,24.04611111111111,77.955,440954143,3,2026-08-12T18:00:00+00:00,2,13.3,0,Linked live river forecast reach,108.631936077345
MP0224_Udpur,Udaipura,Vidisha,Ganga,Yamuna,24.04611111111111,77.955,440954143,3,2026-08-12T21:00:00+00:00,2,12.7,0,Linked live river forecast reach,108.631936077345
MP0224_Udpur,Udaipura,Vidisha,Ganga,Yamuna,24.04611111111111,77.955,440954143,3,2026-08-13T00:00:00+00:00,2,11.2,0,Linked live river forecast reach,108.631936077345
MP0224_Udpur,Udaipura,Vidisha,Ganga,Yamuna,24.04611111111111,77.955,440954143,3,2026-08-13T03:00:00+00:00,2,10.2,0,Linked live river forecast reach,108.631936077345
MP0224_Udpur,Udaipura,Vidisha,Ganga,Yamuna,24.04611111111111,77.955,440954143,3,2026-08-13T06:00:00+00:00,2,9.6,0,Linked live river forecast reach,108.631936077345
MP0224_Udpur,Udaipura,Vidisha,Ganga,Yamuna,24.04611111111111,77.955,440954143,3,2026-08-13T09:00:00+00:00,2,8.8,0,Linked live river forecast reach,108.631936077345
MP0224_Udpur,Udaipura,Vidisha,Ganga,Yamuna,24.04611111111111,77.955,440954143,3,2026-08-13T12:00:00+00:00,2,8.8,0,Linked live river forecast reach,108.631936077345
MP0224_Udpur,Udaipura,Vidisha,Ganga,Yamuna,24.04611111111111,77.955,440954143,3,2026-08-13T15:00:00+00:00,3,10.1,0,Linked live river forecast reach,108.631936077345
MP0224_Udpur,Udaipura,Vidisha,Ganga,Yamuna,24.04611111111111,77.955,440954143,3,2026-08-13T18:00:00+00:00,3,11.7,0,Linked live river forecast reach,108.631936077345
MP0224_Udpur,Udaipura,Vidisha,Ganga,Yamuna,24.04611111111111,77.955,440954143,3,2026-08-13T21:00:00+00:00,3,12.1,0,Linked live river forecast reach,108.631936077345
MP0224_Udpur,Udaipura,Vidisha,Ganga,Yamuna,24.04611111111111,77.955,440954143,3,2026-08-14T00:00:00+00:00,3,11.2,0,Linked live river forecast reach,108.631936077345
MP0224_Udpur,Udaipura,Vidisha,Ganga,Yamuna,24.04611111111111,77.955,440954143,3,2026-08-14T03:00:00+00:00,3,10.9,0,Linked live river forecast reach,108.631936077345
MP0224_Udpur,Udaipura,Vidisha,Ganga,Yamuna,24.04611111111111,77.955,440954143,3,2026-08-14T06:00:00+00:00,3,11.4,0,Linked live river forecast reach,108.631936077345
MP0224_Udpur,Udaipura,Vidisha,Ganga,Yamuna,24.04611111111111,77.955,440954143,3,2026-08-14T09:00:00+00:00,3,12.1,0,Linked live river forecast reach,108.631936077345
MP0224_Udpur,Udaipura,Vidisha,Ganga,Yamuna,24.04611111111111,77.955,440954143,3,2026-08-14T12:00:00+00:00,3,12.4,0,Linked live river forecast reach,108.631936077345
MP0224_Udpur,Udaipura,Vidisha,Ganga,Yamuna,24.04611111111111,77.955,440954143,3,2026-08-14T15:00:00+00:00,4,13.0,0,Linked live river forecast reach,108.631936077345
MP0224_Udpur,Udaipura,Vidisha,Ganga,Yamuna,24.04611111111111,77.955,440954143,3,2026-08-14T18:00:00+00:00,4,14.6,0,Linked live river forecast reach,108.631936077345
MP0224_Udpur,Udaipura,Vidisha,Ganga,Yamuna,24.04611111111111,77.955,440954143,3,2026-08-14T21:00:00+00:00,4,16.1,0,Linked live river forecast reach,108.631936077345
MP0224_Udpur,Udaipura,Vidisha,Ganga,Yamuna,24.04611111111111,77.955,440954143,3,2026-08-15T00:00:00+00:00,4,16.4,0,Linked live river forecast reach,108.631936077345
MP0224_Udpur,Udaipura,Vidisha,Ganga,Yamuna,24.04611111111111,77.955,440954143,3,2026-08-15T03:00:00+00:00,4,17.0,0,Linked live river forecast reach,108.631936077345
MP0224_Udpur,Udaipura,Vidisha,Ganga,Yamuna,24.04611111111111,77.955,440954143,3,2026-08-15T06:00:00+00:00,4,19.9,0,Linked live river forecast reach,108.631936077345
MP0224_Udpur,Udaipura,Vidisha,Ganga,Yamuna,24.04611111111111,77.955,440954143,3,2026-08-15T09:00:00+00:00,4,26.1,0,Linked live river forecast reach,108.631936077345
MP0224_Udpur,Udaipura,Vidisha,Ganga,Yamuna,24.04611111111111,77.955,440954143,3,2026-08-15T12:00:00+00:00,4,32.9,0,Linked live river forecast reach,108.631936077345
MP0224_Udpur,Udaipura,Vidisha,Ganga,Yamuna,24.04611111111111,77.955,440954143,3,2026-08-15T15:00:00+00:00,5,37.4,0,Linked live river forecast reach,108.631936077345
MP0224_Udpur,Udaipura,Vidisha,Ganga,Yamuna,24.04611111111111,77.955,440954143,3,2026-08-15T18:00:00+00:00,5,42.3,0,Linked live river forecast reach,108.631936077345
MP0224_Udpur,Udaipura,Vidisha,Ganga,Yamuna,24.04611111111111,77.955,440954143,3,2026-08-15T21:00:00+00:00,5,49.1,0,Linked live river forecast reach,108.631936077345
MP0224_Udpur,Udaipura,Vidisha,Ganga,Yamuna,24.04611111111111,77.955,440954143,3,2026-08-16T00:00:00+00:00,5,52.2,0,Linked live river forecast reach,108.631936077345
MP0224_Udpur,Udaipura,Vidisha,Ganga,Yamuna,24.04611111111111,77.955,440954143,3,2026-08-16T03:00:00+00:00,5,48.0,0,Linked live river forecast reach,108.631936077345
MP0224_Udpur,Udaipura,Vidisha,Ganga,Yamuna,24.04611111111111,77.955,440954143,3,2026-08-16T06:00:00+00:00,5,41.9,0,Linked live river forecast reach,108.631936077345
MP0224_Udpur,Udaipura,Vidisha,Ganga,Yamuna,24.04611111111111,77.955,440954143,3,2026-08-16T09:00:00+00:00,5,36.2,0,Linked live river forecast reach,108.631936077345
MP0224_Udpur,Udaipura,Vidisha,Ganga,Yamuna,24.04611111111111,77.955,440954143,3,2026-08-16T12:00:00+00:00,5,31.0,0,Linked live river forecast reach,108.631936077345
MP0224_Udpur,Udaipura,Vidisha,Ganga,Yamuna,24.04611111111111,77.955,440954143,3,2026-08-16T15:00:00+00:00,6,26.6,0,Linked live river forecast reach,108.631936077345
MP0224_Udpur,Udaipura,Vidisha,Ganga,Yamuna,24.04611111111111,77.955,440954143,3,2026-08-16T18:00:00+00:00,6,22.8,0,Linked live river forecast reach,108.631936077345
MP0224_Udpur,Udaipura,Vidisha,Ganga,Yamuna,24.04611111111111,77.955,440954143,3,2026-08-16T21:00:00+00:00,6,21.3,0,Linked live river forecast reach,108.631936077345
MP0224_Udpur,Udaipura,Vidisha,Ganga,Yamuna,24.04611111111111,77.955,440954143,3,2026-08-17T00:00:00+00:00,6,25.0,0,Linked live river forecast reach,108.631936077345
MP0224_Udpur,Udaipura,Vidisha,Ganga,Yamuna,24.04611111111111,77.955,440954143,3,2026-08-17T03:00:00+00:00,6,33.1,0,Linked live river forecast reach,108.631936077345
MP0224_Udpur,Udaipura,Vidisha,Ganga,Yamuna,24.04611111111111,77.955,440954143,3,2026-08-17T06:00:00+00:00,6,39.2,0,Linked live river forecast reach,108.631936077345
MP0224_Udpur,Udaipura,Vidisha,Ganga,Yamuna,24.04611111111111,77.955,440954143,3,2026-08-17T09:00:00+00:00,6,40.2,0,Linked live river forecast reach,108.631936077345
MP0224_Udpur,Udaipura,Vidisha,Ganga,Yamuna,24.04611111111111,77.955,440954143,3,2026-08-17T12:00:00+00:00,6,38.6,0,Linked live river forecast reach,108.631936077345
MP0224_Udpur,Udaipura,Vidisha,Ganga,Yamuna,24.04611111111111,77.955,440954143,3,2026-08-17T15:00:00+00:00,7,34.0,0,Linked live river forecast reach,108.631936077345
MP0225_Bishp,Bishanpur,Vidisha,Ganga,Yamuna,24.04611111111111,77.955,440954143,3,2026-08-10T15:00:00+00:00,0,45.5,0,Linked live river forecast reach,108.631936077345
MP0225_Bishp,Bishanpur,Vidisha,Ganga,Yamuna,24.04611111111111,77.955,440954143,3,2026-08-10T18:00:00+00:00,0,40.6,0,Linked live river forecast reach,108.631936077345
MP0225_Bishp,Bishanpur,Vidisha,Ganga,Yamuna,24.04611111111111,77.955,440954143,3,2026-08-10T21:00:00+00:00,0,34.9,0,Linked live river forecast reach,108.631936077345
MP0225_Bishp,Bishanpur,Vidisha,Ganga,Yamuna,24.04611111111111,77.955,440954143,3,2026-08-11T00:00:00+00:00,0,29.2,0,Linked live river forecast reach,108.631936077345
MP0225_Bishp,Bishanpur,Vidisha,Ganga,Yamuna,24.04611111111111,77.955,440954143,3,2026-08-11T03:00:00+00:00,0,25.2,0,Linked live river forecast reach,108.631936077345
MP0225_Bishp,Bishanpur,Vidisha,Ganga,Yamuna,24.04611111111111,77.955,440954143,3,2026-08-11T06:00:00+00:00,0,20.6,0,Linked live river forecast reach,108.631936077345
MP0225_Bishp,Bishanpur,Vidisha,Ganga,Yamuna,24.04611111111111,77.955,440954143,3,2026-08-11T09:00:00+00:00,0,15.8,0,Linked live river forecast reach,108.631936077345
MP0225_Bishp,Bishanpur,Vidisha,Ganga,Yamuna,24.04611111111111,77.955,440954143,3,2026-08-11T12:00:00+00:00,0,12.9,0,Linked live river forecast reach,108.631936077345
MP0225_Bishp,Bishanpur,Vidisha,Ganga,Yamuna,24.04611111111111,77.955,440954143,3,2026-08-11T15:00:00+00:00,1,13.1,0,Linked live river forecast reach,108.631936077345
MP0225_Bishp,Bishanpur,Vidisha,Ganga,Yamuna,24.04611111111111,77.955,440954143,3,2026-08-11T18:00:00+00:00,1,14.4,0,Linked live river forecast reach,108.631936077345
MP0225_Bishp,Bishanpur,Vidisha,Ganga,Yamuna,24.04611111111111,77.955,440954143,3,2026-08-11T21:00:00+00:00,1,15.2,0,Linked live river forecast reach,108.631936077345
MP0225_Bishp,Bishanpur,Vidisha,Ganga,Yamuna,24.04611111111111,77.955,440954143,3,2026-08-12T00:00:00+00:00,1,15.0,0,Linked live river forecast reach,108.631936077345
MP0225_Bishp,Bishanpur,Vidisha,Ganga,Yamuna,24.04611111111111,77.955,440954143,3,2026-08-12T03:00:00+00:00,1,13.8,0,Linked live river forecast reach,108.631936077345
MP0225_Bishp,Bishanpur,Vidisha,Ganga,Yamuna,24.04611111111111,77.955,440954143,3,2026-08-12T06:00:00+00:00,1,12.2,0,Linked live river forecast reach,108.631936077345
MP0225_Bishp,Bishanpur,Vidisha,Ganga,Yamuna,24.04611111111111,77.955,440954143,3,2026-08-12T09:00:00+00:00,1,10.8,0,Linked live river forecast reach,108.631936077345
MP0225_Bishp,Bishanpur,Vidisha,Ganga,Yamuna,24.04611111111111,77.955,440954143,3,2026-08-12T12:00:00+00:00,1,10.6,0,Linked live river forecast reach,108.631936077345
MP0225_Bishp,Bishanpur,Vidisha,Ganga,Yamuna,24.04611111111111,77.955,440954143,3,2026-08-12T15:00:00+00:00,2,12.0,0,Linked live river forecast reach,108.631936077345
MP0225_Bishp,Bishanpur,Vidisha,Ganga,Yamuna,24.04611111111111,77.955,440954143,3,2026-08-12T18:00:00+00:00,2,13.3,0,Linked live river forecast reach,108.631936077345
MP0225_Bishp,Bishanpur,Vidisha,Ganga,Yamuna,24.04611111111111,77.955,440954143,3,2026-08-12T21:00:00+00:00,2,12.7,0,Linked live river forecast reach,108.631936077345
MP0225_Bishp,Bishanpur,Vidisha,Ganga,Yamuna,24.04611111111111,77.955,440954143,3,2026-08-13T00:00:00+00:00,2,11.2,0,Linked live river forecast reach,108.631936077345
MP0225_Bishp,Bishanpur,Vidisha,Ganga,Yamuna,24.04611111111111,77.955,440954143,3,2026-08-13T03:00:00+00:00,2,10.2,0,Linked live river forecast reach,108.631936077345
MP0225_Bishp,Bishanpur,Vidisha,Ganga,Yamuna,24.04611111111111,77.955,440954143,3,2026-08-13T06:00:00+00:00,2,9.6,0,Linked live river forecast reach,108.631936077345
MP0225_Bishp,Bishanpur,Vidisha,Ganga,Yamuna,24.04611111111111,77.955,440954143,3,2026-08-13T09:00:00+00:00,2,8.8,0,Linked live river forecast reach,108.631936077345
MP0225_Bishp,Bishanpur,Vidisha,Ganga,Yamuna,24.04611111111111,77.955,440954143,3,2026-08-13T12:00:00+00:00,2,8.8,0,Linked live river forecast reach,108.631936077345
MP0225_Bishp,Bishanpur,Vidisha,Ganga,Yamuna,24.04611111111111,77.955,440954143,3,2026-08-13T15:00:00+00:00,3,10.1,0,Linked live river forecast reach,108.631936077345
MP0225_Bishp,Bishanpur,Vidisha,Ganga,Yamuna,24.04611111111111,77.955,440954143,3,2026-08-13T18:00:00+00:00,3,11.7,0,Linked live river forecast reach,108.631936077345
MP0225_Bishp,Bishanpur,Vidisha,Ganga,Yamuna,24.04611111111111,77.955,440954143,3,2026-08-13T21:00:00+00:00,3,12.1,0,Linked live river forecast reach,108.631936077345
MP0225_Bishp,Bishanpur,Vidisha,Ganga,Yamuna,24.04611111111111,77.955,440954143,3,2026-08-14T00:00:00+00:00,3,11.2,0,Linked live river forecast reach,108.631936077345
MP0225_Bishp,Bishanpur,Vidisha,Ganga,Yamuna,24.04611111111111,77.955,440954143,3,2026-08-14T03:00:00+00:00,3,10.9,0,Linked live river forecast reach,108.631936077345
MP0225_Bishp,Bishanpur,Vidisha,Ganga,Yamuna,24.04611111111111,77.955,440954143,3,2026-08-14T06:00:00+00:00,3,11.4,0,Linked live river forecast reach,108.631936077345
MP0225_Bishp,Bishanpur,Vidisha,Ganga,Yamuna,24.04611111111111,77.955,440954143,3,2026-08-14T09:00:00+00:00,3,12.1,0,Linked live river forecast reach,108.631936077345
MP0225_Bishp,Bishanpur,Vidisha,Ganga,Yamuna,24.04611111111111,77.955,440954143,3,2026-08-14T12:00:00+00:00,3,12.4,0,Linked live river forecast reach,108.631936077345
MP0225_Bishp,Bishanpur,Vidisha,Ganga,Yamuna,24.04611111111111,77.955,440954143,3,2026-08-14T15:00:00+00:00,4,13.0,0,Linked live river forecast reach,108.631936077345
MP0225_Bishp,Bishanpur,Vidisha,Ganga,Yamuna,24.04611111111111,77.955,440954143,3,2026-08-14T18:00:00+00:00,4,14.6,0,Linked live river forecast reach,108.631936077345
MP0225_Bishp,Bishanpur,Vidisha,Ganga,Yamuna,24.04611111111111,77.955,440954143,3,2026-08-14T21:00:00+00:00,4,16.1,0,Linked live river forecast reach,108.631936077345
MP0225_Bishp,Bishanpur,Vidisha,Ganga,Yamuna,24.04611111111111,77.955,440954143,3,2026-08-15T00:00:00+00:00,4,16.4,0,Linked live river forecast reach,108.631936077345
MP0225_Bishp,Bishanpur,Vidisha,Ganga,Yamuna,24.04611111111111,77.955,440954143,3,2026-08-15T03:00:00+00:00,4,17.0,0,Linked live river forecast reach,108.631936077345
MP0225_Bishp,Bishanpur,Vidisha,Ganga,Yamuna,24.04611111111111,77.955,440954143,3,2026-08-15T06:00:00+00:00,4,19.9,0,Linked live river forecast reach,108.631936077345
MP0225_Bishp,Bishanpur,Vidisha,Ganga,Yamuna,24.04611111111111,77.955,440954143,3,2026-08-15T09:00:00+00:00,4,26.1,0,Linked live river forecast reach,108.631936077345
MP0225_Bishp,Bishanpur,Vidisha,Ganga,Yamuna,24.04611111111111,77.955,440954143,3,2026-08-15T12:00:00+00:00,4,32.9,0,Linked live river forecast reach,108.631936077345
MP0225_Bishp,Bishanpur,Vidisha,Ganga,Yamuna,24.04611111111111,77.955,440954143,3,2026-08-15T15:00:00+00:00,5,37.4,0,Linked live river forecast reach,108.631936077345
MP0225_Bishp,Bishanpur,Vidisha,Ganga,Yamuna,24.04611111111111,77.955,440954143,3,2026-08-15T18:00:00+00:00,5,42.3,0,Linked live river forecast reach,108.631936077345
MP0225_Bishp,Bishanpur,Vidisha,Ganga,Yamuna,24.04611111111111,77.955,440954143,3,2026-08-15T21:00:00+00:00,5,49.1,0,Linked live river forecast reach,108.631936077345
MP0225_Bishp,Bishanpur,Vidisha,Ganga,Yamuna,24.04611111111111,77.955,440954143,3,2026-08-16T00:00:00+00:00,5,52.2,0,Linked live river forecast reach,108.631936077345
MP0225_Bishp,Bishanpur,Vidisha,Ganga,Yamuna,24.04611111111111,77.955,440954143,3,2026-08-16T03:00:00+00:00,5,48.0,0,Linked live river forecast reach,108.631936077345
MP0225_Bishp,Bishanpur,Vidisha,Ganga,Yamuna,24.04611111111111,77.955,440954143,3,2026-08-16T06:00:00+00:00,5,41.9,0,Linked live river forecast reach,108.631936077345
MP0225_Bishp,Bishanpur,Vidisha,Ganga,Yamuna,24.04611111111111,77.955,440954143,3,2026-08-16T09:00:00+00:00,5,36.2,0,Linked live river forecast reach,108.631936077345
MP0225_Bishp,Bishanpur,Vidisha,Ganga,Yamuna,24.04611111111111,77.955,440954143,3,2026-08-16T12:00:00+00:00,5,31.0,0,Linked live river forecast reach,108.631936077345
MP0225_Bishp,Bishanpur,Vidisha,Ganga,Yamuna,24.04611111111111,77.955,440954143,3,2026-08-16T15:00:00+00:00,6,26.6,0,Linked live river forecast reach,108.631936077345
MP0225_Bishp,Bishanpur,Vidisha,Ganga,Yamuna,24.04611111111111,77.955,440954143,3,2026-08-16T18:00:00+00:00,6,22.8,0,Linked live river forecast reach,108.631936077345
MP0225_Bishp,Bishanpur,Vidisha,Ganga,Yamuna,24.04611111111111,77.955,440954143,3,2026-08-16T21:00:00+00:00,6,21.3,0,Linked live river forecast reach,108.631936077345
MP0225_Bishp,Bishanpur,Vidisha,Ganga,Yamuna,24.04611111111111,77.955,440954143,3,2026-08-17T00:00:00+00:00,6,25.0,0,Linked live river forecast reach,108.631936077345
MP0225_Bishp,Bishanpur,Vidisha,Ganga,Yamuna,24.04611111111111,77.955,440954143,3,2026-08-17T03:00:00+00:00,6,33.1,0,Linked live river forecast reach,108.631936077345
MP0225_Bishp,Bishanpur,Vidisha,Ganga,Yamuna,24.04611111111111,77.955,440954143,3,2026-08-17T06:00:00+00:00,6,39.2,0,Linked live river forecast reach,108.631936077345
MP0225_Bishp,Bishanpur,Vidisha,Ganga,Yamuna,24.04611111111111,77.955,440954143,3,2026-08-17T09:00:00+00:00,6,40.2,0,Linked live river forecast reach,108.631936077345
MP0225_Bishp,Bishanpur,Vidisha,Ganga,Yamuna,24.04611111111111,77.955,440954143,3,2026-08-17T12:00:00+00:00,6,38.6,0,Linked live river forecast reach,108.631936077345
MP0225_Bishp,Bishanpur,Vidisha,Ganga,Yamuna,24.04611111111111,77.955,440954143,3,2026-08-17T15:00:00+00:00,7,34.0,0,Linked live river forecast reach,108.631936077345
MP0226_Bina,Bina,Vidisha,Ganga,Yamuna,24.15972222222222,78.06805555555556,441018810,5,2026-08-10T15:00:00+00:00,0,269.6,0,Linked live river forecast reach,141.92911470262334
MP0226_Bina,Bina,Vidisha,Ganga,Yamuna,24.15972222222222,78.06805555555556,441018810,5,2026-08-10T18:00:00+00:00,0,304.6,0,Linked live river forecast reach,141.92911470262334
MP0226_Bina,Bina,Vidisha,Ganga,Yamuna,24.15972222222222,78.06805555555556,441018810,5,2026-08-10T21:00:00+00:00,0,334.2,0,Linked live river forecast reach,141.92911470262334
MP0226_Bina,Bina,Vidisha,Ganga,Yamuna,24.15972222222222,78.06805555555556,441018810,5,2026-08-11T00:00:00+00:00,0,348.4,0,Linked live river forecast reach,141.92911470262334
MP0226_Bina,Bina,Vidisha,Ganga,Yamuna,24.15972222222222,78.06805555555556,441018810,5,2026-08-11T03:00:00+00:00,0,355.5,0,Linked live river forecast reach,141.92911470262334
MP0226_Bina,Bina,Vidisha,Ganga,Yamuna,24.15972222222222,78.06805555555556,441018810,5,2026-08-11T06:00:00+00:00,0,364.4,0,Linked live river forecast reach,141.92911470262334
MP0226_Bina,Bina,Vidisha,Ganga,Yamuna,24.15972222222222,78.06805555555556,441018810,5,2026-08-11T09:00:00+00:00,0,373.8,0,Linked live river forecast reach,141.92911470262334
MP0226_Bina,Bina,Vidisha,Ganga,Yamuna,24.15972222222222,78.06805555555556,441018810,5,2026-08-11T12:00:00+00:00,0,383.8,0,Linked live river forecast reach,141.92911470262334
MP0226_Bina,Bina,Vidisha,Ganga,Yamuna,24.15972222222222,78.06805555555556,441018810,5,2026-08-11T15:00:00+00:00,1,395.2,0,Linked live river forecast reach,141.92911470262334
MP0226_Bina,Bina,Vidisha,Ganga,Yamuna,24.15972222222222,78.06805555555556,441018810,5,2026-08-11T18:00:00+00:00,1,416.7,0,Linked live river forecast reach,141.92911470262334
MP0226_Bina,Bina,Vidisha,Ganga,Yamuna,24.15972222222222,78.06805555555556,441018810,5,2026-08-11T21:00:00+00:00,1,441.3,0,Linked live river forecast reach,141.92911470262334
MP0226_Bina,Bina,Vidisha,Ganga,Yamuna,24.15972222222222,78.06805555555556,441018810,5,2026-08-12T00:00:00+00:00,1,464.0,0,Linked live river forecast reach,141.92911470262334
MP0226_Bina,Bina,Vidisha,Ganga,Yamuna,24.15972222222222,78.06805555555556,441018810,5,2026-08-12T03:00:00+00:00,1,482.6,0,Linked live river forecast reach,141.92911470262334
MP0226_Bina,Bina,Vidisha,Ganga,Yamuna,24.15972222222222,78.06805555555556,441018810,5,2026-08-12T06:00:00+00:00,1,498.2,0,Linked live river forecast reach,141.92911470262334
MP0226_Bina,Bina,Vidisha,Ganga,Yamuna,24.15972222222222,78.06805555555556,441018810,5,2026-08-12T09:00:00+00:00,1,514.2,0,Linked live river forecast reach,141.92911470262334
MP0226_Bina,Bina,Vidisha,Ganga,Yamuna,24.15972222222222,78.06805555555556,441018810,5,2026-08-12T12:00:00+00:00,1,520.9,0,Linked live river forecast reach,141.92911470262334
MP0226_Bina,Bina,Vidisha,Ganga,Yamuna,24.15972222222222,78.06805555555556,441018810,5,2026-08-12T15:00:00+00:00,2,518.3,0,Linked live river forecast reach,141.92911470262334
MP0226_Bina,Bina,Vidisha,Ganga,Yamuna,24.15972222222222,78.06805555555556,441018810,5,2026-08-12T18:00:00+00:00,2,507.9,0,Linked live river forecast reach,141.92911470262334
MP0226_Bina,Bina,Vidisha,Ganga,Yamuna,24.15972222222222,78.06805555555556,441018810,5,2026-08-12T21:00:00+00:00,2,489.8,0,Linked live river forecast reach,141.92911470262334
MP0226_Bina,Bina,Vidisha,Ganga,Yamuna,24.15972222222222,78.06805555555556,441018810,5,2026-08-13T00:00:00+00:00,2,467.5,0,Linked live river forecast reach,141.92911470262334
MP0226_Bina,Bina,Vidisha,Ganga,Yamuna,24.15972222222222,78.06805555555556,441018810,5,2026-08-13T03:00:00+00:00,2,445.6,0,Linked live river forecast reach,141.92911470262334
MP0226_Bina,Bina,Vidisha,Ganga,Yamuna,24.15972222222222,78.06805555555556,441018810,5,2026-08-13T06:00:00+00:00,2,425.8,0,Linked live river forecast reach,141.92911470262334
MP0226_Bina,Bina,Vidisha,Ganga,Yamuna,24.15972222222222,78.06805555555556,441018810,5,2026-08-13T09:00:00+00:00,2,408.2,0,Linked live river forecast reach,141.92911470262334
MP0226_Bina,Bina,Vidisha,Ganga,Yamuna,24.15972222222222,78.06805555555556,441018810,5,2026-08-13T12:00:00+00:00,2,391.6,0,Linked live river forecast reach,141.92911470262334
MP0226_Bina,Bina,Vidisha,Ganga,Yamuna,24.15972222222222,78.06805555555556,441018810,5,2026-08-13T15:00:00+00:00,3,374.1,0,Linked live river forecast reach,141.92911470262334
MP0226_Bina,Bina,Vidisha,Ganga,Yamuna,24.15972222222222,78.06805555555556,441018810,5,2026-08-13T18:00:00+00:00,3,354.6,0,Linked live river forecast reach,141.92911470262334
MP0226_Bina,Bina,Vidisha,Ganga,Yamuna,24.15972222222222,78.06805555555556,441018810,5,2026-08-13T21:00:00+00:00,3,332.1,0,Linked live river forecast reach,141.92911470262334
MP0226_Bina,Bina,Vidisha,Ganga,Yamuna,24.15972222222222,78.06805555555556,441018810,5,2026-08-14T00:00:00+00:00,3,308.0,0,Linked live river forecast reach,141.92911470262334
MP0226_Bina,Bina,Vidisha,Ganga,Yamuna,24.15972222222222,78.06805555555556,441018810,5,2026-08-14T03:00:00+00:00,3,283.9,0,Linked live river forecast reach,141.92911470262334
MP0226_Bina,Bina,Vidisha,Ganga,Yamuna,24.15972222222222,78.06805555555556,441018810,5,2026-08-14T06:00:00+00:00,3,262.6,0,Linked live river forecast reach,141.92911470262334
MP0226_Bina,Bina,Vidisha,Ganga,Yamuna,24.15972222222222,78.06805555555556,441018810,5,2026-08-14T09:00:00+00:00,3,245.6,0,Linked live river forecast reach,141.92911470262334
MP0226_Bina,Bina,Vidisha,Ganga,Yamuna,24.15972222222222,78.06805555555556,441018810,5,2026-08-14T12:00:00+00:00,3,230.0,0,Linked live river forecast reach,141.92911470262334
MP0226_Bina,Bina,Vidisha,Ganga,Yamuna,24.15972222222222,78.06805555555556,441018810,5,2026-08-14T15:00:00+00:00,4,215.0,0,Linked live river forecast reach,141.92911470262334
MP0226_Bina,Bina,Vidisha,Ganga,Yamuna,24.15972222222222,78.06805555555556,441018810,5,2026-08-14T18:00:00+00:00,4,202.9,0,Linked live river forecast reach,141.92911470262334
MP0226_Bina,Bina,Vidisha,Ganga,Yamuna,24.15972222222222,78.06805555555556,441018810,5,2026-08-14T21:00:00+00:00,4,193.7,0,Linked live river forecast reach,141.92911470262334
MP0226_Bina,Bina,Vidisha,Ganga,Yamuna,24.15972222222222,78.06805555555556,441018810,5,2026-08-15T00:00:00+00:00,4,189.4,0,Linked live river forecast reach,141.92911470262334
MP0226_Bina,Bina,Vidisha,Ganga,Yamuna,24.15972222222222,78.06805555555556,441018810,5,2026-08-15T03:00:00+00:00,4,192.8,0,Linked live river forecast reach,141.92911470262334
MP0226_Bina,Bina,Vidisha,Ganga,Yamuna,24.15972222222222,78.06805555555556,441018810,5,2026-08-15T06:00:00+00:00,4,200.2,0,Linked live river forecast reach,141.92911470262334
MP0226_Bina,Bina,Vidisha,Ganga,Yamuna,24.15972222222222,78.06805555555556,441018810,5,2026-08-15T09:00:00+00:00,4,205.9,0,Linked live river forecast reach,141.92911470262334
MP0226_Bina,Bina,Vidisha,Ganga,Yamuna,24.15972222222222,78.06805555555556,441018810,5,2026-08-15T12:00:00+00:00,4,208.7,0,Linked live river forecast reach,141.92911470262334
MP0226_Bina,Bina,Vidisha,Ganga,Yamuna,24.15972222222222,78.06805555555556,441018810,5,2026-08-15T15:00:00+00:00,5,208.6,0,Linked live river forecast reach,141.92911470262334
MP0226_Bina,Bina,Vidisha,Ganga,Yamuna,24.15972222222222,78.06805555555556,441018810,5,2026-08-15T18:00:00+00:00,5,206.0,0,Linked live river forecast reach,141.92911470262334
MP0226_Bina,Bina,Vidisha,Ganga,Yamuna,24.15972222222222,78.06805555555556,441018810,5,2026-08-15T21:00:00+00:00,5,202.2,0,Linked live river forecast reach,141.92911470262334
MP0226_Bina,Bina,Vidisha,Ganga,Yamuna,24.15972222222222,78.06805555555556,441018810,5,2026-08-16T00:00:00+00:00,5,199.5,0,Linked live river forecast reach,141.92911470262334
MP0226_Bina,Bina,Vidisha,Ganga,Yamuna,24.15972222222222,78.06805555555556,441018810,5,2026-08-16T03:00:00+00:00,5,198.1,0,Linked live river forecast reach,141.92911470262334
MP0226_Bina,Bina,Vidisha,Ganga,Yamuna,24.15972222222222,78.06805555555556,441018810,5,2026-08-16T06:00:00+00:00,5,196.3,0,Linked live river forecast reach,141.92911470262334
MP0226_Bina,Bina,Vidisha,Ganga,Yamuna,24.15972222222222,78.06805555555556,441018810,5,2026-08-16T09:00:00+00:00,5,194.9,0,Linked live river forecast reach,141.92911470262334
MP0226_Bina,Bina,Vidisha,Ganga,Yamuna,24.15972222222222,78.06805555555556,441018810,5,2026-08-16T12:00:00+00:00,5,192.5,0,Linked live river forecast reach,141.92911470262334
MP0226_Bina,Bina,Vidisha,Ganga,Yamuna,24.15972222222222,78.06805555555556,441018810,5,2026-08-16T15:00:00+00:00,6,188.6,0,Linked live river forecast reach,141.92911470262334
MP0226_Bina,Bina,Vidisha,Ganga,Yamuna,24.15972222222222,78.06805555555556,441018810,5,2026-08-16T18:00:00+00:00,6,184.8,0,Linked live river forecast reach,141.92911470262334
MP0226_Bina,Bina,Vidisha,Ganga,Yamuna,24.15972222222222,78.06805555555556,441018810,5,2026-08-16T21:00:00+00:00,6,180.6,0,Linked live river forecast reach,141.92911470262334
MP0226_Bina,Bina,Vidisha,Ganga,Yamuna,24.15972222222222,78.06805555555556,441018810,5,2026-08-17T00:00:00+00:00,6,178.0,0,Linked live river forecast reach,141.92911470262334
MP0226_Bina,Bina,Vidisha,Ganga,Yamuna,24.15972222222222,78.06805555555556,441018810,5,2026-08-17T03:00:00+00:00,6,179.2,0,Linked live river forecast reach,141.92911470262334
MP0226_Bina,Bina,Vidisha,Ganga,Yamuna,24.15972222222222,78.06805555555556,441018810,5,2026-08-17T06:00:00+00:00,6,183.5,0,Linked live river forecast reach,141.92911470262334
MP0226_Bina,Bina,Vidisha,Ganga,Yamuna,24.15972222222222,78.06805555555556,441018810,5,2026-08-17T09:00:00+00:00,6,188.7,0,Linked live river forecast reach,141.92911470262334
MP0226_Bina,Bina,Vidisha,Ganga,Yamuna,24.15972222222222,78.06805555555556,441018810,5,2026-08-17T12:00:00+00:00,6,193.4,0,Linked live river forecast reach,141.92911470262334
MP0226_Bina,Bina,Vidisha,Ganga,Yamuna,24.15972222222222,78.06805555555556,441018810,5,2026-08-17T15:00:00+00:00,7,196.9,0,Linked live river forecast reach,141.92911470262334
MP0226_Rahtg,Rahatgarh,Sagar,Ganga,Yamuna,23.798333333333332,78.39805555555556,440954154,5,2026-08-10T15:00:00+00:00,0,232.9,0,Linked live river forecast reach,232.7881569439649
MP0226_Rahtg,Rahatgarh,Sagar,Ganga,Yamuna,23.798333333333332,78.39805555555556,440954154,5,2026-08-10T18:00:00+00:00,0,262.6,0,Linked live river forecast reach,232.7881569439649
MP0226_Rahtg,Rahatgarh,Sagar,Ganga,Yamuna,23.798333333333332,78.39805555555556,440954154,5,2026-08-10T21:00:00+00:00,0,280.5,0,Linked live river forecast reach,232.7881569439649
MP0226_Rahtg,Rahatgarh,Sagar,Ganga,Yamuna,23.798333333333332,78.39805555555556,440954154,5,2026-08-11T00:00:00+00:00,0,285.9,0,Linked live river forecast reach,232.7881569439649
MP0226_Rahtg,Rahatgarh,Sagar,Ganga,Yamuna,23.798333333333332,78.39805555555556,440954154,5,2026-08-11T03:00:00+00:00,0,276.9,0,Linked live river forecast reach,232.7881569439649
MP0226_Rahtg,Rahatgarh,Sagar,Ganga,Yamuna,23.798333333333332,78.39805555555556,440954154,5,2026-08-11T06:00:00+00:00,0,244.3,0,Linked live river forecast reach,232.7881569439649
MP0226_Rahtg,Rahatgarh,Sagar,Ganga,Yamuna,23.798333333333332,78.39805555555556,440954154,5,2026-08-11T09:00:00+00:00,0,198.2,0,Linked live river forecast reach,232.7881569439649
MP0226_Rahtg,Rahatgarh,Sagar,Ganga,Yamuna,23.798333333333332,78.39805555555556,440954154,5,2026-08-11T12:00:00+00:00,0,156.9,0,Linked live river forecast reach,232.7881569439649
MP0226_Rahtg,Rahatgarh,Sagar,Ganga,Yamuna,23.798333333333332,78.39805555555556,440954154,5,2026-08-11T15:00:00+00:00,1,125.6,0,Linked live river forecast reach,232.7881569439649
MP0226_Rahtg,Rahatgarh,Sagar,Ganga,Yamuna,23.798333333333332,78.39805555555556,440954154,5,2026-08-11T18:00:00+00:00,1,101.4,0,Linked live river forecast reach,232.7881569439649
MP0226_Rahtg,Rahatgarh,Sagar,Ganga,Yamuna,23.798333333333332,78.39805555555556,440954154,5,2026-08-11T21:00:00+00:00,1,84.2,0,Linked live river forecast reach,232.7881569439649
MP0226_Rahtg,Rahatgarh,Sagar,Ganga,Yamuna,23.798333333333332,78.39805555555556,440954154,5,2026-08-12T00:00:00+00:00,1,74.7,0,Linked live river forecast reach,232.7881569439649
MP0226_Rahtg,Rahatgarh,Sagar,Ganga,Yamuna,23.798333333333332,78.39805555555556,440954154,5,2026-08-12T03:00:00+00:00,1,70.2,0,Linked live river forecast reach,232.7881569439649
MP0226_Rahtg,Rahatgarh,Sagar,Ganga,Yamuna,23.798333333333332,78.39805555555556,440954154,5,2026-08-12T06:00:00+00:00,1,68.0,0,Linked live river forecast reach,232.7881569439649
MP0226_Rahtg,Rahatgarh,Sagar,Ganga,Yamuna,23.798333333333332,78.39805555555556,440954154,5,2026-08-12T09:00:00+00:00,1,69.1,0,Linked live river forecast reach,232.7881569439649
MP0226_Rahtg,Rahatgarh,Sagar,Ganga,Yamuna,23.798333333333332,78.39805555555556,440954154,5,2026-08-12T12:00:00+00:00,1,74.7,0,Linked live river forecast reach,232.7881569439649
MP0226_Rahtg,Rahatgarh,Sagar,Ganga,Yamuna,23.798333333333332,78.39805555555556,440954154,5,2026-08-12T15:00:00+00:00,2,79.3,0,Linked live river forecast reach,232.7881569439649
MP0226_Rahtg,Rahatgarh,Sagar,Ganga,Yamuna,23.798333333333332,78.39805555555556,440954154,5,2026-08-12T18:00:00+00:00,2,77.2,0,Linked live river forecast reach,232.7881569439649
MP0226_Rahtg,Rahatgarh,Sagar,Ganga,Yamuna,23.798333333333332,78.39805555555556,440954154,5,2026-08-12T21:00:00+00:00,2,73.2,0,Linked live river forecast reach,232.7881569439649
MP0226_Rahtg,Rahatgarh,Sagar,Ganga,Yamuna,23.798333333333332,78.39805555555556,440954154,5,2026-08-13T00:00:00+00:00,2,71.3,0,Linked live river forecast reach,232.7881569439649
MP0226_Rahtg,Rahatgarh,Sagar,Ganga,Yamuna,23.798333333333332,78.39805555555556,440954154,5,2026-08-13T03:00:00+00:00,2,69.2,0,Linked live river forecast reach,232.7881569439649
MP0226_Rahtg,Rahatgarh,Sagar,Ganga,Yamuna,23.798333333333332,78.39805555555556,440954154,5,2026-08-13T06:00:00+00:00,2,66.6,0,Linked live river forecast reach,232.7881569439649
MP0226_Rahtg,Rahatgarh,Sagar,Ganga,Yamuna,23.798333333333332,78.39805555555556,440954154,5,2026-08-13T09:00:00+00:00,2,65.9,0,Linked live river forecast reach,232.7881569439649
MP0226_Rahtg,Rahatgarh,Sagar,Ganga,Yamuna,23.798333333333332,78.39805555555556,440954154,5,2026-08-13T12:00:00+00:00,2,69.7,0,Linked live river forecast reach,232.7881569439649
MP0226_Rahtg,Rahatgarh,Sagar,Ganga,Yamuna,23.798333333333332,78.39805555555556,440954154,5,2026-08-13T15:00:00+00:00,3,76.1,0,Linked live river forecast reach,232.7881569439649
MP0226_Rahtg,Rahatgarh,Sagar,Ganga,Yamuna,23.798333333333332,78.39805555555556,440954154,5,2026-08-13T18:00:00+00:00,3,81.7,0,Linked live river forecast reach,232.7881569439649
MP0226_Rahtg,Rahatgarh,Sagar,Ganga,Yamuna,23.798333333333332,78.39805555555556,440954154,5,2026-08-13T21:00:00+00:00,3,86.8,0,Linked live river forecast reach,232.7881569439649
MP0226_Rahtg,Rahatgarh,Sagar,Ganga,Yamuna,23.798333333333332,78.39805555555556,440954154,5,2026-08-14T00:00:00+00:00,3,92.7,0,Linked live river forecast reach,232.7881569439649
MP0226_Rahtg,Rahatgarh,Sagar,Ganga,Yamuna,23.798333333333332,78.39805555555556,440954154,5,2026-08-14T03:00:00+00:00,3,95.6,0,Linked live river forecast reach,232.7881569439649
MP0226_Rahtg,Rahatgarh,Sagar,Ganga,Yamuna,23.798333333333332,78.39805555555556,440954154,5,2026-08-14T06:00:00+00:00,3,93.3,0,Linked live river forecast reach,232.7881569439649
MP0226_Rahtg,Rahatgarh,Sagar,Ganga,Yamuna,23.798333333333332,78.39805555555556,440954154,5,2026-08-14T09:00:00+00:00,3,87.6,0,Linked live river forecast reach,232.7881569439649
MP0226_Rahtg,Rahatgarh,Sagar,Ganga,Yamuna,23.798333333333332,78.39805555555556,440954154,5,2026-08-14T12:00:00+00:00,3,80.5,0,Linked live river forecast reach,232.7881569439649
MP0226_Rahtg,Rahatgarh,Sagar,Ganga,Yamuna,23.798333333333332,78.39805555555556,440954154,5,2026-08-14T15:00:00+00:00,4,72.5,0,Linked live river forecast reach,232.7881569439649
MP0226_Rahtg,Rahatgarh,Sagar,Ganga,Yamuna,23.798333333333332,78.39805555555556,440954154,5,2026-08-14T18:00:00+00:00,4,65.3,0,Linked live river forecast reach,232.7881569439649
MP0226_Rahtg,Rahatgarh,Sagar,Ganga,Yamuna,23.798333333333332,78.39805555555556,440954154,5,2026-08-14T21:00:00+00:00,4,62.4,0,Linked live river forecast reach,232.7881569439649
MP0226_Rahtg,Rahatgarh,Sagar,Ganga,Yamuna,23.798333333333332,78.39805555555556,440954154,5,2026-08-15T00:00:00+00:00,4,62.8,0,Linked live river forecast reach,232.7881569439649
MP0226_Rahtg,Rahatgarh,Sagar,Ganga,Yamuna,23.798333333333332,78.39805555555556,440954154,5,2026-08-15T03:00:00+00:00,4,63.6,0,Linked live river forecast reach,232.7881569439649
MP0226_Rahtg,Rahatgarh,Sagar,Ganga,Yamuna,23.798333333333332,78.39805555555556,440954154,5,2026-08-15T06:00:00+00:00,4,66.5,0,Linked live river forecast reach,232.7881569439649
MP0226_Rahtg,Rahatgarh,Sagar,Ganga,Yamuna,23.798333333333332,78.39805555555556,440954154,5,2026-08-15T09:00:00+00:00,4,72.1,0,Linked live river forecast reach,232.7881569439649
MP0226_Rahtg,Rahatgarh,Sagar,Ganga,Yamuna,23.798333333333332,78.39805555555556,440954154,5,2026-08-15T12:00:00+00:00,4,81.8,0,Linked live river forecast reach,232.7881569439649
MP0226_Rahtg,Rahatgarh,Sagar,Ganga,Yamuna,23.798333333333332,78.39805555555556,440954154,5,2026-08-15T15:00:00+00:00,5,90.7,0,Linked live river forecast reach,232.7881569439649
MP0226_Rahtg,Rahatgarh,Sagar,Ganga,Yamuna,23.798333333333332,78.39805555555556,440954154,5,2026-08-15T18:00:00+00:00,5,92.9,0,Linked live river forecast reach,232.7881569439649
MP0226_Rahtg,Rahatgarh,Sagar,Ganga,Yamuna,23.798333333333332,78.39805555555556,440954154,5,2026-08-15T21:00:00+00:00,5,93.8,0,Linked live river forecast reach,232.7881569439649
MP0226_Rahtg,Rahatgarh,Sagar,Ganga,Yamuna,23.798333333333332,78.39805555555556,440954154,5,2026-08-16T00:00:00+00:00,5,96.5,0,Linked live river forecast reach,232.7881569439649
MP0226_Rahtg,Rahatgarh,Sagar,Ganga,Yamuna,23.798333333333332,78.39805555555556,440954154,5,2026-08-16T03:00:00+00:00,5,101.5,0,Linked live river forecast reach,232.7881569439649
MP0226_Rahtg,Rahatgarh,Sagar,Ganga,Yamuna,23.798333333333332,78.39805555555556,440954154,5,2026-08-16T06:00:00+00:00,5,110.1,0,Linked live river forecast reach,232.7881569439649
MP0226_Rahtg,Rahatgarh,Sagar,Ganga,Yamuna,23.798333333333332,78.39805555555556,440954154,5,2026-08-16T09:00:00+00:00,5,121.1,0,Linked live river forecast reach,232.7881569439649
MP0226_Rahtg,Rahatgarh,Sagar,Ganga,Yamuna,23.798333333333332,78.39805555555556,440954154,5,2026-08-16T12:00:00+00:00,5,135.1,0,Linked live river forecast reach,232.7881569439649
MP0226_Rahtg,Rahatgarh,Sagar,Ganga,Yamuna,23.798333333333332,78.39805555555556,440954154,5,2026-08-16T15:00:00+00:00,6,151.3,0,Linked live river forecast reach,232.7881569439649
MP0226_Rahtg,Rahatgarh,Sagar,Ganga,Yamuna,23.798333333333332,78.39805555555556,440954154,5,2026-08-16T18:00:00+00:00,6,166.3,0,Linked live river forecast reach,232.7881569439649
MP0226_Rahtg,Rahatgarh,Sagar,Ganga,Yamuna,23.798333333333332,78.39805555555556,440954154,5,2026-08-16T21:00:00+00:00,6,177.4,0,Linked live river forecast reach,232.7881569439649
MP0226_Rahtg,Rahatgarh,Sagar,Ganga,Yamuna,23.798333333333332,78.39805555555556,440954154,5,2026-08-17T00:00:00+00:00,6,184.3,0,Linked live river forecast reach,232.7881569439649
MP0226_Rahtg,Rahatgarh,Sagar,Ganga,Yamuna,23.798333333333332,78.39805555555556,440954154,5,2026-08-17T03:00:00+00:00,6,187.0,0,Linked live river forecast reach,232.7881569439649
MP0226_Rahtg,Rahatgarh,Sagar,Ganga,Yamuna,23.798333333333332,78.39805555555556,440954154,5,2026-08-17T06:00:00+00:00,6,183.5,0,Linked live river forecast reach,232.7881569439649
MP0226_Rahtg,Rahatgarh,Sagar,Ganga,Yamuna,23.798333333333332,78.39805555555556,440954154,5,2026-08-17T09:00:00+00:00,6,171.8,0,Linked live river forecast reach,232.7881569439649
MP0226_Rahtg,Rahatgarh,Sagar,Ganga,Yamuna,23.798333333333332,78.39805555555556,440954154,5,2026-08-17T12:00:00+00:00,6,154.6,0,Linked live river forecast reach,232.7881569439649
MP0226_Rahtg,Rahatgarh,Sagar,Ganga,Yamuna,23.798333333333332,78.39805555555556,440954154,5,2026-08-17T15:00:00+00:00,7,137.8,0,Linked live river forecast reach,232.7881569439649
MP0227_GhatB,Ghatbamori,Guna,Ganga,Yamuna,24.25,77.93833333333333,440941750,4,2026-08-10T15:00:00+00:00,0,121.3,0,Linked live river forecast reach,208.27218215093154
MP0227_GhatB,Ghatbamori,Guna,Ganga,Yamuna,24.25,77.93833333333333,440941750,4,2026-08-10T18:00:00+00:00,0,129.3,0,Linked live river forecast reach,208.27218215093154
MP0227_GhatB,Ghatbamori,Guna,Ganga,Yamuna,24.25,77.93833333333333,440941750,4,2026-08-10T21:00:00+00:00,0,130.5,0,Linked live river forecast reach,208.27218215093154
MP0227_GhatB,Ghatbamori,Guna,Ganga,Yamuna,24.25,77.93833333333333,440941750,4,2026-08-11T00:00:00+00:00,0,125.2,0,Linked live river forecast reach,208.27218215093154
MP0227_GhatB,Ghatbamori,Guna,Ganga,Yamuna,24.25,77.93833333333333,440941750,4,2026-08-11T03:00:00+00:00,0,115.5,0,Linked live river forecast reach,208.27218215093154
MP0227_GhatB,Ghatbamori,Guna,Ganga,Yamuna,24.25,77.93833333333333,440941750,4,2026-08-11T06:00:00+00:00,0,104.2,0,Linked live river forecast reach,208.27218215093154
MP0227_GhatB,Ghatbamori,Guna,Ganga,Yamuna,24.25,77.93833333333333,440941750,4,2026-08-11T09:00:00+00:00,0,92.3,0,Linked live river forecast reach,208.27218215093154
MP0227_GhatB,Ghatbamori,Guna,Ganga,Yamuna,24.25,77.93833333333333,440941750,4,2026-08-11T12:00:00+00:00,0,81.8,0,Linked live river forecast reach,208.27218215093154
MP0227_GhatB,Ghatbamori,Guna,Ganga,Yamuna,24.25,77.93833333333333,440941750,4,2026-08-11T15:00:00+00:00,1,73.6,0,Linked live river forecast reach,208.27218215093154
MP0227_GhatB,Ghatbamori,Guna,Ganga,Yamuna,24.25,77.93833333333333,440941750,4,2026-08-11T18:00:00+00:00,1,66.7,0,Linked live river forecast reach,208.27218215093154
MP0227_GhatB,Ghatbamori,Guna,Ganga,Yamuna,24.25,77.93833333333333,440941750,4,2026-08-11T21:00:00+00:00,1,60.3,0,Linked live river forecast reach,208.27218215093154
MP0227_GhatB,Ghatbamori,Guna,Ganga,Yamuna,24.25,77.93833333333333,440941750,4,2026-08-12T00:00:00+00:00,1,54.5,0,Linked live river forecast reach,208.27218215093154
MP0227_GhatB,Ghatbamori,Guna,Ganga,Yamuna,24.25,77.93833333333333,440941750,4,2026-08-12T03:00:00+00:00,1,50.6,0,Linked live river forecast reach,208.27218215093154
MP0227_GhatB,Ghatbamori,Guna,Ganga,Yamuna,24.25,77.93833333333333,440941750,4,2026-08-12T06:00:00+00:00,1,48.5,0,Linked live river forecast reach,208.27218215093154
MP0227_GhatB,Ghatbamori,Guna,Ganga,Yamuna,24.25,77.93833333333333,440941750,4,2026-08-12T09:00:00+00:00,1,48.3,0,Linked live river forecast reach,208.27218215093154
MP0227_GhatB,Ghatbamori,Guna,Ganga,Yamuna,24.25,77.93833333333333,440941750,4,2026-08-12T12:00:00+00:00,1,50.1,0,Linked live river forecast reach,208.27218215093154
MP0227_GhatB,Ghatbamori,Guna,Ganga,Yamuna,24.25,77.93833333333333,440941750,4,2026-08-12T15:00:00+00:00,2,51.6,0,Linked live river forecast reach,208.27218215093154
MP0227_GhatB,Ghatbamori,Guna,Ganga,Yamuna,24.25,77.93833333333333,440941750,4,2026-08-12T18:00:00+00:00,2,52.7,0,Linked live river forecast reach,208.27218215093154
MP0227_GhatB,Ghatbamori,Guna,Ganga,Yamuna,24.25,77.93833333333333,440941750,4,2026-08-12T21:00:00+00:00,2,52.3,0,Linked live river forecast reach,208.27218215093154
MP0227_GhatB,Ghatbamori,Guna,Ganga,Yamuna,24.25,77.93833333333333,440941750,4,2026-08-13T00:00:00+00:00,2,50.4,0,Linked live river forecast reach,208.27218215093154
MP0227_GhatB,Ghatbamori,Guna,Ganga,Yamuna,24.25,77.93833333333333,440941750,4,2026-08-13T03:00:00+00:00,2,48.6,0,Linked live river forecast reach,208.27218215093154
MP0227_GhatB,Ghatbamori,Guna,Ganga,Yamuna,24.25,77.93833333333333,440941750,4,2026-08-13T06:00:00+00:00,2,47.1,0,Linked live river forecast reach,208.27218215093154
MP0227_GhatB,Ghatbamori,Guna,Ganga,Yamuna,24.25,77.93833333333333,440941750,4,2026-08-13T09:00:00+00:00,2,45.3,0,Linked live river forecast reach,208.27218215093154
MP0227_GhatB,Ghatbamori,Guna,Ganga,Yamuna,24.25,77.93833333333333,440941750,4,2026-08-13T12:00:00+00:00,2,42.9,0,Linked live river forecast reach,208.27218215093154
MP0227_GhatB,Ghatbamori,Guna,Ganga,Yamuna,24.25,77.93833333333333,440941750,4,2026-08-13T15:00:00+00:00,3,40.3,0,Linked live river forecast reach,208.27218215093154
MP0227_GhatB,Ghatbamori,Guna,Ganga,Yamuna,24.25,77.93833333333333,440941750,4,2026-08-13T18:00:00+00:00,3,38.3,0,Linked live river forecast reach,208.27218215093154
MP0227_GhatB,Ghatbamori,Guna,Ganga,Yamuna,24.25,77.93833333333333,440941750,4,2026-08-13T21:00:00+00:00,3,35.7,0,Linked live river forecast reach,208.27218215093154
MP0227_GhatB,Ghatbamori,Guna,Ganga,Yamuna,24.25,77.93833333333333,440941750,4,2026-08-14T00:00:00+00:00,3,33.5,0,Linked live river forecast reach,208.27218215093154
MP0227_GhatB,Ghatbamori,Guna,Ganga,Yamuna,24.25,77.93833333333333,440941750,4,2026-08-14T03:00:00+00:00,3,32.0,0,Linked live river forecast reach,208.27218215093154
MP0227_GhatB,Ghatbamori,Guna,Ganga,Yamuna,24.25,77.93833333333333,440941750,4,2026-08-14T06:00:00+00:00,3,31.7,0,Linked live river forecast reach,208.27218215093154
MP0227_GhatB,Ghatbamori,Guna,Ganga,Yamuna,24.25,77.93833333333333,440941750,4,2026-08-14T09:00:00+00:00,3,31.7,0,Linked live river forecast reach,208.27218215093154
MP0227_GhatB,Ghatbamori,Guna,Ganga,Yamuna,24.25,77.93833333333333,440941750,4,2026-08-14T12:00:00+00:00,3,31.6,0,Linked live river forecast reach,208.27218215093154
MP0227_GhatB,Ghatbamori,Guna,Ganga,Yamuna,24.25,77.93833333333333,440941750,4,2026-08-14T15:00:00+00:00,4,31.4,0,Linked live river forecast reach,208.27218215093154
MP0227_GhatB,Ghatbamori,Guna,Ganga,Yamuna,24.25,77.93833333333333,440941750,4,2026-08-14T18:00:00+00:00,4,32.0,0,Linked live river forecast reach,208.27218215093154
MP0227_GhatB,Ghatbamori,Guna,Ganga,Yamuna,24.25,77.93833333333333,440941750,4,2026-08-14T21:00:00+00:00,4,33.3,0,Linked live river forecast reach,208.27218215093154
MP0227_GhatB,Ghatbamori,Guna,Ganga,Yamuna,24.25,77.93833333333333,440941750,4,2026-08-15T00:00:00+00:00,4,35.1,0,Linked live river forecast reach,208.27218215093154
MP0227_GhatB,Ghatbamori,Guna,Ganga,Yamuna,24.25,77.93833333333333,440941750,4,2026-08-15T03:00:00+00:00,4,38.0,0,Linked live river forecast reach,208.27218215093154
MP0227_GhatB,Ghatbamori,Guna,Ganga,Yamuna,24.25,77.93833333333333,440941750,4,2026-08-15T06:00:00+00:00,4,43.6,0,Linked live river forecast reach,208.27218215093154
MP0227_GhatB,Ghatbamori,Guna,Ganga,Yamuna,24.25,77.93833333333333,440941750,4,2026-08-15T09:00:00+00:00,4,53.4,0,Linked live river forecast reach,208.27218215093154
MP0227_GhatB,Ghatbamori,Guna,Ganga,Yamuna,24.25,77.93833333333333,440941750,4,2026-08-15T12:00:00+00:00,4,62.6,0,Linked live river forecast reach,208.27218215093154
MP0227_GhatB,Ghatbamori,Guna,Ganga,Yamuna,24.25,77.93833333333333,440941750,4,2026-08-15T15:00:00+00:00,5,69.9,0,Linked live river forecast reach,208.27218215093154
MP0227_GhatB,Ghatbamori,Guna,Ganga,Yamuna,24.25,77.93833333333333,440941750,4,2026-08-15T18:00:00+00:00,5,76.2,0,Linked live river forecast reach,208.27218215093154
MP0227_GhatB,Ghatbamori,Guna,Ganga,Yamuna,24.25,77.93833333333333,440941750,4,2026-08-15T21:00:00+00:00,5,81.1,0,Linked live river forecast reach,208.27218215093154
MP0227_GhatB,Ghatbamori,Guna,Ganga,Yamuna,24.25,77.93833333333333,440941750,4,2026-08-16T00:00:00+00:00,5,85.1,0,Linked live river forecast reach,208.27218215093154
MP0227_GhatB,Ghatbamori,Guna,Ganga,Yamuna,24.25,77.93833333333333,440941750,4,2026-08-16T03:00:00+00:00,5,89.4,0,Linked live river forecast reach,208.27218215093154
MP0227_GhatB,Ghatbamori,Guna,Ganga,Yamuna,24.25,77.93833333333333,440941750,4,2026-08-16T06:00:00+00:00,5,94.1,0,Linked live river forecast reach,208.27218215093154
MP0227_GhatB,Ghatbamori,Guna,Ganga,Yamuna,24.25,77.93833333333333,440941750,4,2026-08-16T09:00:00+00:00,5,98.6,0,Linked live river forecast reach,208.27218215093154
MP0227_GhatB,Ghatbamori,Guna,Ganga,Yamuna,24.25,77.93833333333333,440941750,4,2026-08-16T12:00:00+00:00,5,101.0,0,Linked live river forecast reach,208.27218215093154
MP0227_GhatB,Ghatbamori,Guna,Ganga,Yamuna,24.25,77.93833333333333,440941750,4,2026-08-16T15:00:00+00:00,6,99.5,0,Linked live river forecast reach,208.27218215093154
MP0227_GhatB,Ghatbamori,Guna,Ganga,Yamuna,24.25,77.93833333333333,440941750,4,2026-08-16T18:00:00+00:00,6,95.7,0,Linked live river forecast reach,208.27218215093154
MP0227_GhatB,Ghatbamori,Guna,Ganga,Yamuna,24.25,77.93833333333333,440941750,4,2026-08-16T21:00:00+00:00,6,90.2,0,Linked live river forecast reach,208.27218215093154
MP0227_GhatB,Ghatbamori,Guna,Ganga,Yamuna,24.25,77.93833333333333,440941750,4,2026-08-17T00:00:00+00:00,6,84.4,0,Linked live river forecast reach,208.27218215093154
MP0227_GhatB,Ghatbamori,Guna,Ganga,Yamuna,24.25,77.93833333333333,440941750,4,2026-08-17T03:00:00+00:00,6,80.3,0,Linked live river forecast reach,208.27218215093154
MP0227_GhatB,Ghatbamori,Guna,Ganga,Yamuna,24.25,77.93833333333333,440941750,4,2026-08-17T06:00:00+00:00,6,78.1,0,Linked live river forecast reach,208.27218215093154
MP0227_GhatB,Ghatbamori,Guna,Ganga,Yamuna,24.25,77.93833333333333,440941750,4,2026-08-17T09:00:00+00:00,6,80.5,0,Linked live river forecast reach,208.27218215093154
MP0227_GhatB,Ghatbamori,Guna,Ganga,Yamuna,24.25,77.93833333333333,440941750,4,2026-08-17T12:00:00+00:00,6,84.9,0,Linked live river forecast reach,208.27218215093154
MP0227_GhatB,Ghatbamori,Guna,Ganga,Yamuna,24.25,77.93833333333333,440941750,4,2026-08-17T15:00:00+00:00,7,88.4,0,Linked live river forecast reach,208.27218215093154
MP0228_Mohnp,Mohanpur,Ashok Nagar,Ganga,Yamuna,24.829444444444444,78.07972222222222,440947230,4,2026-08-10T15:00:00+00:00,0,96.6,0,Linked live river forecast reach,43.080941976979375
MP0228_Mohnp,Mohanpur,Ashok Nagar,Ganga,Yamuna,24.829444444444444,78.07972222222222,440947230,4,2026-08-10T18:00:00+00:00,0,98.0,0,Linked live river forecast reach,43.080941976979375
MP0228_Mohnp,Mohanpur,Ashok Nagar,Ganga,Yamuna,24.829444444444444,78.07972222222222,440947230,4,2026-08-10T21:00:00+00:00,0,99.6,0,Linked live river forecast reach,43.080941976979375
MP0228_Mohnp,Mohanpur,Ashok Nagar,Ganga,Yamuna,24.829444444444444,78.07972222222222,440947230,4,2026-08-11T00:00:00+00:00,0,101.5,0,Linked live river forecast reach,43.080941976979375
MP0228_Mohnp,Mohanpur,Ashok Nagar,Ganga,Yamuna,24.829444444444444,78.07972222222222,440947230,4,2026-08-11T03:00:00+00:00,0,102.2,0,Linked live river forecast reach,43.080941976979375
MP0228_Mohnp,Mohanpur,Ashok Nagar,Ganga,Yamuna,24.829444444444444,78.07972222222222,440947230,4,2026-08-11T06:00:00+00:00,0,99.6,0,Linked live river forecast reach,43.080941976979375
MP0228_Mohnp,Mohanpur,Ashok Nagar,Ganga,Yamuna,24.829444444444444,78.07972222222222,440947230,4,2026-08-11T09:00:00+00:00,0,93.8,0,Linked live river forecast reach,43.080941976979375
MP0228_Mohnp,Mohanpur,Ashok Nagar,Ganga,Yamuna,24.829444444444444,78.07972222222222,440947230,4,2026-08-11T12:00:00+00:00,0,86.7,0,Linked live river forecast reach,43.080941976979375
MP0228_Mohnp,Mohanpur,Ashok Nagar,Ganga,Yamuna,24.829444444444444,78.07972222222222,440947230,4,2026-08-11T15:00:00+00:00,1,79.2,0,Linked live river forecast reach,43.080941976979375
MP0228_Mohnp,Mohanpur,Ashok Nagar,Ganga,Yamuna,24.829444444444444,78.07972222222222,440947230,4,2026-08-11T18:00:00+00:00,1,71.6,0,Linked live river forecast reach,43.080941976979375
MP0228_Mohnp,Mohanpur,Ashok Nagar,Ganga,Yamuna,24.829444444444444,78.07972222222222,440947230,4,2026-08-11T21:00:00+00:00,1,65.1,0,Linked live river forecast reach,43.080941976979375
MP0228_Mohnp,Mohanpur,Ashok Nagar,Ganga,Yamuna,24.829444444444444,78.07972222222222,440947230,4,2026-08-12T00:00:00+00:00,1,60.0,0,Linked live river forecast reach,43.080941976979375
MP0228_Mohnp,Mohanpur,Ashok Nagar,Ganga,Yamuna,24.829444444444444,78.07972222222222,440947230,4,2026-08-12T03:00:00+00:00,1,58.2,0,Linked live river forecast reach,43.080941976979375
MP0228_Mohnp,Mohanpur,Ashok Nagar,Ganga,Yamuna,24.829444444444444,78.07972222222222,440947230,4,2026-08-12T06:00:00+00:00,1,56.7,0,Linked live river forecast reach,43.080941976979375
MP0228_Mohnp,Mohanpur,Ashok Nagar,Ganga,Yamuna,24.829444444444444,78.07972222222222,440947230,4,2026-08-12T09:00:00+00:00,1,54.2,0,Linked live river forecast reach,43.080941976979375
MP0228_Mohnp,Mohanpur,Ashok Nagar,Ganga,Yamuna,24.829444444444444,78.07972222222222,440947230,4,2026-08-12T12:00:00+00:00,1,52.5,0,Linked live river forecast reach,43.080941976979375
MP0228_Mohnp,Mohanpur,Ashok Nagar,Ganga,Yamuna,24.829444444444444,78.07972222222222,440947230,4,2026-08-12T15:00:00+00:00,2,52.0,0,Linked live river forecast reach,43.080941976979375
MP0228_Mohnp,Mohanpur,Ashok Nagar,Ganga,Yamuna,24.829444444444444,78.07972222222222,440947230,4,2026-08-12T18:00:00+00:00,2,52.0,0,Linked live river forecast reach,43.080941976979375
MP0228_Mohnp,Mohanpur,Ashok Nagar,Ganga,Yamuna,24.829444444444444,78.07972222222222,440947230,4,2026-08-12T21:00:00+00:00,2,53.6,0,Linked live river forecast reach,43.080941976979375
MP0228_Mohnp,Mohanpur,Ashok Nagar,Ganga,Yamuna,24.829444444444444,78.07972222222222,440947230,4,2026-08-13T00:00:00+00:00,2,54.2,0,Linked live river forecast reach,43.080941976979375
MP0228_Mohnp,Mohanpur,Ashok Nagar,Ganga,Yamuna,24.829444444444444,78.07972222222222,440947230,4,2026-08-13T03:00:00+00:00,2,53.7,0,Linked live river forecast reach,43.080941976979375
MP0228_Mohnp,Mohanpur,Ashok Nagar,Ganga,Yamuna,24.829444444444444,78.07972222222222,440947230,4,2026-08-13T06:00:00+00:00,2,51.9,0,Linked live river forecast reach,43.080941976979375
MP0228_Mohnp,Mohanpur,Ashok Nagar,Ganga,Yamuna,24.829444444444444,78.07972222222222,440947230,4,2026-08-13T09:00:00+00:00,2,48.3,0,Linked live river forecast reach,43.080941976979375
MP0228_Mohnp,Mohanpur,Ashok Nagar,Ganga,Yamuna,24.829444444444444,78.07972222222222,440947230,4,2026-08-13T12:00:00+00:00,2,44.7,0,Linked live river forecast reach,43.080941976979375
MP0228_Mohnp,Mohanpur,Ashok Nagar,Ganga,Yamuna,24.829444444444444,78.07972222222222,440947230,4,2026-08-13T15:00:00+00:00,3,41.7,0,Linked live river forecast reach,43.080941976979375
MP0228_Mohnp,Mohanpur,Ashok Nagar,Ganga,Yamuna,24.829444444444444,78.07972222222222,440947230,4,2026-08-13T18:00:00+00:00,3,38.7,0,Linked live river forecast reach,43.080941976979375
MP0228_Mohnp,Mohanpur,Ashok Nagar,Ganga,Yamuna,24.829444444444444,78.07972222222222,440947230,4,2026-08-13T21:00:00+00:00,3,36.0,0,Linked live river forecast reach,43.080941976979375
MP0228_Mohnp,Mohanpur,Ashok Nagar,Ganga,Yamuna,24.829444444444444,78.07972222222222,440947230,4,2026-08-14T00:00:00+00:00,3,34.4,0,Linked live river forecast reach,43.080941976979375
MP0228_Mohnp,Mohanpur,Ashok Nagar,Ganga,Yamuna,24.829444444444444,78.07972222222222,440947230,4,2026-08-14T03:00:00+00:00,3,33.8,0,Linked live river forecast reach,43.080941976979375
MP0228_Mohnp,Mohanpur,Ashok Nagar,Ganga,Yamuna,24.829444444444444,78.07972222222222,440947230,4,2026-08-14T06:00:00+00:00,3,33.2,0,Linked live river forecast reach,43.080941976979375
MP0228_Mohnp,Mohanpur,Ashok Nagar,Ganga,Yamuna,24.829444444444444,78.07972222222222,440947230,4,2026-08-14T09:00:00+00:00,3,31.4,0,Linked live river forecast reach,43.080941976979375
MP0228_Mohnp,Mohanpur,Ashok Nagar,Ganga,Yamuna,24.829444444444444,78.07972222222222,440947230,4,2026-08-14T12:00:00+00:00,3,31.4,0,Linked live river forecast reach,43.080941976979375
MP0228_Mohnp,Mohanpur,Ashok Nagar,Ganga,Yamuna,24.829444444444444,78.07972222222222,440947230,4,2026-08-14T15:00:00+00:00,4,33.4,0,Linked live river forecast reach,43.080941976979375
MP0228_Mohnp,Mohanpur,Ashok Nagar,Ganga,Yamuna,24.829444444444444,78.07972222222222,440947230,4,2026-08-14T18:00:00+00:00,4,35.1,0,Linked live river forecast reach,43.080941976979375
MP0228_Mohnp,Mohanpur,Ashok Nagar,Ganga,Yamuna,24.829444444444444,78.07972222222222,440947230,4,2026-08-14T21:00:00+00:00,4,37.2,0,Linked live river forecast reach,43.080941976979375
MP0228_Mohnp,Mohanpur,Ashok Nagar,Ganga,Yamuna,24.829444444444444,78.07972222222222,440947230,4,2026-08-15T00:00:00+00:00,4,39.6,0,Linked live river forecast reach,43.080941976979375
MP0228_Mohnp,Mohanpur,Ashok Nagar,Ganga,Yamuna,24.829444444444444,78.07972222222222,440947230,4,2026-08-15T03:00:00+00:00,4,43.6,0,Linked live river forecast reach,43.080941976979375
MP0228_Mohnp,Mohanpur,Ashok Nagar,Ganga,Yamuna,24.829444444444444,78.07972222222222,440947230,4,2026-08-15T06:00:00+00:00,4,47.1,0,Linked live river forecast reach,43.080941976979375
MP0228_Mohnp,Mohanpur,Ashok Nagar,Ganga,Yamuna,24.829444444444444,78.07972222222222,440947230,4,2026-08-15T09:00:00+00:00,4,51.0,0,Linked live river forecast reach,43.080941976979375
MP0228_Mohnp,Mohanpur,Ashok Nagar,Ganga,Yamuna,24.829444444444444,78.07972222222222,440947230,4,2026-08-15T12:00:00+00:00,4,56.8,0,Linked live river forecast reach,43.080941976979375
MP0228_Mohnp,Mohanpur,Ashok Nagar,Ganga,Yamuna,24.829444444444444,78.07972222222222,440947230,4,2026-08-15T15:00:00+00:00,5,61.3,0,Linked live river forecast reach,43.080941976979375
MP0228_Mohnp,Mohanpur,Ashok Nagar,Ganga,Yamuna,24.829444444444444,78.07972222222222,440947230,4,2026-08-15T18:00:00+00:00,5,64.4,0,Linked live river forecast reach,43.080941976979375
MP0228_Mohnp,Mohanpur,Ashok Nagar,Ganga,Yamuna,24.829444444444444,78.07972222222222,440947230,4,2026-08-15T21:00:00+00:00,5,68.7,0,Linked live river forecast reach,43.080941976979375
MP0228_Mohnp,Mohanpur,Ashok Nagar,Ganga,Yamuna,24.829444444444444,78.07972222222222,440947230,4,2026-08-16T00:00:00+00:00,5,73.2,0,Linked live river forecast reach,43.080941976979375
MP0228_Mohnp,Mohanpur,Ashok Nagar,Ganga,Yamuna,24.829444444444444,78.07972222222222,440947230,4,2026-08-16T03:00:00+00:00,5,77.2,0,Linked live river forecast reach,43.080941976979375
MP0228_Mohnp,Mohanpur,Ashok Nagar,Ganga,Yamuna,24.829444444444444,78.07972222222222,440947230,4,2026-08-16T06:00:00+00:00,5,84.8,0,Linked live river forecast reach,43.080941976979375
MP0228_Mohnp,Mohanpur,Ashok Nagar,Ganga,Yamuna,24.829444444444444,78.07972222222222,440947230,4,2026-08-16T09:00:00+00:00,5,92.7,0,Linked live river forecast reach,43.080941976979375
MP0228_Mohnp,Mohanpur,Ashok Nagar,Ganga,Yamuna,24.829444444444444,78.07972222222222,440947230,4,2026-08-16T12:00:00+00:00,5,98.0,0,Linked live river forecast reach,43.080941976979375
MP0228_Mohnp,Mohanpur,Ashok Nagar,Ganga,Yamuna,24.829444444444444,78.07972222222222,440947230,4,2026-08-16T15:00:00+00:00,6,102.5,0,Linked live river forecast reach,43.080941976979375
MP0228_Mohnp,Mohanpur,Ashok Nagar,Ganga,Yamuna,24.829444444444444,78.07972222222222,440947230,4,2026-08-16T18:00:00+00:00,6,102.5,0,Linked live river forecast reach,43.080941976979375
MP0228_Mohnp,Mohanpur,Ashok Nagar,Ganga,Yamuna,24.829444444444444,78.07972222222222,440947230,4,2026-08-16T21:00:00+00:00,6,97.0,0,Linked live river forecast reach,43.080941976979375
MP0228_Mohnp,Mohanpur,Ashok Nagar,Ganga,Yamuna,24.829444444444444,78.07972222222222,440947230,4,2026-08-17T00:00:00+00:00,6,87.9,0,Linked live river forecast reach,43.080941976979375
MP0228_Mohnp,Mohanpur,Ashok Nagar,Ganga,Yamuna,24.829444444444444,78.07972222222222,440947230,4,2026-08-17T03:00:00+00:00,6,78.6,0,Linked live river forecast reach,43.080941976979375
MP0228_Mohnp,Mohanpur,Ashok Nagar,Ganga,Yamuna,24.829444444444444,78.07972222222222,440947230,4,2026-08-17T06:00:00+00:00,6,73.5,0,Linked live river forecast reach,43.080941976979375
MP0228_Mohnp,Mohanpur,Ashok Nagar,Ganga,Yamuna,24.829444444444444,78.07972222222222,440947230,4,2026-08-17T09:00:00+00:00,6,71.6,0,Linked live river forecast reach,43.080941976979375
MP0228_Mohnp,Mohanpur,Ashok Nagar,Ganga,Yamuna,24.829444444444444,78.07972222222222,440947230,4,2026-08-17T12:00:00+00:00,6,76.3,0,Linked live river forecast reach,43.080941976979375
MP0228_Mohnp,Mohanpur,Ashok Nagar,Ganga,Yamuna,24.829444444444444,78.07972222222222,440947230,4,2026-08-17T15:00:00+00:00,7,85.8,0,Linked live river forecast reach,43.080941976979375
MP0211_Bdngr,Badnagar,Ujjain,Ganga,Yamuna,23.057777777777776,75.38722222222222,440951434,4,2026-08-10T15:00:00+00:00,0,64.4,0,Linked live river forecast reach,112.63646325106262
MP0211_Bdngr,Badnagar,Ujjain,Ganga,Yamuna,23.057777777777776,75.38722222222222,440951434,4,2026-08-10T18:00:00+00:00,0,72.8,0,Linked live river forecast reach,112.63646325106262
MP0211_Bdngr,Badnagar,Ujjain,Ganga,Yamuna,23.057777777777776,75.38722222222222,440951434,4,2026-08-10T21:00:00+00:00,0,84.6,0,Linked live river forecast reach,112.63646325106262
MP0211_Bdngr,Badnagar,Ujjain,Ganga,Yamuna,23.057777777777776,75.38722222222222,440951434,4,2026-08-11T00:00:00+00:00,0,97.4,0,Linked live river forecast reach,112.63646325106262
MP0211_Bdngr,Badnagar,Ujjain,Ganga,Yamuna,23.057777777777776,75.38722222222222,440951434,4,2026-08-11T03:00:00+00:00,0,107.4,0,Linked live river forecast reach,112.63646325106262
MP0211_Bdngr,Badnagar,Ujjain,Ganga,Yamuna,23.057777777777776,75.38722222222222,440951434,4,2026-08-11T06:00:00+00:00,0,115.0,0,Linked live river forecast reach,112.63646325106262
MP0211_Bdngr,Badnagar,Ujjain,Ganga,Yamuna,23.057777777777776,75.38722222222222,440951434,4,2026-08-11T09:00:00+00:00,0,121.8,0,Linked live river forecast reach,112.63646325106262
MP0211_Bdngr,Badnagar,Ujjain,Ganga,Yamuna,23.057777777777776,75.38722222222222,440951434,4,2026-08-11T12:00:00+00:00,0,122.3,0,Linked live river forecast reach,112.63646325106262
MP0211_Bdngr,Badnagar,Ujjain,Ganga,Yamuna,23.057777777777776,75.38722222222222,440951434,4,2026-08-11T15:00:00+00:00,1,123.0,0,Linked live river forecast reach,112.63646325106262
MP0211_Bdngr,Badnagar,Ujjain,Ganga,Yamuna,23.057777777777776,75.38722222222222,440951434,4,2026-08-11T18:00:00+00:00,1,130.0,0,Linked live river forecast reach,112.63646325106262
MP0211_Bdngr,Badnagar,Ujjain,Ganga,Yamuna,23.057777777777776,75.38722222222222,440951434,4,2026-08-11T21:00:00+00:00,1,139.3,0,Linked live river forecast reach,112.63646325106262
MP0211_Bdngr,Badnagar,Ujjain,Ganga,Yamuna,23.057777777777776,75.38722222222222,440951434,4,2026-08-12T00:00:00+00:00,1,147.9,0,Linked live river forecast reach,112.63646325106262
MP0211_Bdngr,Badnagar,Ujjain,Ganga,Yamuna,23.057777777777776,75.38722222222222,440951434,4,2026-08-12T03:00:00+00:00,1,153.8,0,Linked live river forecast reach,112.63646325106262
MP0211_Bdngr,Badnagar,Ujjain,Ganga,Yamuna,23.057777777777776,75.38722222222222,440951434,4,2026-08-12T06:00:00+00:00,1,152.7,0,Linked live river forecast reach,112.63646325106262
MP0211_Bdngr,Badnagar,Ujjain,Ganga,Yamuna,23.057777777777776,75.38722222222222,440951434,4,2026-08-12T09:00:00+00:00,1,144.7,0,Linked live river forecast reach,112.63646325106262
MP0211_Bdngr,Badnagar,Ujjain,Ganga,Yamuna,23.057777777777776,75.38722222222222,440951434,4,2026-08-12T12:00:00+00:00,1,137.9,0,Linked live river forecast reach,112.63646325106262
MP0211_Bdngr,Badnagar,Ujjain,Ganga,Yamuna,23.057777777777776,75.38722222222222,440951434,4,2026-08-12T15:00:00+00:00,2,134.1,0,Linked live river forecast reach,112.63646325106262
MP0211_Bdngr,Badnagar,Ujjain,Ganga,Yamuna,23.057777777777776,75.38722222222222,440951434,4,2026-08-12T18:00:00+00:00,2,129.2,0,Linked live river forecast reach,112.63646325106262
MP0211_Bdngr,Badnagar,Ujjain,Ganga,Yamuna,23.057777777777776,75.38722222222222,440951434,4,2026-08-12T21:00:00+00:00,2,118.7,0,Linked live river forecast reach,112.63646325106262
MP0211_Bdngr,Badnagar,Ujjain,Ganga,Yamuna,23.057777777777776,75.38722222222222,440951434,4,2026-08-13T00:00:00+00:00,2,102.8,0,Linked live river forecast reach,112.63646325106262
MP0211_Bdngr,Badnagar,Ujjain,Ganga,Yamuna,23.057777777777776,75.38722222222222,440951434,4,2026-08-13T03:00:00+00:00,2,86.7,0,Linked live river forecast reach,112.63646325106262
MP0211_Bdngr,Badnagar,Ujjain,Ganga,Yamuna,23.057777777777776,75.38722222222222,440951434,4,2026-08-13T06:00:00+00:00,2,73.0,0,Linked live river forecast reach,112.63646325106262
MP0211_Bdngr,Badnagar,Ujjain,Ganga,Yamuna,23.057777777777776,75.38722222222222,440951434,4,2026-08-13T09:00:00+00:00,2,61.4,0,Linked live river forecast reach,112.63646325106262
MP0211_Bdngr,Badnagar,Ujjain,Ganga,Yamuna,23.057777777777776,75.38722222222222,440951434,4,2026-08-13T12:00:00+00:00,2,51.5,0,Linked live river forecast reach,112.63646325106262
MP0211_Bdngr,Badnagar,Ujjain,Ganga,Yamuna,23.057777777777776,75.38722222222222,440951434,4,2026-08-13T15:00:00+00:00,3,43.5,0,Linked live river forecast reach,112.63646325106262
MP0211_Bdngr,Badnagar,Ujjain,Ganga,Yamuna,23.057777777777776,75.38722222222222,440951434,4,2026-08-13T18:00:00+00:00,3,37.1,0,Linked live river forecast reach,112.63646325106262
MP0211_Bdngr,Badnagar,Ujjain,Ganga,Yamuna,23.057777777777776,75.38722222222222,440951434,4,2026-08-13T21:00:00+00:00,3,32.2,0,Linked live river forecast reach,112.63646325106262
MP0211_Bdngr,Badnagar,Ujjain,Ganga,Yamuna,23.057777777777776,75.38722222222222,440951434,4,2026-08-14T00:00:00+00:00,3,28.0,0,Linked live river forecast reach,112.63646325106262
MP0211_Bdngr,Badnagar,Ujjain,Ganga,Yamuna,23.057777777777776,75.38722222222222,440951434,4,2026-08-14T03:00:00+00:00,3,24.8,0,Linked live river forecast reach,112.63646325106262
MP0211_Bdngr,Badnagar,Ujjain,Ganga,Yamuna,23.057777777777776,75.38722222222222,440951434,4,2026-08-14T06:00:00+00:00,3,22.2,0,Linked live river forecast reach,112.63646325106262
MP0211_Bdngr,Badnagar,Ujjain,Ganga,Yamuna,23.057777777777776,75.38722222222222,440951434,4,2026-08-14T09:00:00+00:00,3,20.5,0,Linked live river forecast reach,112.63646325106262
MP0211_Bdngr,Badnagar,Ujjain,Ganga,Yamuna,23.057777777777776,75.38722222222222,440951434,4,2026-08-14T12:00:00+00:00,3,19.7,0,Linked live river forecast reach,112.63646325106262
MP0211_Bdngr,Badnagar,Ujjain,Ganga,Yamuna,23.057777777777776,75.38722222222222,440951434,4,2026-08-14T15:00:00+00:00,4,18.8,0,Linked live river forecast reach,112.63646325106262
MP0211_Bdngr,Badnagar,Ujjain,Ganga,Yamuna,23.057777777777776,75.38722222222222,440951434,4,2026-08-14T18:00:00+00:00,4,18.0,0,Linked live river forecast reach,112.63646325106262
MP0211_Bdngr,Badnagar,Ujjain,Ganga,Yamuna,23.057777777777776,75.38722222222222,440951434,4,2026-08-14T21:00:00+00:00,4,17.5,0,Linked live river forecast reach,112.63646325106262
MP0211_Bdngr,Badnagar,Ujjain,Ganga,Yamuna,23.057777777777776,75.38722222222222,440951434,4,2026-08-15T00:00:00+00:00,4,16.9,0,Linked live river forecast reach,112.63646325106262
MP0211_Bdngr,Badnagar,Ujjain,Ganga,Yamuna,23.057777777777776,75.38722222222222,440951434,4,2026-08-15T03:00:00+00:00,4,16.0,0,Linked live river forecast reach,112.63646325106262
MP0211_Bdngr,Badnagar,Ujjain,Ganga,Yamuna,23.057777777777776,75.38722222222222,440951434,4,2026-08-15T06:00:00+00:00,4,15.2,0,Linked live river forecast reach,112.63646325106262
MP0211_Bdngr,Badnagar,Ujjain,Ganga,Yamuna,23.057777777777776,75.38722222222222,440951434,4,2026-08-15T09:00:00+00:00,4,14.6,0,Linked live river forecast reach,112.63646325106262
MP0211_Bdngr,Badnagar,Ujjain,Ganga,Yamuna,23.057777777777776,75.38722222222222,440951434,4,2026-08-15T12:00:00+00:00,4,14.4,0,Linked live river forecast reach,112.63646325106262
MP0211_Bdngr,Badnagar,Ujjain,Ganga,Yamuna,23.057777777777776,75.38722222222222,440951434,4,2026-08-15T15:00:00+00:00,5,14.2,0,Linked live river forecast reach,112.63646325106262
MP0211_Bdngr,Badnagar,Ujjain,Ganga,Yamuna,23.057777777777776,75.38722222222222,440951434,4,2026-08-15T18:00:00+00:00,5,14.0,0,Linked live river forecast reach,112.63646325106262
MP0211_Bdngr,Badnagar,Ujjain,Ganga,Yamuna,23.057777777777776,75.38722222222222,440951434,4,2026-08-15T21:00:00+00:00,5,13.9,0,Linked live river forecast reach,112.63646325106262
MP0211_Bdngr,Badnagar,Ujjain,Ganga,Yamuna,23.057777777777776,75.38722222222222,440951434,4,2026-08-16T00:00:00+00:00,5,13.8,0,Linked live river forecast reach,112.63646325106262
MP0211_Bdngr,Badnagar,Ujjain,Ganga,Yamuna,23.057777777777776,75.38722222222222,440951434,4,2026-08-16T03:00:00+00:00,5,13.6,0,Linked live river forecast reach,112.63646325106262
MP0211_Bdngr,Badnagar,Ujjain,Ganga,Yamuna,23.057777777777776,75.38722222222222,440951434,4,2026-08-16T06:00:00+00:00,5,13.5,0,Linked live river forecast reach,112.63646325106262
MP0211_Bdngr,Badnagar,Ujjain,Ganga,Yamuna,23.057777777777776,75.38722222222222,440951434,4,2026-08-16T09:00:00+00:00,5,13.6,0,Linked live river forecast reach,112.63646325106262
MP0211_Bdngr,Badnagar,Ujjain,Ganga,Yamuna,23.057777777777776,75.38722222222222,440951434,4,2026-08-16T12:00:00+00:00,5,14.0,0,Linked live river forecast reach,112.63646325106262
MP0211_Bdngr,Badnagar,Ujjain,Ganga,Yamuna,23.057777777777776,75.38722222222222,440951434,4,2026-08-16T15:00:00+00:00,6,14.0,0,Linked live river forecast reach,112.63646325106262
MP0211_Bdngr,Badnagar,Ujjain,Ganga,Yamuna,23.057777777777776,75.38722222222222,440951434,4,2026-08-16T18:00:00+00:00,6,13.7,0,Linked live river forecast reach,112.63646325106262
MP0211_Bdngr,Badnagar,Ujjain,Ganga,Yamuna,23.057777777777776,75.38722222222222,440951434,4,2026-08-16T21:00:00+00:00,6,13.8,0,Linked live river forecast reach,112.63646325106262
MP0211_Bdngr,Badnagar,Ujjain,Ganga,Yamuna,23.057777777777776,75.38722222222222,440951434,4,2026-08-17T00:00:00+00:00,6,14.2,0,Linked live river forecast reach,112.63646325106262
MP0211_Bdngr,Badnagar,Ujjain,Ganga,Yamuna,23.057777777777776,75.38722222222222,440951434,4,2026-08-17T03:00:00+00:00,6,14.4,0,Linked live river forecast reach,112.63646325106262
MP0211_Bdngr,Badnagar,Ujjain,Ganga,Yamuna,23.057777777777776,75.38722222222222,440951434,4,2026-08-17T06:00:00+00:00,6,14.4,0,Linked live river forecast reach,112.63646325106262
MP0211_Bdngr,Badnagar,Ujjain,Ganga,Yamuna,23.057777777777776,75.38722222222222,440951434,4,2026-08-17T09:00:00+00:00,6,14.3,0,Linked live river forecast reach,112.63646325106262
MP0211_Bdngr,Badnagar,Ujjain,Ganga,Yamuna,23.057777777777776,75.38722222222222,440951434,4,2026-08-17T12:00:00+00:00,6,14.2,0,Linked live river forecast reach,112.63646325106262
MP0211_Bdngr,Badnagar,Ujjain,Ganga,Yamuna,23.057777777777776,75.38722222222222,440951434,4,2026-08-17T15:00:00+00:00,7,14.1,0,Linked live river forecast reach,112.63646325106262
MP0212_Sindu,Sinduriya,Ratlam,Ganga,Yamuna,23.660833333333333,75.21555555555555,440992688,4,2026-08-10T15:00:00+00:00,0,108.2,0,Linked live river forecast reach,0.3441776214167475
MP0212_Sindu,Sinduriya,Ratlam,Ganga,Yamuna,23.660833333333333,75.21555555555555,440992688,4,2026-08-10T18:00:00+00:00,0,135.5,0,Linked live river forecast reach,0.3441776214167475
MP0212_Sindu,Sinduriya,Ratlam,Ganga,Yamuna,23.660833333333333,75.21555555555555,440992688,4,2026-08-10T21:00:00+00:00,0,176.6,0,Linked live river forecast reach,0.3441776214167475
MP0212_Sindu,Sinduriya,Ratlam,Ganga,Yamuna,23.660833333333333,75.21555555555555,440992688,4,2026-08-11T00:00:00+00:00,0,232.5,0,Linked live river forecast reach,0.3441776214167475
MP0212_Sindu,Sinduriya,Ratlam,Ganga,Yamuna,23.660833333333333,75.21555555555555,440992688,4,2026-08-11T03:00:00+00:00,0,277.9,0,Linked live river forecast reach,0.3441776214167475
MP0212_Sindu,Sinduriya,Ratlam,Ganga,Yamuna,23.660833333333333,75.21555555555555,440992688,4,2026-08-11T06:00:00+00:00,0,314.8,0,Linked live river forecast reach,0.3441776214167475
MP0212_Sindu,Sinduriya,Ratlam,Ganga,Yamuna,23.660833333333333,75.21555555555555,440992688,4,2026-08-11T09:00:00+00:00,0,360.2,0,Linked live river forecast reach,0.3441776214167475
MP0212_Sindu,Sinduriya,Ratlam,Ganga,Yamuna,23.660833333333333,75.21555555555555,440992688,4,2026-08-11T12:00:00+00:00,0,396.4,0,Linked live river forecast reach,0.3441776214167475
MP0212_Sindu,Sinduriya,Ratlam,Ganga,Yamuna,23.660833333333333,75.21555555555555,440992688,4,2026-08-11T15:00:00+00:00,1,414.6,0,Linked live river forecast reach,0.3441776214167475
MP0212_Sindu,Sinduriya,Ratlam,Ganga,Yamuna,23.660833333333333,75.21555555555555,440992688,4,2026-08-11T18:00:00+00:00,1,424.3,0,Linked live river forecast reach,0.3441776214167475
MP0212_Sindu,Sinduriya,Ratlam,Ganga,Yamuna,23.660833333333333,75.21555555555555,440992688,4,2026-08-11T21:00:00+00:00,1,422.3,0,Linked live river forecast reach,0.3441776214167475
MP0212_Sindu,Sinduriya,Ratlam,Ganga,Yamuna,23.660833333333333,75.21555555555555,440992688,4,2026-08-12T00:00:00+00:00,1,406.2,0,Linked live river forecast reach,0.3441776214167475
MP0212_Sindu,Sinduriya,Ratlam,Ganga,Yamuna,23.660833333333333,75.21555555555555,440992688,4,2026-08-12T03:00:00+00:00,1,385.8,0,Linked live river forecast reach,0.3441776214167475
MP0212_Sindu,Sinduriya,Ratlam,Ganga,Yamuna,23.660833333333333,75.21555555555555,440992688,4,2026-08-12T06:00:00+00:00,1,359.8,0,Linked live river forecast reach,0.3441776214167475
MP0212_Sindu,Sinduriya,Ratlam,Ganga,Yamuna,23.660833333333333,75.21555555555555,440992688,4,2026-08-12T09:00:00+00:00,1,318.9,0,Linked live river forecast reach,0.3441776214167475
MP0212_Sindu,Sinduriya,Ratlam,Ganga,Yamuna,23.660833333333333,75.21555555555555,440992688,4,2026-08-12T12:00:00+00:00,1,267.4,0,Linked live river forecast reach,0.3441776214167475
MP0212_Sindu,Sinduriya,Ratlam,Ganga,Yamuna,23.660833333333333,75.21555555555555,440992688,4,2026-08-12T15:00:00+00:00,2,222.0,0,Linked live river forecast reach,0.3441776214167475
MP0212_Sindu,Sinduriya,Ratlam,Ganga,Yamuna,23.660833333333333,75.21555555555555,440992688,4,2026-08-12T18:00:00+00:00,2,189.6,0,Linked live river forecast reach,0.3441776214167475
MP0212_Sindu,Sinduriya,Ratlam,Ganga,Yamuna,23.660833333333333,75.21555555555555,440992688,4,2026-08-12T21:00:00+00:00,2,165.0,0,Linked live river forecast reach,0.3441776214167475
MP0212_Sindu,Sinduriya,Ratlam,Ganga,Yamuna,23.660833333333333,75.21555555555555,440992688,4,2026-08-13T00:00:00+00:00,2,144.1,0,Linked live river forecast reach,0.3441776214167475
MP0212_Sindu,Sinduriya,Ratlam,Ganga,Yamuna,23.660833333333333,75.21555555555555,440992688,4,2026-08-13T03:00:00+00:00,2,128.4,0,Linked live river forecast reach,0.3441776214167475
MP0212_Sindu,Sinduriya,Ratlam,Ganga,Yamuna,23.660833333333333,75.21555555555555,440992688,4,2026-08-13T06:00:00+00:00,2,115.5,0,Linked live river forecast reach,0.3441776214167475
MP0212_Sindu,Sinduriya,Ratlam,Ganga,Yamuna,23.660833333333333,75.21555555555555,440992688,4,2026-08-13T09:00:00+00:00,2,104.5,0,Linked live river forecast reach,0.3441776214167475
MP0212_Sindu,Sinduriya,Ratlam,Ganga,Yamuna,23.660833333333333,75.21555555555555,440992688,4,2026-08-13T12:00:00+00:00,2,96.2,0,Linked live river forecast reach,0.3441776214167475
MP0212_Sindu,Sinduriya,Ratlam,Ganga,Yamuna,23.660833333333333,75.21555555555555,440992688,4,2026-08-13T15:00:00+00:00,3,86.3,0,Linked live river forecast reach,0.3441776214167475
MP0212_Sindu,Sinduriya,Ratlam,Ganga,Yamuna,23.660833333333333,75.21555555555555,440992688,4,2026-08-13T18:00:00+00:00,3,77.7,0,Linked live river forecast reach,0.3441776214167475
MP0212_Sindu,Sinduriya,Ratlam,Ganga,Yamuna,23.660833333333333,75.21555555555555,440992688,4,2026-08-13T21:00:00+00:00,3,71.0,0,Linked live river forecast reach,0.3441776214167475
MP0212_Sindu,Sinduriya,Ratlam,Ganga,Yamuna,23.660833333333333,75.21555555555555,440992688,4,2026-08-14T00:00:00+00:00,3,66.0,0,Linked live river forecast reach,0.3441776214167475
MP0212_Sindu,Sinduriya,Ratlam,Ganga,Yamuna,23.660833333333333,75.21555555555555,440992688,4,2026-08-14T03:00:00+00:00,3,62.5,0,Linked live river forecast reach,0.3441776214167475
MP0212_Sindu,Sinduriya,Ratlam,Ganga,Yamuna,23.660833333333333,75.21555555555555,440992688,4,2026-08-14T06:00:00+00:00,3,59.5,0,Linked live river forecast reach,0.3441776214167475
MP0212_Sindu,Sinduriya,Ratlam,Ganga,Yamuna,23.660833333333333,75.21555555555555,440992688,4,2026-08-14T09:00:00+00:00,3,56.7,0,Linked live river forecast reach,0.3441776214167475
MP0212_Sindu,Sinduriya,Ratlam,Ganga,Yamuna,23.660833333333333,75.21555555555555,440992688,4,2026-08-14T12:00:00+00:00,3,54.8,0,Linked live river forecast reach,0.3441776214167475
MP0212_Sindu,Sinduriya,Ratlam,Ganga,Yamuna,23.660833333333333,75.21555555555555,440992688,4,2026-08-14T15:00:00+00:00,4,49.5,0,Linked live river forecast reach,0.3441776214167475
MP0212_Sindu,Sinduriya,Ratlam,Ganga,Yamuna,23.660833333333333,75.21555555555555,440992688,4,2026-08-14T18:00:00+00:00,4,41.0,0,Linked live river forecast reach,0.3441776214167475
MP0212_Sindu,Sinduriya,Ratlam,Ganga,Yamuna,23.660833333333333,75.21555555555555,440992688,4,2026-08-14T21:00:00+00:00,4,34.1,0,Linked live river forecast reach,0.3441776214167475
MP0212_Sindu,Sinduriya,Ratlam,Ganga,Yamuna,23.660833333333333,75.21555555555555,440992688,4,2026-08-15T00:00:00+00:00,4,30.1,0,Linked live river forecast reach,0.3441776214167475
MP0212_Sindu,Sinduriya,Ratlam,Ganga,Yamuna,23.660833333333333,75.21555555555555,440992688,4,2026-08-15T03:00:00+00:00,4,27.6,0,Linked live river forecast reach,0.3441776214167475
MP0212_Sindu,Sinduriya,Ratlam,Ganga,Yamuna,23.660833333333333,75.21555555555555,440992688,4,2026-08-15T06:00:00+00:00,4,26.0,0,Linked live river forecast reach,0.3441776214167475
MP0212_Sindu,Sinduriya,Ratlam,Ganga,Yamuna,23.660833333333333,75.21555555555555,440992688,4,2026-08-15T09:00:00+00:00,4,24.6,0,Linked live river forecast reach,0.3441776214167475
MP0212_Sindu,Sinduriya,Ratlam,Ganga,Yamuna,23.660833333333333,75.21555555555555,440992688,4,2026-08-15T12:00:00+00:00,4,23.0,0,Linked live river forecast reach,0.3441776214167475
MP0212_Sindu,Sinduriya,Ratlam,Ganga,Yamuna,23.660833333333333,75.21555555555555,440992688,4,2026-08-15T15:00:00+00:00,5,21.4,0,Linked live river forecast reach,0.3441776214167475
MP0212_Sindu,Sinduriya,Ratlam,Ganga,Yamuna,23.660833333333333,75.21555555555555,440992688,4,2026-08-15T18:00:00+00:00,5,19.8,0,Linked live river forecast reach,0.3441776214167475
MP0212_Sindu,Sinduriya,Ratlam,Ganga,Yamuna,23.660833333333333,75.21555555555555,440992688,4,2026-08-15T21:00:00+00:00,5,18.7,0,Linked live river forecast reach,0.3441776214167475
MP0212_Sindu,Sinduriya,Ratlam,Ganga,Yamuna,23.660833333333333,75.21555555555555,440992688,4,2026-08-16T00:00:00+00:00,5,18.2,0,Linked live river forecast reach,0.3441776214167475
MP0212_Sindu,Sinduriya,Ratlam,Ganga,Yamuna,23.660833333333333,75.21555555555555,440992688,4,2026-08-16T03:00:00+00:00,5,18.3,0,Linked live river forecast reach,0.3441776214167475
MP0212_Sindu,Sinduriya,Ratlam,Ganga,Yamuna,23.660833333333333,75.21555555555555,440992688,4,2026-08-16T06:00:00+00:00,5,18.6,0,Linked live river forecast reach,0.3441776214167475
MP0212_Sindu,Sinduriya,Ratlam,Ganga,Yamuna,23.660833333333333,75.21555555555555,440992688,4,2026-08-16T09:00:00+00:00,5,18.7,0,Linked live river forecast reach,0.3441776214167475
MP0212_Sindu,Sinduriya,Ratlam,Ganga,Yamuna,23.660833333333333,75.21555555555555,440992688,4,2026-08-16T12:00:00+00:00,5,18.8,0,Linked live river forecast reach,0.3441776214167475
MP0212_Sindu,Sinduriya,Ratlam,Ganga,Yamuna,23.660833333333333,75.21555555555555,440992688,4,2026-08-16T15:00:00+00:00,6,18.7,0,Linked live river forecast reach,0.3441776214167475
MP0212_Sindu,Sinduriya,Ratlam,Ganga,Yamuna,23.660833333333333,75.21555555555555,440992688,4,2026-08-16T18:00:00+00:00,6,18.3,0,Linked live river forecast reach,0.3441776214167475
MP0212_Sindu,Sinduriya,Ratlam,Ganga,Yamuna,23.660833333333333,75.21555555555555,440992688,4,2026-08-16T21:00:00+00:00,6,17.8,0,Linked live river forecast reach,0.3441776214167475
MP0212_Sindu,Sinduriya,Ratlam,Ganga,Yamuna,23.660833333333333,75.21555555555555,440992688,4,2026-08-17T00:00:00+00:00,6,17.7,0,Linked live river forecast reach,0.3441776214167475
MP0212_Sindu,Sinduriya,Ratlam,Ganga,Yamuna,23.660833333333333,75.21555555555555,440992688,4,2026-08-17T03:00:00+00:00,6,17.9,0,Linked live river forecast reach,0.3441776214167475
MP0212_Sindu,Sinduriya,Ratlam,Ganga,Yamuna,23.660833333333333,75.21555555555555,440992688,4,2026-08-17T06:00:00+00:00,6,18.2,0,Linked live river forecast reach,0.3441776214167475
MP0212_Sindu,Sinduriya,Ratlam,Ganga,Yamuna,23.660833333333333,75.21555555555555,440992688,4,2026-08-17T09:00:00+00:00,6,18.4,0,Linked live river forecast reach,0.3441776214167475
MP0212_Sindu,Sinduriya,Ratlam,Ganga,Yamuna,23.660833333333333,75.21555555555555,440992688,4,2026-08-17T12:00:00+00:00,6,18.3,0,Linked live river forecast reach,0.3441776214167475
MP0212_Sindu,Sinduriya,Ratlam,Ganga,Yamuna,23.660833333333333,75.21555555555555,440992688,4,2026-08-17T15:00:00+00:00,7,18.1,0,Linked live river forecast reach,0.3441776214167475
MP0213_Gurah,Guraha,Ujjain,Ganga,Yamuna,23.316944444444445,75.61916666666667,440936287,4,2026-08-10T15:00:00+00:00,0,95.1,0,Linked live river forecast reach,377.12754502147436
MP0213_Gurah,Guraha,Ujjain,Ganga,Yamuna,23.316944444444445,75.61916666666667,440936287,4,2026-08-10T18:00:00+00:00,0,114.4,0,Linked live river forecast reach,377.12754502147436
MP0213_Gurah,Guraha,Ujjain,Ganga,Yamuna,23.316944444444445,75.61916666666667,440936287,4,2026-08-10T21:00:00+00:00,0,131.7,0,Linked live river forecast reach,377.12754502147436
MP0213_Gurah,Guraha,Ujjain,Ganga,Yamuna,23.316944444444445,75.61916666666667,440936287,4,2026-08-11T00:00:00+00:00,0,141.1,0,Linked live river forecast reach,377.12754502147436
MP0213_Gurah,Guraha,Ujjain,Ganga,Yamuna,23.316944444444445,75.61916666666667,440936287,4,2026-08-11T03:00:00+00:00,0,145.1,0,Linked live river forecast reach,377.12754502147436
MP0213_Gurah,Guraha,Ujjain,Ganga,Yamuna,23.316944444444445,75.61916666666667,440936287,4,2026-08-11T06:00:00+00:00,0,146.6,0,Linked live river forecast reach,377.12754502147436
MP0213_Gurah,Guraha,Ujjain,Ganga,Yamuna,23.316944444444445,75.61916666666667,440936287,4,2026-08-11T09:00:00+00:00,0,152.7,0,Linked live river forecast reach,377.12754502147436
MP0213_Gurah,Guraha,Ujjain,Ganga,Yamuna,23.316944444444445,75.61916666666667,440936287,4,2026-08-11T12:00:00+00:00,0,164.5,0,Linked live river forecast reach,377.12754502147436
MP0213_Gurah,Guraha,Ujjain,Ganga,Yamuna,23.316944444444445,75.61916666666667,440936287,4,2026-08-11T15:00:00+00:00,1,179.1,0,Linked live river forecast reach,377.12754502147436
MP0213_Gurah,Guraha,Ujjain,Ganga,Yamuna,23.316944444444445,75.61916666666667,440936287,4,2026-08-11T18:00:00+00:00,1,188.6,0,Linked live river forecast reach,377.12754502147436
MP0213_Gurah,Guraha,Ujjain,Ganga,Yamuna,23.316944444444445,75.61916666666667,440936287,4,2026-08-11T21:00:00+00:00,1,190.1,0,Linked live river forecast reach,377.12754502147436
MP0213_Gurah,Guraha,Ujjain,Ganga,Yamuna,23.316944444444445,75.61916666666667,440936287,4,2026-08-12T00:00:00+00:00,1,192.2,0,Linked live river forecast reach,377.12754502147436
MP0213_Gurah,Guraha,Ujjain,Ganga,Yamuna,23.316944444444445,75.61916666666667,440936287,4,2026-08-12T03:00:00+00:00,1,204.0,0,Linked live river forecast reach,377.12754502147436
MP0213_Gurah,Guraha,Ujjain,Ganga,Yamuna,23.316944444444445,75.61916666666667,440936287,4,2026-08-12T06:00:00+00:00,1,223.0,0,Linked live river forecast reach,377.12754502147436
MP0213_Gurah,Guraha,Ujjain,Ganga,Yamuna,23.316944444444445,75.61916666666667,440936287,4,2026-08-12T09:00:00+00:00,1,243.5,0,Linked live river forecast reach,377.12754502147436
MP0213_Gurah,Guraha,Ujjain,Ganga,Yamuna,23.316944444444445,75.61916666666667,440936287,4,2026-08-12T12:00:00+00:00,1,258.2,0,Linked live river forecast reach,377.12754502147436
MP0213_Gurah,Guraha,Ujjain,Ganga,Yamuna,23.316944444444445,75.61916666666667,440936287,4,2026-08-12T15:00:00+00:00,2,263.3,0,Linked live river forecast reach,377.12754502147436
MP0213_Gurah,Guraha,Ujjain,Ganga,Yamuna,23.316944444444445,75.61916666666667,440936287,4,2026-08-12T18:00:00+00:00,2,261.9,0,Linked live river forecast reach,377.12754502147436
MP0213_Gurah,Guraha,Ujjain,Ganga,Yamuna,23.316944444444445,75.61916666666667,440936287,4,2026-08-12T21:00:00+00:00,2,258.0,0,Linked live river forecast reach,377.12754502147436
MP0213_Gurah,Guraha,Ujjain,Ganga,Yamuna,23.316944444444445,75.61916666666667,440936287,4,2026-08-13T00:00:00+00:00,2,254.2,0,Linked live river forecast reach,377.12754502147436
MP0213_Gurah,Guraha,Ujjain,Ganga,Yamuna,23.316944444444445,75.61916666666667,440936287,4,2026-08-13T03:00:00+00:00,2,251.5,0,Linked live river forecast reach,377.12754502147436
MP0213_Gurah,Guraha,Ujjain,Ganga,Yamuna,23.316944444444445,75.61916666666667,440936287,4,2026-08-13T06:00:00+00:00,2,247.6,0,Linked live river forecast reach,377.12754502147436
MP0213_Gurah,Guraha,Ujjain,Ganga,Yamuna,23.316944444444445,75.61916666666667,440936287,4,2026-08-13T09:00:00+00:00,2,241.4,0,Linked live river forecast reach,377.12754502147436
MP0213_Gurah,Guraha,Ujjain,Ganga,Yamuna,23.316944444444445,75.61916666666667,440936287,4,2026-08-13T12:00:00+00:00,2,230.4,0,Linked live river forecast reach,377.12754502147436
MP0213_Gurah,Guraha,Ujjain,Ganga,Yamuna,23.316944444444445,75.61916666666667,440936287,4,2026-08-13T15:00:00+00:00,3,213.9,0,Linked live river forecast reach,377.12754502147436
MP0213_Gurah,Guraha,Ujjain,Ganga,Yamuna,23.316944444444445,75.61916666666667,440936287,4,2026-08-13T18:00:00+00:00,3,194.9,0,Linked live river forecast reach,377.12754502147436
MP0213_Gurah,Guraha,Ujjain,Ganga,Yamuna,23.316944444444445,75.61916666666667,440936287,4,2026-08-13T21:00:00+00:00,3,176.4,0,Linked live river forecast reach,377.12754502147436
MP0213_Gurah,Guraha,Ujjain,Ganga,Yamuna,23.316944444444445,75.61916666666667,440936287,4,2026-08-14T00:00:00+00:00,3,158.4,0,Linked live river forecast reach,377.12754502147436
MP0213_Gurah,Guraha,Ujjain,Ganga,Yamuna,23.316944444444445,75.61916666666667,440936287,4,2026-08-14T03:00:00+00:00,3,141.8,0,Linked live river forecast reach,377.12754502147436
MP0213_Gurah,Guraha,Ujjain,Ganga,Yamuna,23.316944444444445,75.61916666666667,440936287,4,2026-08-14T06:00:00+00:00,3,126.8,0,Linked live river forecast reach,377.12754502147436
MP0213_Gurah,Guraha,Ujjain,Ganga,Yamuna,23.316944444444445,75.61916666666667,440936287,4,2026-08-14T09:00:00+00:00,3,112.6,0,Linked live river forecast reach,377.12754502147436
MP0213_Gurah,Guraha,Ujjain,Ganga,Yamuna,23.316944444444445,75.61916666666667,440936287,4,2026-08-14T12:00:00+00:00,3,99.6,0,Linked live river forecast reach,377.12754502147436
MP0213_Gurah,Guraha,Ujjain,Ganga,Yamuna,23.316944444444445,75.61916666666667,440936287,4,2026-08-14T15:00:00+00:00,4,87.3,0,Linked live river forecast reach,377.12754502147436
MP0213_Gurah,Guraha,Ujjain,Ganga,Yamuna,23.316944444444445,75.61916666666667,440936287,4,2026-08-14T18:00:00+00:00,4,76.5,0,Linked live river forecast reach,377.12754502147436
MP0213_Gurah,Guraha,Ujjain,Ganga,Yamuna,23.316944444444445,75.61916666666667,440936287,4,2026-08-14T21:00:00+00:00,4,67.7,0,Linked live river forecast reach,377.12754502147436
MP0213_Gurah,Guraha,Ujjain,Ganga,Yamuna,23.316944444444445,75.61916666666667,440936287,4,2026-08-15T00:00:00+00:00,4,60.1,0,Linked live river forecast reach,377.12754502147436
MP0213_Gurah,Guraha,Ujjain,Ganga,Yamuna,23.316944444444445,75.61916666666667,440936287,4,2026-08-15T03:00:00+00:00,4,53.6,0,Linked live river forecast reach,377.12754502147436
MP0213_Gurah,Guraha,Ujjain,Ganga,Yamuna,23.316944444444445,75.61916666666667,440936287,4,2026-08-15T06:00:00+00:00,4,48.4,0,Linked live river forecast reach,377.12754502147436
MP0213_Gurah,Guraha,Ujjain,Ganga,Yamuna,23.316944444444445,75.61916666666667,440936287,4,2026-08-15T09:00:00+00:00,4,44.7,0,Linked live river forecast reach,377.12754502147436
MP0213_Gurah,Guraha,Ujjain,Ganga,Yamuna,23.316944444444445,75.61916666666667,440936287,4,2026-08-15T12:00:00+00:00,4,41.7,0,Linked live river forecast reach,377.12754502147436
MP0213_Gurah,Guraha,Ujjain,Ganga,Yamuna,23.316944444444445,75.61916666666667,440936287,4,2026-08-15T15:00:00+00:00,5,38.9,0,Linked live river forecast reach,377.12754502147436
MP0213_Gurah,Guraha,Ujjain,Ganga,Yamuna,23.316944444444445,75.61916666666667,440936287,4,2026-08-15T18:00:00+00:00,5,36.3,0,Linked live river forecast reach,377.12754502147436
MP0213_Gurah,Guraha,Ujjain,Ganga,Yamuna,23.316944444444445,75.61916666666667,440936287,4,2026-08-15T21:00:00+00:00,5,34.4,0,Linked live river forecast reach,377.12754502147436
MP0213_Gurah,Guraha,Ujjain,Ganga,Yamuna,23.316944444444445,75.61916666666667,440936287,4,2026-08-16T00:00:00+00:00,5,33.0,0,Linked live river forecast reach,377.12754502147436
MP0213_Gurah,Guraha,Ujjain,Ganga,Yamuna,23.316944444444445,75.61916666666667,440936287,4,2026-08-16T03:00:00+00:00,5,31.8,0,Linked live river forecast reach,377.12754502147436
MP0213_Gurah,Guraha,Ujjain,Ganga,Yamuna,23.316944444444445,75.61916666666667,440936287,4,2026-08-16T06:00:00+00:00,5,30.9,0,Linked live river forecast reach,377.12754502147436
MP0213_Gurah,Guraha,Ujjain,Ganga,Yamuna,23.316944444444445,75.61916666666667,440936287,4,2026-08-16T09:00:00+00:00,5,30.3,0,Linked live river forecast reach,377.12754502147436
MP0213_Gurah,Guraha,Ujjain,Ganga,Yamuna,23.316944444444445,75.61916666666667,440936287,4,2026-08-16T12:00:00+00:00,5,30.1,0,Linked live river forecast reach,377.12754502147436
MP0213_Gurah,Guraha,Ujjain,Ganga,Yamuna,23.316944444444445,75.61916666666667,440936287,4,2026-08-16T15:00:00+00:00,6,30.2,0,Linked live river forecast reach,377.12754502147436
MP0213_Gurah,Guraha,Ujjain,Ganga,Yamuna,23.316944444444445,75.61916666666667,440936287,4,2026-08-16T18:00:00+00:00,6,30.4,0,Linked live river forecast reach,377.12754502147436
MP0213_Gurah,Guraha,Ujjain,Ganga,Yamuna,23.316944444444445,75.61916666666667,440936287,4,2026-08-16T21:00:00+00:00,6,30.8,0,Linked live river forecast reach,377.12754502147436
MP0213_Gurah,Guraha,Ujjain,Ganga,Yamuna,23.316944444444445,75.61916666666667,440936287,4,2026-08-17T00:00:00+00:00,6,31.7,0,Linked live river forecast reach,377.12754502147436
MP0213_Gurah,Guraha,Ujjain,Ganga,Yamuna,23.316944444444445,75.61916666666667,440936287,4,2026-08-17T03:00:00+00:00,6,32.6,0,Linked live river forecast reach,377.12754502147436
MP0213_Gurah,Guraha,Ujjain,Ganga,Yamuna,23.316944444444445,75.61916666666667,440936287,4,2026-08-17T06:00:00+00:00,6,34.0,0,Linked live river forecast reach,377.12754502147436
MP0213_Gurah,Guraha,Ujjain,Ganga,Yamuna,23.316944444444445,75.61916666666667,440936287,4,2026-08-17T09:00:00+00:00,6,35.8,0,Linked live river forecast reach,377.12754502147436
MP0213_Gurah,Guraha,Ujjain,Ganga,Yamuna,23.316944444444445,75.61916666666667,440936287,4,2026-08-17T12:00:00+00:00,6,36.9,0,Linked live river forecast reach,377.12754502147436
MP0213_Gurah,Guraha,Ujjain,Ganga,Yamuna,23.316944444444445,75.61916666666667,440936287,4,2026-08-17T15:00:00+00:00,7,37.1,0,Linked live river forecast reach,377.12754502147436
MP0213_Snwer,Sanwar,Indore,Ganga,Yamuna,22.980555555555554,75.83,440873006,4,2026-08-10T15:00:00+00:00,0,17.2,0,Linked live river forecast reach,252.41701466765696
MP0214_Mndsr,Mandsour,Mandsaur,Ganga,Yamuna,24.06833333333333,75.03083333333333,440778013,2,2026-08-10T15:00:00+00:00,0,17.6,0,Linked live river forecast reach,745.1935610377118
MP0214_Mndsr,Mandsour,Mandsaur,Ganga,Yamuna,24.06833333333333,75.03083333333333,440778013,2,2026-08-10T18:00:00+00:00,0,25.8,0,Linked live river forecast reach,745.1935610377118
MP0214_Mndsr,Mandsour,Mandsaur,Ganga,Yamuna,24.06833333333333,75.03083333333333,440778013,2,2026-08-10T21:00:00+00:00,0,34.4,0,Linked live river forecast reach,745.1935610377118
MP0214_Mndsr,Mandsour,Mandsaur,Ganga,Yamuna,24.06833333333333,75.03083333333333,440778013,2,2026-08-11T00:00:00+00:00,0,37.6,0,Linked live river forecast reach,745.1935610377118
MP0214_Mndsr,Mandsour,Mandsaur,Ganga,Yamuna,24.06833333333333,75.03083333333333,440778013,2,2026-08-11T03:00:00+00:00,0,41.7,0,Linked live river forecast reach,745.1935610377118
MP0214_Mndsr,Mandsour,Mandsaur,Ganga,Yamuna,24.06833333333333,75.03083333333333,440778013,2,2026-08-11T06:00:00+00:00,0,26.4,0,Linked live river forecast reach,745.1935610377118
MP0214_Mndsr,Mandsour,Mandsaur,Ganga,Yamuna,24.06833333333333,75.03083333333333,440778013,2,2026-08-11T09:00:00+00:00,0,15.2,0,Linked live river forecast reach,745.1935610377118
MP0214_Mndsr,Mandsour,Mandsaur,Ganga,Yamuna,24.06833333333333,75.03083333333333,440778013,2,2026-08-11T12:00:00+00:00,0,12.9,0,Linked live river forecast reach,745.1935610377118
MP0214_Mndsr,Mandsour,Mandsaur,Ganga,Yamuna,24.06833333333333,75.03083333333333,440778013,2,2026-08-11T15:00:00+00:00,1,11.9,0,Linked live river forecast reach,745.1935610377118
MP0214_Mndsr,Mandsour,Mandsaur,Ganga,Yamuna,24.06833333333333,75.03083333333333,440778013,2,2026-08-11T18:00:00+00:00,1,10.3,0,Linked live river forecast reach,745.1935610377118
MP0214_Mndsr,Mandsour,Mandsaur,Ganga,Yamuna,24.06833333333333,75.03083333333333,440778013,2,2026-08-11T21:00:00+00:00,1,9.2,0,Linked live river forecast reach,745.1935610377118
MP0214_Mndsr,Mandsour,Mandsaur,Ganga,Yamuna,24.06833333333333,75.03083333333333,440778013,2,2026-08-12T00:00:00+00:00,1,8.9,0,Linked live river forecast reach,745.1935610377118
MP0214_Mndsr,Mandsour,Mandsaur,Ganga,Yamuna,24.06833333333333,75.03083333333333,440778013,2,2026-08-12T03:00:00+00:00,1,9.4,0,Linked live river forecast reach,745.1935610377118
MP0214_Mndsr,Mandsour,Mandsaur,Ganga,Yamuna,24.06833333333333,75.03083333333333,440778013,2,2026-08-12T06:00:00+00:00,1,8.7,0,Linked live river forecast reach,745.1935610377118
MP0214_Mndsr,Mandsour,Mandsaur,Ganga,Yamuna,24.06833333333333,75.03083333333333,440778013,2,2026-08-12T09:00:00+00:00,1,6.6,0,Linked live river forecast reach,745.1935610377118
MP0214_Mndsr,Mandsour,Mandsaur,Ganga,Yamuna,24.06833333333333,75.03083333333333,440778013,2,2026-08-12T12:00:00+00:00,1,4.7,0,Linked live river forecast reach,745.1935610377118
MP0214_Mndsr,Mandsour,Mandsaur,Ganga,Yamuna,24.06833333333333,75.03083333333333,440778013,2,2026-08-12T15:00:00+00:00,2,3.7,0,Linked live river forecast reach,745.1935610377118
MP0214_Mndsr,Mandsour,Mandsaur,Ganga,Yamuna,24.06833333333333,75.03083333333333,440778013,2,2026-08-12T18:00:00+00:00,2,2.8,0,Linked live river forecast reach,745.1935610377118
MP0214_Mndsr,Mandsour,Mandsaur,Ganga,Yamuna,24.06833333333333,75.03083333333333,440778013,2,2026-08-12T21:00:00+00:00,2,2.9,0,Linked live river forecast reach,745.1935610377118
MP0214_Mndsr,Mandsour,Mandsaur,Ganga,Yamuna,24.06833333333333,75.03083333333333,440778013,2,2026-08-13T00:00:00+00:00,2,3.0,0,Linked live river forecast reach,745.1935610377118
MP0214_Mndsr,Mandsour,Mandsaur,Ganga,Yamuna,24.06833333333333,75.03083333333333,440778013,2,2026-08-13T03:00:00+00:00,2,3.2,0,Linked live river forecast reach,745.1935610377118
MP0214_Mndsr,Mandsour,Mandsaur,Ganga,Yamuna,24.06833333333333,75.03083333333333,440778013,2,2026-08-13T06:00:00+00:00,2,2.8,0,Linked live river forecast reach,745.1935610377118
MP0214_Mndsr,Mandsour,Mandsaur,Ganga,Yamuna,24.06833333333333,75.03083333333333,440778013,2,2026-08-13T09:00:00+00:00,2,2.4,0,Linked live river forecast reach,745.1935610377118
MP0214_Mndsr,Mandsour,Mandsaur,Ganga,Yamuna,24.06833333333333,75.03083333333333,440778013,2,2026-08-13T12:00:00+00:00,2,2.0,0,Linked live river forecast reach,745.1935610377118
MP0214_Mndsr,Mandsour,Mandsaur,Ganga,Yamuna,24.06833333333333,75.03083333333333,440778013,2,2026-08-13T15:00:00+00:00,3,1.7,0,Linked live river forecast reach,745.1935610377118
MP0214_Mndsr,Mandsour,Mandsaur,Ganga,Yamuna,24.06833333333333,75.03083333333333,440778013,2,2026-08-13T18:00:00+00:00,3,1.5,0,Linked live river forecast reach,745.1935610377118
MP0214_Mndsr,Mandsour,Mandsaur,Ganga,Yamuna,24.06833333333333,75.03083333333333,440778013,2,2026-08-13T21:00:00+00:00,3,1.3,0,Linked live river forecast reach,745.1935610377118
MP0214_Mndsr,Mandsour,Mandsaur,Ganga,Yamuna,24.06833333333333,75.03083333333333,440778013,2,2026-08-14T00:00:00+00:00,3,1.0,0,Linked live river forecast reach,745.1935610377118
MP0214_Mndsr,Mandsour,Mandsaur,Ganga,Yamuna,24.06833333333333,75.03083333333333,440778013,2,2026-08-14T03:00:00+00:00,3,1.0,0,Linked live river forecast reach,745.1935610377118
MP0214_Mndsr,Mandsour,Mandsaur,Ganga,Yamuna,24.06833333333333,75.03083333333333,440778013,2,2026-08-14T06:00:00+00:00,3,1.1,0,Linked live river forecast reach,745.1935610377118
MP0214_Mndsr,Mandsour,Mandsaur,Ganga,Yamuna,24.06833333333333,75.03083333333333,440778013,2,2026-08-14T09:00:00+00:00,3,1.1,0,Linked live river forecast reach,745.1935610377118
MP0214_Mndsr,Mandsour,Mandsaur,Ganga,Yamuna,24.06833333333333,75.03083333333333,440778013,2,2026-08-14T12:00:00+00:00,3,1.2,0,Linked live river forecast reach,745.1935610377118
MP0214_Mndsr,Mandsour,Mandsaur,Ganga,Yamuna,24.06833333333333,75.03083333333333,440778013,2,2026-08-14T15:00:00+00:00,4,1.2,0,Linked live river forecast reach,745.1935610377118
MP0214_Mndsr,Mandsour,Mandsaur,Ganga,Yamuna,24.06833333333333,75.03083333333333,440778013,2,2026-08-14T18:00:00+00:00,4,0.8,0,Linked live river forecast reach,745.1935610377118
MP0214_Mndsr,Mandsour,Mandsaur,Ganga,Yamuna,24.06833333333333,75.03083333333333,440778013,2,2026-08-14T21:00:00+00:00,4,0.8,0,Linked live river forecast reach,745.1935610377118
MP0214_Mndsr,Mandsour,Mandsaur,Ganga,Yamuna,24.06833333333333,75.03083333333333,440778013,2,2026-08-15T00:00:00+00:00,4,0.9,0,Linked live river forecast reach,745.1935610377118
MP0214_Mndsr,Mandsour,Mandsaur,Ganga,Yamuna,24.06833333333333,75.03083333333333,440778013,2,2026-08-15T03:00:00+00:00,4,1.0,0,Linked live river forecast reach,745.1935610377118
MP0214_Mndsr,Mandsour,Mandsaur,Ganga,Yamuna,24.06833333333333,75.03083333333333,440778013,2,2026-08-15T06:00:00+00:00,4,1.1,0,Linked live river forecast reach,745.1935610377118
MP0214_Mndsr,Mandsour,Mandsaur,Ganga,Yamuna,24.06833333333333,75.03083333333333,440778013,2,2026-08-15T09:00:00+00:00,4,1.1,0,Linked live river forecast reach,745.1935610377118
MP0214_Mndsr,Mandsour,Mandsaur,Ganga,Yamuna,24.06833333333333,75.03083333333333,440778013,2,2026-08-15T12:00:00+00:00,4,1.0,0,Linked live river forecast reach,745.1935610377118
MP0214_Mndsr,Mandsour,Mandsaur,Ganga,Yamuna,24.06833333333333,75.03083333333333,440778013,2,2026-08-15T15:00:00+00:00,5,0.9,0,Linked live river forecast reach,745.1935610377118
MP0214_Mndsr,Mandsour,Mandsaur,Ganga,Yamuna,24.06833333333333,75.03083333333333,440778013,2,2026-08-15T18:00:00+00:00,5,0.7,0,Linked live river forecast reach,745.1935610377118
MP0214_Mndsr,Mandsour,Mandsaur,Ganga,Yamuna,24.06833333333333,75.03083333333333,440778013,2,2026-08-15T21:00:00+00:00,5,0.7,0,Linked live river forecast reach,745.1935610377118
MP0214_Mndsr,Mandsour,Mandsaur,Ganga,Yamuna,24.06833333333333,75.03083333333333,440778013,2,2026-08-16T00:00:00+00:00,5,0.7,0,Linked live river forecast reach,745.1935610377118
MP0214_Mndsr,Mandsour,Mandsaur,Ganga,Yamuna,24.06833333333333,75.03083333333333,440778013,2,2026-08-16T03:00:00+00:00,5,0.8,0,Linked live river forecast reach,745.1935610377118
MP0214_Mndsr,Mandsour,Mandsaur,Ganga,Yamuna,24.06833333333333,75.03083333333333,440778013,2,2026-08-16T06:00:00+00:00,5,0.7,0,Linked live river forecast reach,745.1935610377118
MP0214_Mndsr,Mandsour,Mandsaur,Ganga,Yamuna,24.06833333333333,75.03083333333333,440778013,2,2026-08-16T09:00:00+00:00,5,0.7,0,Linked live river forecast reach,745.1935610377118
MP0214_Mndsr,Mandsour,Mandsaur,Ganga,Yamuna,24.06833333333333,75.03083333333333,440778013,2,2026-08-16T12:00:00+00:00,5,0.6,0,Linked live river forecast reach,745.1935610377118
MP0214_Mndsr,Mandsour,Mandsaur,Ganga,Yamuna,24.06833333333333,75.03083333333333,440778013,2,2026-08-16T15:00:00+00:00,6,0.6,0,Linked live river forecast reach,745.1935610377118
MP0214_Mndsr,Mandsour,Mandsaur,Ganga,Yamuna,24.06833333333333,75.03083333333333,440778013,2,2026-08-16T18:00:00+00:00,6,0.6,0,Linked live river forecast reach,745.1935610377118
MP0214_Mndsr,Mandsour,Mandsaur,Ganga,Yamuna,24.06833333333333,75.03083333333333,440778013,2,2026-08-16T21:00:00+00:00,6,0.7,0,Linked live river forecast reach,745.1935610377118
MP0214_Mndsr,Mandsour,Mandsaur,Ganga,Yamuna,24.06833333333333,75.03083333333333,440778013,2,2026-08-17T00:00:00+00:00,6,0.9,0,Linked live river forecast reach,745.1935610377118
MP0214_Mndsr,Mandsour,Mandsaur,Ganga,Yamuna,24.06833333333333,75.03083333333333,440778013,2,2026-08-17T03:00:00+00:00,6,1.0,0,Linked live river forecast reach,745.1935610377118
MP0214_Mndsr,Mandsour,Mandsaur,Ganga,Yamuna,24.06833333333333,75.03083333333333,440778013,2,2026-08-17T06:00:00+00:00,6,1.0,0,Linked live river forecast reach,745.1935610377118
MP0214_Mndsr,Mandsour,Mandsaur,Ganga,Yamuna,24.06833333333333,75.03083333333333,440778013,2,2026-08-17T09:00:00+00:00,6,0.9,0,Linked live river forecast reach,745.1935610377118
MP0214_Mndsr,Mandsour,Mandsaur,Ganga,Yamuna,24.06833333333333,75.03083333333333,440778013,2,2026-08-17T12:00:00+00:00,6,0.8,0,Linked live river forecast reach,745.1935610377118
MP0214_Mndsr,Mandsour,Mandsaur,Ganga,Yamuna,24.06833333333333,75.03083333333333,440778013,2,2026-08-17T15:00:00+00:00,7,0.8,0,Linked live river forecast reach,745.1935610377118
MP0215_Biora,Biora_C,Rajgarh,Ganga,Yamuna,23.92111111111111,77.9075,440743620,2,2026-08-10T15:00:00+00:00,0,7.7,0,Linked live river forecast reach,178.28068235788461
MP0215_Biora,Biora_C,Rajgarh,Ganga,Yamuna,23.92111111111111,77.9075,440743620,2,2026-08-10T18:00:00+00:00,0,7.1,0,Linked live river forecast reach,178.28068235788461
MP0215_Biora,Biora_C,Rajgarh,Ganga,Yamuna,23.92111111111111,77.9075,440743620,2,2026-08-10T21:00:00+00:00,0,6.0,0,Linked live river forecast reach,178.28068235788461
MP0215_Biora,Biora_C,Rajgarh,Ganga,Yamuna,23.92111111111111,77.9075,440743620,2,2026-08-11T00:00:00+00:00,0,5.0,0,Linked live river forecast reach,178.28068235788461
MP0215_Biora,Biora_C,Rajgarh,Ganga,Yamuna,23.92111111111111,77.9075,440743620,2,2026-08-11T03:00:00+00:00,0,3.9,0,Linked live river forecast reach,178.28068235788461
MP0215_Biora,Biora_C,Rajgarh,Ganga,Yamuna,23.92111111111111,77.9075,440743620,2,2026-08-11T06:00:00+00:00,0,2.9,0,Linked live river forecast reach,178.28068235788461
MP0215_Biora,Biora_C,Rajgarh,Ganga,Yamuna,23.92111111111111,77.9075,440743620,2,2026-08-11T09:00:00+00:00,0,2.4,0,Linked live river forecast reach,178.28068235788461
MP0215_Biora,Biora_C,Rajgarh,Ganga,Yamuna,23.92111111111111,77.9075,440743620,2,2026-08-11T12:00:00+00:00,0,2.6,0,Linked live river forecast reach,178.28068235788461
MP0215_Biora,Biora_C,Rajgarh,Ganga,Yamuna,23.92111111111111,77.9075,440743620,2,2026-08-11T15:00:00+00:00,1,3.4,0,Linked live river forecast reach,178.28068235788461
MP0215_Biora,Biora_C,Rajgarh,Ganga,Yamuna,23.92111111111111,77.9075,440743620,2,2026-08-11T18:00:00+00:00,1,3.9,0,Linked live river forecast reach,178.28068235788461
MP0215_Biora,Biora_C,Rajgarh,Ganga,Yamuna,23.92111111111111,77.9075,440743620,2,2026-08-11T21:00:00+00:00,1,4.1,0,Linked live river forecast reach,178.28068235788461
MP0215_Biora,Biora_C,Rajgarh,Ganga,Yamuna,23.92111111111111,77.9075,440743620,2,2026-08-12T00:00:00+00:00,1,4.3,0,Linked live river forecast reach,178.28068235788461
MP0215_Biora,Biora_C,Rajgarh,Ganga,Yamuna,23.92111111111111,77.9075,440743620,2,2026-08-12T03:00:00+00:00,1,4.1,0,Linked live river forecast reach,178.28068235788461
MP0215_Biora,Biora_C,Rajgarh,Ganga,Yamuna,23.92111111111111,77.9075,440743620,2,2026-08-12T06:00:00+00:00,1,3.5,0,Linked live river forecast reach,178.28068235788461
MP0215_Biora,Biora_C,Rajgarh,Ganga,Yamuna,23.92111111111111,77.9075,440743620,2,2026-08-12T09:00:00+00:00,1,3.0,0,Linked live river forecast reach,178.28068235788461
MP0215_Biora,Biora_C,Rajgarh,Ganga,Yamuna,23.92111111111111,77.9075,440743620,2,2026-08-12T12:00:00+00:00,1,3.1,0,Linked live river forecast reach,178.28068235788461
MP0215_Biora,Biora_C,Rajgarh,Ganga,Yamuna,23.92111111111111,77.9075,440743620,2,2026-08-12T15:00:00+00:00,2,3.9,0,Linked live river forecast reach,178.28068235788461
MP0215_Biora,Biora_C,Rajgarh,Ganga,Yamuna,23.92111111111111,77.9075,440743620,2,2026-08-12T18:00:00+00:00,2,4.8,0,Linked live river forecast reach,178.28068235788461
MP0215_Biora,Biora_C,Rajgarh,Ganga,Yamuna,23.92111111111111,77.9075,440743620,2,2026-08-12T21:00:00+00:00,2,4.8,0,Linked live river forecast reach,178.28068235788461
MP0215_Biora,Biora_C,Rajgarh,Ganga,Yamuna,23.92111111111111,77.9075,440743620,2,2026-08-13T00:00:00+00:00,2,4.1,0,Linked live river forecast reach,178.28068235788461
MP0215_Biora,Biora_C,Rajgarh,Ganga,Yamuna,23.92111111111111,77.9075,440743620,2,2026-08-13T03:00:00+00:00,2,3.3,0,Linked live river forecast reach,178.28068235788461
MP0215_Biora,Biora_C,Rajgarh,Ganga,Yamuna,23.92111111111111,77.9075,440743620,2,2026-08-13T06:00:00+00:00,2,2.8,0,Linked live river forecast reach,178.28068235788461
MP0215_Biora,Biora_C,Rajgarh,Ganga,Yamuna,23.92111111111111,77.9075,440743620,2,2026-08-13T09:00:00+00:00,2,2.6,0,Linked live river forecast reach,178.28068235788461
MP0215_Biora,Biora_C,Rajgarh,Ganga,Yamuna,23.92111111111111,77.9075,440743620,2,2026-08-13T12:00:00+00:00,2,2.8,0,Linked live river forecast reach,178.28068235788461
MP0215_Biora,Biora_C,Rajgarh,Ganga,Yamuna,23.92111111111111,77.9075,440743620,2,2026-08-13T15:00:00+00:00,3,3.3,0,Linked live river forecast reach,178.28068235788461
MP0215_Biora,Biora_C,Rajgarh,Ganga,Yamuna,23.92111111111111,77.9075,440743620,2,2026-08-13T18:00:00+00:00,3,3.8,0,Linked live river forecast reach,178.28068235788461
MP0215_Biora,Biora_C,Rajgarh,Ganga,Yamuna,23.92111111111111,77.9075,440743620,2,2026-08-13T21:00:00+00:00,3,3.8,0,Linked live river forecast reach,178.28068235788461
MP0215_Biora,Biora_C,Rajgarh,Ganga,Yamuna,23.92111111111111,77.9075,440743620,2,2026-08-14T00:00:00+00:00,3,3.4,0,Linked live river forecast reach,178.28068235788461
MP0215_Biora,Biora_C,Rajgarh,Ganga,Yamuna,23.92111111111111,77.9075,440743620,2,2026-08-14T03:00:00+00:00,3,3.1,0,Linked live river forecast reach,178.28068235788461
MP0215_Biora,Biora_C,Rajgarh,Ganga,Yamuna,23.92111111111111,77.9075,440743620,2,2026-08-14T06:00:00+00:00,3,3.0,0,Linked live river forecast reach,178.28068235788461
MP0215_Biora,Biora_C,Rajgarh,Ganga,Yamuna,23.92111111111111,77.9075,440743620,2,2026-08-14T09:00:00+00:00,3,3.3,0,Linked live river forecast reach,178.28068235788461
MP0215_Biora,Biora_C,Rajgarh,Ganga,Yamuna,23.92111111111111,77.9075,440743620,2,2026-08-14T12:00:00+00:00,3,3.8,0,Linked live river forecast reach,178.28068235788461
MP0215_Biora,Biora_C,Rajgarh,Ganga,Yamuna,23.92111111111111,77.9075,440743620,2,2026-08-14T15:00:00+00:00,4,4.4,0,Linked live river forecast reach,178.28068235788461
MP0215_Biora,Biora_C,Rajgarh,Ganga,Yamuna,23.92111111111111,77.9075,440743620,2,2026-08-14T18:00:00+00:00,4,4.9,0,Linked live river forecast reach,178.28068235788461
MP0215_Biora,Biora_C,Rajgarh,Ganga,Yamuna,23.92111111111111,77.9075,440743620,2,2026-08-14T21:00:00+00:00,4,4.8,0,Linked live river forecast reach,178.28068235788461
MP0215_Biora,Biora_C,Rajgarh,Ganga,Yamuna,23.92111111111111,77.9075,440743620,2,2026-08-15T00:00:00+00:00,4,4.3,0,Linked live river forecast reach,178.28068235788461
MP0215_Biora,Biora_C,Rajgarh,Ganga,Yamuna,23.92111111111111,77.9075,440743620,2,2026-08-15T03:00:00+00:00,4,4.4,0,Linked live river forecast reach,178.28068235788461
MP0215_Biora,Biora_C,Rajgarh,Ganga,Yamuna,23.92111111111111,77.9075,440743620,2,2026-08-15T06:00:00+00:00,4,5.6,0,Linked live river forecast reach,178.28068235788461
MP0215_Biora,Biora_C,Rajgarh,Ganga,Yamuna,23.92111111111111,77.9075,440743620,2,2026-08-15T09:00:00+00:00,4,6.8,0,Linked live river forecast reach,178.28068235788461
MP0215_Biora,Biora_C,Rajgarh,Ganga,Yamuna,23.92111111111111,77.9075,440743620,2,2026-08-15T12:00:00+00:00,4,7.8,0,Linked live river forecast reach,178.28068235788461
MP0215_Biora,Biora_C,Rajgarh,Ganga,Yamuna,23.92111111111111,77.9075,440743620,2,2026-08-15T15:00:00+00:00,5,8.8,0,Linked live river forecast reach,178.28068235788461
MP0215_Biora,Biora_C,Rajgarh,Ganga,Yamuna,23.92111111111111,77.9075,440743620,2,2026-08-15T18:00:00+00:00,5,9.3,0,Linked live river forecast reach,178.28068235788461
MP0215_Biora,Biora_C,Rajgarh,Ganga,Yamuna,23.92111111111111,77.9075,440743620,2,2026-08-15T21:00:00+00:00,5,9.7,0,Linked live river forecast reach,178.28068235788461
MP0215_Biora,Biora_C,Rajgarh,Ganga,Yamuna,23.92111111111111,77.9075,440743620,2,2026-08-16T00:00:00+00:00,5,9.8,0,Linked live river forecast reach,178.28068235788461
MP0215_Biora,Biora_C,Rajgarh,Ganga,Yamuna,23.92111111111111,77.9075,440743620,2,2026-08-16T03:00:00+00:00,5,9.8,0,Linked live river forecast reach,178.28068235788461
MP0215_Biora,Biora_C,Rajgarh,Ganga,Yamuna,23.92111111111111,77.9075,440743620,2,2026-08-16T06:00:00+00:00,5,10.2,0,Linked live river forecast reach,178.28068235788461
MP0215_Biora,Biora_C,Rajgarh,Ganga,Yamuna,23.92111111111111,77.9075,440743620,2,2026-08-16T09:00:00+00:00,5,10.2,0,Linked live river forecast reach,178.28068235788461
MP0215_Biora,Biora_C,Rajgarh,Ganga,Yamuna,23.92111111111111,77.9075,440743620,2,2026-08-16T12:00:00+00:00,5,9.5,0,Linked live river forecast reach,178.28068235788461
MP0215_Biora,Biora_C,Rajgarh,Ganga,Yamuna,23.92111111111111,77.9075,440743620,2,2026-08-16T15:00:00+00:00,6,8.1,0,Linked live river forecast reach,178.28068235788461
MP0215_Biora,Biora_C,Rajgarh,Ganga,Yamuna,23.92111111111111,77.9075,440743620,2,2026-08-16T18:00:00+00:00,6,6.8,0,Linked live river forecast reach,178.28068235788461
MP0215_Biora,Biora_C,Rajgarh,Ganga,Yamuna,23.92111111111111,77.9075,440743620,2,2026-08-16T21:00:00+00:00,6,6.6,0,Linked live river forecast reach,178.28068235788461
MP0215_Biora,Biora_C,Rajgarh,Ganga,Yamuna,23.92111111111111,77.9075,440743620,2,2026-08-17T00:00:00+00:00,6,8.2,0,Linked live river forecast reach,178.28068235788461
MP0215_Biora,Biora_C,Rajgarh,Ganga,Yamuna,23.92111111111111,77.9075,440743620,2,2026-08-17T03:00:00+00:00,6,10.4,0,Linked live river forecast reach,178.28068235788461
MP0215_Biora,Biora_C,Rajgarh,Ganga,Yamuna,23.92111111111111,77.9075,440743620,2,2026-08-17T06:00:00+00:00,6,10.9,0,Linked live river forecast reach,178.28068235788461
MP0215_Biora,Biora_C,Rajgarh,Ganga,Yamuna,23.92111111111111,77.9075,440743620,2,2026-08-17T09:00:00+00:00,6,9.7,0,Linked live river forecast reach,178.28068235788461
MP0215_Biora,Biora_C,Rajgarh,Ganga,Yamuna,23.92111111111111,77.9075,440743620,2,2026-08-17T12:00:00+00:00,6,8.0,0,Linked live river forecast reach,178.28068235788461
MP0215_Biora,Biora_C,Rajgarh,Ganga,Yamuna,23.92111111111111,77.9075,440743620,2,2026-08-17T15:00:00+00:00,7,6.3,0,Linked live river forecast reach,178.28068235788461
MP0215_Choma,Choma,Sajapur,Ganga,Yamuna,23.649166666666666,76.22277777777778,440978928,4,2026-08-10T15:00:00+00:00,0,516.8,0,Linked live river forecast reach,73.80907107330859
MP0215_Choma,Choma,Sajapur,Ganga,Yamuna,23.649166666666666,76.22277777777778,440978928,4,2026-08-10T18:00:00+00:00,0,587.0,0,Linked live river forecast reach,73.80907107330859
MP0215_Choma,Choma,Sajapur,Ganga,Yamuna,23.649166666666666,76.22277777777778,440978928,4,2026-08-10T21:00:00+00:00,0,615.9,0,Linked live river forecast reach,73.80907107330859
MP0215_Choma,Choma,Sajapur,Ganga,Yamuna,23.649166666666666,76.22277777777778,440978928,4,2026-08-11T00:00:00+00:00,0,635.4,0,Linked live river forecast reach,73.80907107330859
MP0215_Choma,Choma,Sajapur,Ganga,Yamuna,23.649166666666666,76.22277777777778,440978928,4,2026-08-11T03:00:00+00:00,0,646.0,0,Linked live river forecast reach,73.80907107330859
MP0215_Choma,Choma,Sajapur,Ganga,Yamuna,23.649166666666666,76.22277777777778,440978928,4,2026-08-11T06:00:00+00:00,0,647.2,0,Linked live river forecast reach,73.80907107330859
MP0215_Choma,Choma,Sajapur,Ganga,Yamuna,23.649166666666666,76.22277777777778,440978928,4,2026-08-11T09:00:00+00:00,0,631.4,0,Linked live river forecast reach,73.80907107330859
MP0215_Choma,Choma,Sajapur,Ganga,Yamuna,23.649166666666666,76.22277777777778,440978928,4,2026-08-11T12:00:00+00:00,0,575.1,0,Linked live river forecast reach,73.80907107330859
MP0215_Choma,Choma,Sajapur,Ganga,Yamuna,23.649166666666666,76.22277777777778,440978928,4,2026-08-11T15:00:00+00:00,1,492.9,0,Linked live river forecast reach,73.80907107330859
MP0215_Choma,Choma,Sajapur,Ganga,Yamuna,23.649166666666666,76.22277777777778,440978928,4,2026-08-11T18:00:00+00:00,1,405.9,0,Linked live river forecast reach,73.80907107330859
MP0215_Choma,Choma,Sajapur,Ganga,Yamuna,23.649166666666666,76.22277777777778,440978928,4,2026-08-11T21:00:00+00:00,1,330.6,0,Linked live river forecast reach,73.80907107330859
MP0215_Choma,Choma,Sajapur,Ganga,Yamuna,23.649166666666666,76.22277777777778,440978928,4,2026-08-12T00:00:00+00:00,1,278.5,0,Linked live river forecast reach,73.80907107330859
MP0215_Choma,Choma,Sajapur,Ganga,Yamuna,23.649166666666666,76.22277777777778,440978928,4,2026-08-12T03:00:00+00:00,1,249.9,0,Linked live river forecast reach,73.80907107330859
MP0215_Choma,Choma,Sajapur,Ganga,Yamuna,23.649166666666666,76.22277777777778,440978928,4,2026-08-12T06:00:00+00:00,1,236.9,0,Linked live river forecast reach,73.80907107330859
MP0215_Choma,Choma,Sajapur,Ganga,Yamuna,23.649166666666666,76.22277777777778,440978928,4,2026-08-12T09:00:00+00:00,1,228.7,0,Linked live river forecast reach,73.80907107330859
MP0215_Choma,Choma,Sajapur,Ganga,Yamuna,23.649166666666666,76.22277777777778,440978928,4,2026-08-12T12:00:00+00:00,1,217.4,0,Linked live river forecast reach,73.80907107330859
MP0215_Choma,Choma,Sajapur,Ganga,Yamuna,23.649166666666666,76.22277777777778,440978928,4,2026-08-12T15:00:00+00:00,2,203.0,0,Linked live river forecast reach,73.80907107330859
MP0215_Choma,Choma,Sajapur,Ganga,Yamuna,23.649166666666666,76.22277777777778,440978928,4,2026-08-12T18:00:00+00:00,2,185.1,0,Linked live river forecast reach,73.80907107330859
MP0215_Choma,Choma,Sajapur,Ganga,Yamuna,23.649166666666666,76.22277777777778,440978928,4,2026-08-12T21:00:00+00:00,2,168.2,0,Linked live river forecast reach,73.80907107330859
MP0215_Choma,Choma,Sajapur,Ganga,Yamuna,23.649166666666666,76.22277777777778,440978928,4,2026-08-13T00:00:00+00:00,2,150.3,0,Linked live river forecast reach,73.80907107330859
MP0215_Choma,Choma,Sajapur,Ganga,Yamuna,23.649166666666666,76.22277777777778,440978928,4,2026-08-13T03:00:00+00:00,2,131.4,0,Linked live river forecast reach,73.80907107330859
MP0215_Choma,Choma,Sajapur,Ganga,Yamuna,23.649166666666666,76.22277777777778,440978928,4,2026-08-13T06:00:00+00:00,2,111.6,0,Linked live river forecast reach,73.80907107330859
MP0215_Choma,Choma,Sajapur,Ganga,Yamuna,23.649166666666666,76.22277777777778,440978928,4,2026-08-13T09:00:00+00:00,2,93.9,0,Linked live river forecast reach,73.80907107330859
MP0215_Choma,Choma,Sajapur,Ganga,Yamuna,23.649166666666666,76.22277777777778,440978928,4,2026-08-13T12:00:00+00:00,2,79.5,0,Linked live river forecast reach,73.80907107330859
MP0215_Choma,Choma,Sajapur,Ganga,Yamuna,23.649166666666666,76.22277777777778,440978928,4,2026-08-13T15:00:00+00:00,3,69.6,0,Linked live river forecast reach,73.80907107330859
MP0215_Choma,Choma,Sajapur,Ganga,Yamuna,23.649166666666666,76.22277777777778,440978928,4,2026-08-13T18:00:00+00:00,3,64.6,0,Linked live river forecast reach,73.80907107330859
MP0215_Choma,Choma,Sajapur,Ganga,Yamuna,23.649166666666666,76.22277777777778,440978928,4,2026-08-13T21:00:00+00:00,3,60.9,0,Linked live river forecast reach,73.80907107330859
MP0215_Choma,Choma,Sajapur,Ganga,Yamuna,23.649166666666666,76.22277777777778,440978928,4,2026-08-14T00:00:00+00:00,3,57.2,0,Linked live river forecast reach,73.80907107330859
MP0215_Choma,Choma,Sajapur,Ganga,Yamuna,23.649166666666666,76.22277777777778,440978928,4,2026-08-14T03:00:00+00:00,3,54.9,0,Linked live river forecast reach,73.80907107330859
MP0215_Choma,Choma,Sajapur,Ganga,Yamuna,23.649166666666666,76.22277777777778,440978928,4,2026-08-14T06:00:00+00:00,3,54.8,0,Linked live river forecast reach,73.80907107330859
MP0215_Choma,Choma,Sajapur,Ganga,Yamuna,23.649166666666666,76.22277777777778,440978928,4,2026-08-14T09:00:00+00:00,3,55.2,0,Linked live river forecast reach,73.80907107330859
MP0215_Choma,Choma,Sajapur,Ganga,Yamuna,23.649166666666666,76.22277777777778,440978928,4,2026-08-14T12:00:00+00:00,3,55.6,0,Linked live river forecast reach,73.80907107330859
MP0215_Choma,Choma,Sajapur,Ganga,Yamuna,23.649166666666666,76.22277777777778,440978928,4,2026-08-14T15:00:00+00:00,4,54.6,0,Linked live river forecast reach,73.80907107330859
MP0215_Choma,Choma,Sajapur,Ganga,Yamuna,23.649166666666666,76.22277777777778,440978928,4,2026-08-14T18:00:00+00:00,4,52.9,0,Linked live river forecast reach,73.80907107330859
MP0215_Choma,Choma,Sajapur,Ganga,Yamuna,23.649166666666666,76.22277777777778,440978928,4,2026-08-14T21:00:00+00:00,4,51.0,0,Linked live river forecast reach,73.80907107330859
MP0215_Choma,Choma,Sajapur,Ganga,Yamuna,23.649166666666666,76.22277777777778,440978928,4,2026-08-15T00:00:00+00:00,4,50.0,0,Linked live river forecast reach,73.80907107330859
MP0215_Choma,Choma,Sajapur,Ganga,Yamuna,23.649166666666666,76.22277777777778,440978928,4,2026-08-15T03:00:00+00:00,4,51.8,0,Linked live river forecast reach,73.80907107330859
MP0215_Choma,Choma,Sajapur,Ganga,Yamuna,23.649166666666666,76.22277777777778,440978928,4,2026-08-15T06:00:00+00:00,4,53.7,0,Linked live river forecast reach,73.80907107330859
MP0215_Choma,Choma,Sajapur,Ganga,Yamuna,23.649166666666666,76.22277777777778,440978928,4,2026-08-15T09:00:00+00:00,4,53.7,0,Linked live river forecast reach,73.80907107330859
MP0215_Choma,Choma,Sajapur,Ganga,Yamuna,23.649166666666666,76.22277777777778,440978928,4,2026-08-15T12:00:00+00:00,4,53.1,0,Linked live river forecast reach,73.80907107330859
MP0215_Choma,Choma,Sajapur,Ganga,Yamuna,23.649166666666666,76.22277777777778,440978928,4,2026-08-15T15:00:00+00:00,5,52.8,0,Linked live river forecast reach,73.80907107330859
MP0215_Choma,Choma,Sajapur,Ganga,Yamuna,23.649166666666666,76.22277777777778,440978928,4,2026-08-15T18:00:00+00:00,5,52.2,0,Linked live river forecast reach,73.80907107330859
MP0215_Choma,Choma,Sajapur,Ganga,Yamuna,23.649166666666666,76.22277777777778,440978928,4,2026-08-15T21:00:00+00:00,5,50.0,0,Linked live river forecast reach,73.80907107330859
MP0215_Choma,Choma,Sajapur,Ganga,Yamuna,23.649166666666666,76.22277777777778,440978928,4,2026-08-16T00:00:00+00:00,5,48.8,0,Linked live river forecast reach,73.80907107330859
MP0215_Choma,Choma,Sajapur,Ganga,Yamuna,23.649166666666666,76.22277777777778,440978928,4,2026-08-16T03:00:00+00:00,5,48.7,0,Linked live river forecast reach,73.80907107330859
MP0215_Choma,Choma,Sajapur,Ganga,Yamuna,23.649166666666666,76.22277777777778,440978928,4,2026-08-16T06:00:00+00:00,5,48.8,0,Linked live river forecast reach,73.80907107330859
MP0215_Choma,Choma,Sajapur,Ganga,Yamuna,23.649166666666666,76.22277777777778,440978928,4,2026-08-16T09:00:00+00:00,5,50.3,0,Linked live river forecast reach,73.80907107330859
MP0215_Choma,Choma,Sajapur,Ganga,Yamuna,23.649166666666666,76.22277777777778,440978928,4,2026-08-16T12:00:00+00:00,5,53.3,0,Linked live river forecast reach,73.80907107330859
MP0215_Choma,Choma,Sajapur,Ganga,Yamuna,23.649166666666666,76.22277777777778,440978928,4,2026-08-16T15:00:00+00:00,6,56.9,0,Linked live river forecast reach,73.80907107330859
MP0215_Choma,Choma,Sajapur,Ganga,Yamuna,23.649166666666666,76.22277777777778,440978928,4,2026-08-16T18:00:00+00:00,6,59.6,0,Linked live river forecast reach,73.80907107330859
MP0215_Choma,Choma,Sajapur,Ganga,Yamuna,23.649166666666666,76.22277777777778,440978928,4,2026-08-16T21:00:00+00:00,6,61.5,0,Linked live river forecast reach,73.80907107330859
MP0215_Choma,Choma,Sajapur,Ganga,Yamuna,23.649166666666666,76.22277777777778,440978928,4,2026-08-17T00:00:00+00:00,6,63.7,0,Linked live river forecast reach,73.80907107330859
MP0215_Choma,Choma,Sajapur,Ganga,Yamuna,23.649166666666666,76.22277777777778,440978928,4,2026-08-17T03:00:00+00:00,6,66.8,0,Linked live river forecast reach,73.80907107330859
MP0215_Choma,Choma,Sajapur,Ganga,Yamuna,23.649166666666666,76.22277777777778,440978928,4,2026-08-17T06:00:00+00:00,6,70.8,0,Linked live river forecast reach,73.80907107330859
MP0215_Choma,Choma,Sajapur,Ganga,Yamuna,23.649166666666666,76.22277777777778,440978928,4,2026-08-17T09:00:00+00:00,6,73.8,0,Linked live river forecast reach,73.80907107330859
MP0215_Choma,Choma,Sajapur,Ganga,Yamuna,23.649166666666666,76.22277777777778,440978928,4,2026-08-17T12:00:00+00:00,6,75.2,0,Linked live river forecast reach,73.80907107330859
MP0215_Choma,Choma,Sajapur,Ganga,Yamuna,23.649166666666666,76.22277777777778,440978928,4,2026-08-17T15:00:00+00:00,7,75.8,0,Linked live river forecast reach,73.80907107330859
MP0215_Hargn,HarganKhedi _C,Shajapur,Ganga,Yamuna,23.615,76.1511111111111,440812434,3,2026-08-10T15:00:00+00:00,0,124.5,0,Linked live river forecast reach,127.3871751039716
MP0215_Hargn,HarganKhedi _C,Shajapur,Ganga,Yamuna,23.615,76.1511111111111,440812434,3,2026-08-10T18:00:00+00:00,0,126.4,0,Linked live river forecast reach,127.3871751039716
MP0215_Hargn,HarganKhedi _C,Shajapur,Ganga,Yamuna,23.615,76.1511111111111,440812434,3,2026-08-10T21:00:00+00:00,0,121.5,0,Linked live river forecast reach,127.3871751039716
MP0215_Hargn,HarganKhedi _C,Shajapur,Ganga,Yamuna,23.615,76.1511111111111,440812434,3,2026-08-11T00:00:00+00:00,0,113.5,0,Linked live river forecast reach,127.3871751039716
MP0215_Hargn,HarganKhedi _C,Shajapur,Ganga,Yamuna,23.615,76.1511111111111,440812434,3,2026-08-11T03:00:00+00:00,0,95.1,0,Linked live river forecast reach,127.3871751039716
MP0215_Hargn,HarganKhedi _C,Shajapur,Ganga,Yamuna,23.615,76.1511111111111,440812434,3,2026-08-11T06:00:00+00:00,0,77.1,0,Linked live river forecast reach,127.3871751039716
MP0215_Hargn,HarganKhedi _C,Shajapur,Ganga,Yamuna,23.615,76.1511111111111,440812434,3,2026-08-11T09:00:00+00:00,0,60.2,0,Linked live river forecast reach,127.3871751039716
MP0215_Hargn,HarganKhedi _C,Shajapur,Ganga,Yamuna,23.615,76.1511111111111,440812434,3,2026-08-11T12:00:00+00:00,0,43.7,0,Linked live river forecast reach,127.3871751039716
MP0215_Hargn,HarganKhedi _C,Shajapur,Ganga,Yamuna,23.615,76.1511111111111,440812434,3,2026-08-11T15:00:00+00:00,1,30.5,0,Linked live river forecast reach,127.3871751039716
MP0215_Hargn,HarganKhedi _C,Shajapur,Ganga,Yamuna,23.615,76.1511111111111,440812434,3,2026-08-11T18:00:00+00:00,1,23.0,0,Linked live river forecast reach,127.3871751039716
MP0215_Hargn,HarganKhedi _C,Shajapur,Ganga,Yamuna,23.615,76.1511111111111,440812434,3,2026-08-11T21:00:00+00:00,1,20.8,0,Linked live river forecast reach,127.3871751039716
MP0215_Hargn,HarganKhedi _C,Shajapur,Ganga,Yamuna,23.615,76.1511111111111,440812434,3,2026-08-12T00:00:00+00:00,1,20.5,0,Linked live river forecast reach,127.3871751039716
MP0215_Hargn,HarganKhedi _C,Shajapur,Ganga,Yamuna,23.615,76.1511111111111,440812434,3,2026-08-12T03:00:00+00:00,1,23.3,0,Linked live river forecast reach,127.3871751039716
MP0215_Hargn,HarganKhedi _C,Shajapur,Ganga,Yamuna,23.615,76.1511111111111,440812434,3,2026-08-12T06:00:00+00:00,1,28.5,0,Linked live river forecast reach,127.3871751039716
MP0215_Hargn,HarganKhedi _C,Shajapur,Ganga,Yamuna,23.615,76.1511111111111,440812434,3,2026-08-12T09:00:00+00:00,1,31.5,0,Linked live river forecast reach,127.3871751039716
MP0215_Hargn,HarganKhedi _C,Shajapur,Ganga,Yamuna,23.615,76.1511111111111,440812434,3,2026-08-12T12:00:00+00:00,1,26.9,0,Linked live river forecast reach,127.3871751039716
MP0215_Hargn,HarganKhedi _C,Shajapur,Ganga,Yamuna,23.615,76.1511111111111,440812434,3,2026-08-12T15:00:00+00:00,2,19.4,0,Linked live river forecast reach,127.3871751039716
MP0215_Hargn,HarganKhedi _C,Shajapur,Ganga,Yamuna,23.615,76.1511111111111,440812434,3,2026-08-12T18:00:00+00:00,2,13.2,0,Linked live river forecast reach,127.3871751039716
MP0215_Hargn,HarganKhedi _C,Shajapur,Ganga,Yamuna,23.615,76.1511111111111,440812434,3,2026-08-12T21:00:00+00:00,2,9.2,0,Linked live river forecast reach,127.3871751039716
MP0215_Hargn,HarganKhedi _C,Shajapur,Ganga,Yamuna,23.615,76.1511111111111,440812434,3,2026-08-13T00:00:00+00:00,2,7.1,0,Linked live river forecast reach,127.3871751039716
MP0215_Hargn,HarganKhedi _C,Shajapur,Ganga,Yamuna,23.615,76.1511111111111,440812434,3,2026-08-13T03:00:00+00:00,2,5.9,0,Linked live river forecast reach,127.3871751039716
MP0215_Hargn,HarganKhedi _C,Shajapur,Ganga,Yamuna,23.615,76.1511111111111,440812434,3,2026-08-13T06:00:00+00:00,2,5.2,0,Linked live river forecast reach,127.3871751039716
MP0215_Hargn,HarganKhedi _C,Shajapur,Ganga,Yamuna,23.615,76.1511111111111,440812434,3,2026-08-13T09:00:00+00:00,2,5.2,0,Linked live river forecast reach,127.3871751039716
MP0215_Hargn,HarganKhedi _C,Shajapur,Ganga,Yamuna,23.615,76.1511111111111,440812434,3,2026-08-13T12:00:00+00:00,2,5.8,0,Linked live river forecast reach,127.3871751039716
MP0215_Hargn,HarganKhedi _C,Shajapur,Ganga,Yamuna,23.615,76.1511111111111,440812434,3,2026-08-13T15:00:00+00:00,3,6.9,0,Linked live river forecast reach,127.3871751039716
MP0215_Hargn,HarganKhedi _C,Shajapur,Ganga,Yamuna,23.615,76.1511111111111,440812434,3,2026-08-13T18:00:00+00:00,3,7.4,0,Linked live river forecast reach,127.3871751039716
MP0215_Hargn,HarganKhedi _C,Shajapur,Ganga,Yamuna,23.615,76.1511111111111,440812434,3,2026-08-13T21:00:00+00:00,3,6.3,0,Linked live river forecast reach,127.3871751039716
MP0215_Hargn,HarganKhedi _C,Shajapur,Ganga,Yamuna,23.615,76.1511111111111,440812434,3,2026-08-14T00:00:00+00:00,3,4.8,0,Linked live river forecast reach,127.3871751039716
MP0215_Hargn,HarganKhedi _C,Shajapur,Ganga,Yamuna,23.615,76.1511111111111,440812434,3,2026-08-14T03:00:00+00:00,3,4.0,0,Linked live river forecast reach,127.3871751039716
MP0215_Hargn,HarganKhedi _C,Shajapur,Ganga,Yamuna,23.615,76.1511111111111,440812434,3,2026-08-14T06:00:00+00:00,3,3.6,0,Linked live river forecast reach,127.3871751039716
MP0215_Hargn,HarganKhedi _C,Shajapur,Ganga,Yamuna,23.615,76.1511111111111,440812434,3,2026-08-14T09:00:00+00:00,3,3.7,0,Linked live river forecast reach,127.3871751039716
MP0215_Hargn,HarganKhedi _C,Shajapur,Ganga,Yamuna,23.615,76.1511111111111,440812434,3,2026-08-14T12:00:00+00:00,3,4.5,0,Linked live river forecast reach,127.3871751039716
MP0215_Hargn,HarganKhedi _C,Shajapur,Ganga,Yamuna,23.615,76.1511111111111,440812434,3,2026-08-14T15:00:00+00:00,4,4.9,0,Linked live river forecast reach,127.3871751039716
MP0215_Hargn,HarganKhedi _C,Shajapur,Ganga,Yamuna,23.615,76.1511111111111,440812434,3,2026-08-14T18:00:00+00:00,4,4.8,0,Linked live river forecast reach,127.3871751039716
MP0215_Hargn,HarganKhedi _C,Shajapur,Ganga,Yamuna,23.615,76.1511111111111,440812434,3,2026-08-14T21:00:00+00:00,4,4.6,0,Linked live river forecast reach,127.3871751039716
MP0215_Hargn,HarganKhedi _C,Shajapur,Ganga,Yamuna,23.615,76.1511111111111,440812434,3,2026-08-15T00:00:00+00:00,4,4.4,0,Linked live river forecast reach,127.3871751039716
MP0215_Hargn,HarganKhedi _C,Shajapur,Ganga,Yamuna,23.615,76.1511111111111,440812434,3,2026-08-15T03:00:00+00:00,4,4.2,0,Linked live river forecast reach,127.3871751039716
MP0215_Hargn,HarganKhedi _C,Shajapur,Ganga,Yamuna,23.615,76.1511111111111,440812434,3,2026-08-15T06:00:00+00:00,4,4.2,0,Linked live river forecast reach,127.3871751039716
MP0215_Hargn,HarganKhedi _C,Shajapur,Ganga,Yamuna,23.615,76.1511111111111,440812434,3,2026-08-15T09:00:00+00:00,4,4.2,0,Linked live river forecast reach,127.3871751039716
MP0215_Hargn,HarganKhedi _C,Shajapur,Ganga,Yamuna,23.615,76.1511111111111,440812434,3,2026-08-15T12:00:00+00:00,4,4.5,0,Linked live river forecast reach,127.3871751039716
MP0215_Hargn,HarganKhedi _C,Shajapur,Ganga,Yamuna,23.615,76.1511111111111,440812434,3,2026-08-15T15:00:00+00:00,5,4.7,0,Linked live river forecast reach,127.3871751039716
MP0215_Hargn,HarganKhedi _C,Shajapur,Ganga,Yamuna,23.615,76.1511111111111,440812434,3,2026-08-15T18:00:00+00:00,5,4.9,0,Linked live river forecast reach,127.3871751039716
MP0215_Hargn,HarganKhedi _C,Shajapur,Ganga,Yamuna,23.615,76.1511111111111,440812434,3,2026-08-15T21:00:00+00:00,5,4.9,0,Linked live river forecast reach,127.3871751039716
MP0215_Hargn,HarganKhedi _C,Shajapur,Ganga,Yamuna,23.615,76.1511111111111,440812434,3,2026-08-16T00:00:00+00:00,5,4.6,0,Linked live river forecast reach,127.3871751039716
MP0215_Hargn,HarganKhedi _C,Shajapur,Ganga,Yamuna,23.615,76.1511111111111,440812434,3,2026-08-16T03:00:00+00:00,5,4.4,0,Linked live river forecast reach,127.3871751039716
MP0215_Hargn,HarganKhedi _C,Shajapur,Ganga,Yamuna,23.615,76.1511111111111,440812434,3,2026-08-16T06:00:00+00:00,5,4.6,0,Linked live river forecast reach,127.3871751039716
MP0215_Hargn,HarganKhedi _C,Shajapur,Ganga,Yamuna,23.615,76.1511111111111,440812434,3,2026-08-16T09:00:00+00:00,5,5.0,0,Linked live river forecast reach,127.3871751039716
MP0215_Hargn,HarganKhedi _C,Shajapur,Ganga,Yamuna,23.615,76.1511111111111,440812434,3,2026-08-16T12:00:00+00:00,5,5.8,0,Linked live river forecast reach,127.3871751039716
MP0215_Hargn,HarganKhedi _C,Shajapur,Ganga,Yamuna,23.615,76.1511111111111,440812434,3,2026-08-16T15:00:00+00:00,6,6.3,0,Linked live river forecast reach,127.3871751039716
MP0215_Hargn,HarganKhedi _C,Shajapur,Ganga,Yamuna,23.615,76.1511111111111,440812434,3,2026-08-16T18:00:00+00:00,6,6.3,0,Linked live river forecast reach,127.3871751039716
MP0215_Hargn,HarganKhedi _C,Shajapur,Ganga,Yamuna,23.615,76.1511111111111,440812434,3,2026-08-16T21:00:00+00:00,6,6.4,0,Linked live river forecast reach,127.3871751039716
MP0215_Hargn,HarganKhedi _C,Shajapur,Ganga,Yamuna,23.615,76.1511111111111,440812434,3,2026-08-17T00:00:00+00:00,6,7.1,0,Linked live river forecast reach,127.3871751039716
MP0215_Hargn,HarganKhedi _C,Shajapur,Ganga,Yamuna,23.615,76.1511111111111,440812434,3,2026-08-17T03:00:00+00:00,6,8.6,0,Linked live river forecast reach,127.3871751039716
MP0215_Hargn,HarganKhedi _C,Shajapur,Ganga,Yamuna,23.615,76.1511111111111,440812434,3,2026-08-17T06:00:00+00:00,6,9.7,0,Linked live river forecast reach,127.3871751039716
MP0215_Hargn,HarganKhedi _C,Shajapur,Ganga,Yamuna,23.615,76.1511111111111,440812434,3,2026-08-17T09:00:00+00:00,6,9.2,0,Linked live river forecast reach,127.3871751039716
MP0215_Hargn,HarganKhedi _C,Shajapur,Ganga,Yamuna,23.615,76.1511111111111,440812434,3,2026-08-17T12:00:00+00:00,6,8.4,0,Linked live river forecast reach,127.3871751039716
MP0215_Hargn,HarganKhedi _C,Shajapur,Ganga,Yamuna,23.615,76.1511111111111,440812434,3,2026-08-17T15:00:00+00:00,7,7.7,0,Linked live river forecast reach,127.3871751039716
MP0215_Pachr,Pachore,Rajgarh,Ganga,Yamuna,23.71,76.72972222222222,441046350,5,2026-08-10T15:00:00+00:00,0,74.6,0,Linked live river forecast reach,113.26930275092158
MP0215_Pachr,Pachore,Rajgarh,Ganga,Yamuna,23.71,76.72972222222222,441046350,5,2026-08-10T18:00:00+00:00,0,90.0,0,Linked live river forecast reach,113.26930275092158
MP0215_Pachr,Pachore,Rajgarh,Ganga,Yamuna,23.71,76.72972222222222,441046350,5,2026-08-10T21:00:00+00:00,0,113.2,0,Linked live river forecast reach,113.26930275092158
MP0215_Pachr,Pachore,Rajgarh,Ganga,Yamuna,23.71,76.72972222222222,441046350,5,2026-08-11T00:00:00+00:00,0,135.6,0,Linked live river forecast reach,113.26930275092158
MP0215_Pachr,Pachore,Rajgarh,Ganga,Yamuna,23.71,76.72972222222222,441046350,5,2026-08-11T03:00:00+00:00,0,159.6,0,Linked live river forecast reach,113.26930275092158
MP0215_Pachr,Pachore,Rajgarh,Ganga,Yamuna,23.71,76.72972222222222,441046350,5,2026-08-11T06:00:00+00:00,0,185.5,0,Linked live river forecast reach,113.26930275092158
MP0215_Pachr,Pachore,Rajgarh,Ganga,Yamuna,23.71,76.72972222222222,441046350,5,2026-08-11T09:00:00+00:00,0,208.0,0,Linked live river forecast reach,113.26930275092158
MP0215_Pachr,Pachore,Rajgarh,Ganga,Yamuna,23.71,76.72972222222222,441046350,5,2026-08-11T12:00:00+00:00,0,223.7,0,Linked live river forecast reach,113.26930275092158
MP0215_Pachr,Pachore,Rajgarh,Ganga,Yamuna,23.71,76.72972222222222,441046350,5,2026-08-11T15:00:00+00:00,1,236.3,0,Linked live river forecast reach,113.26930275092158
MP0215_Pachr,Pachore,Rajgarh,Ganga,Yamuna,23.71,76.72972222222222,441046350,5,2026-08-11T18:00:00+00:00,1,248.4,0,Linked live river forecast reach,113.26930275092158
MP0215_Pachr,Pachore,Rajgarh,Ganga,Yamuna,23.71,76.72972222222222,441046350,5,2026-08-11T21:00:00+00:00,1,262.2,0,Linked live river forecast reach,113.26930275092158
MP0215_Pachr,Pachore,Rajgarh,Ganga,Yamuna,23.71,76.72972222222222,441046350,5,2026-08-12T00:00:00+00:00,1,275.4,0,Linked live river forecast reach,113.26930275092158
MP0215_Pachr,Pachore,Rajgarh,Ganga,Yamuna,23.71,76.72972222222222,441046350,5,2026-08-12T03:00:00+00:00,1,289.7,0,Linked live river forecast reach,113.26930275092158
MP0215_Pachr,Pachore,Rajgarh,Ganga,Yamuna,23.71,76.72972222222222,441046350,5,2026-08-12T06:00:00+00:00,1,298.8,0,Linked live river forecast reach,113.26930275092158
MP0215_Pachr,Pachore,Rajgarh,Ganga,Yamuna,23.71,76.72972222222222,441046350,5,2026-08-12T09:00:00+00:00,1,303.8,0,Linked live river forecast reach,113.26930275092158
MP0215_Pachr,Pachore,Rajgarh,Ganga,Yamuna,23.71,76.72972222222222,441046350,5,2026-08-12T12:00:00+00:00,1,305.1,0,Linked live river forecast reach,113.26930275092158
MP0215_Pachr,Pachore,Rajgarh,Ganga,Yamuna,23.71,76.72972222222222,441046350,5,2026-08-12T15:00:00+00:00,2,294.9,0,Linked live river forecast reach,113.26930275092158
MP0215_Pachr,Pachore,Rajgarh,Ganga,Yamuna,23.71,76.72972222222222,441046350,5,2026-08-12T18:00:00+00:00,2,284.6,0,Linked live river forecast reach,113.26930275092158
MP0215_Pachr,Pachore,Rajgarh,Ganga,Yamuna,23.71,76.72972222222222,441046350,5,2026-08-12T21:00:00+00:00,2,279.4,0,Linked live river forecast reach,113.26930275092158
MP0215_Pachr,Pachore,Rajgarh,Ganga,Yamuna,23.71,76.72972222222222,441046350,5,2026-08-13T00:00:00+00:00,2,270.9,0,Linked live river forecast reach,113.26930275092158
MP0215_Pachr,Pachore,Rajgarh,Ganga,Yamuna,23.71,76.72972222222222,441046350,5,2026-08-13T03:00:00+00:00,2,254.0,0,Linked live river forecast reach,113.26930275092158
MP0215_Pachr,Pachore,Rajgarh,Ganga,Yamuna,23.71,76.72972222222222,441046350,5,2026-08-13T06:00:00+00:00,2,234.2,0,Linked live river forecast reach,113.26930275092158
MP0215_Pachr,Pachore,Rajgarh,Ganga,Yamuna,23.71,76.72972222222222,441046350,5,2026-08-13T09:00:00+00:00,2,215.3,0,Linked live river forecast reach,113.26930275092158
MP0215_Pachr,Pachore,Rajgarh,Ganga,Yamuna,23.71,76.72972222222222,441046350,5,2026-08-13T12:00:00+00:00,2,200.2,0,Linked live river forecast reach,113.26930275092158
MP0215_Pachr,Pachore,Rajgarh,Ganga,Yamuna,23.71,76.72972222222222,441046350,5,2026-08-13T15:00:00+00:00,3,188.6,0,Linked live river forecast reach,113.26930275092158
MP0215_Pachr,Pachore,Rajgarh,Ganga,Yamuna,23.71,76.72972222222222,441046350,5,2026-08-13T18:00:00+00:00,3,186.0,0,Linked live river forecast reach,113.26930275092158
MP0215_Pachr,Pachore,Rajgarh,Ganga,Yamuna,23.71,76.72972222222222,441046350,5,2026-08-13T21:00:00+00:00,3,196.2,0,Linked live river forecast reach,113.26930275092158
MP0215_Pachr,Pachore,Rajgarh,Ganga,Yamuna,23.71,76.72972222222222,441046350,5,2026-08-14T00:00:00+00:00,3,192.2,0,Linked live river forecast reach,113.26930275092158
MP0215_Pachr,Pachore,Rajgarh,Ganga,Yamuna,23.71,76.72972222222222,441046350,5,2026-08-14T03:00:00+00:00,3,179.7,0,Linked live river forecast reach,113.26930275092158
MP0215_Pachr,Pachore,Rajgarh,Ganga,Yamuna,23.71,76.72972222222222,441046350,5,2026-08-14T06:00:00+00:00,3,170.0,0,Linked live river forecast reach,113.26930275092158
MP0215_Pachr,Pachore,Rajgarh,Ganga,Yamuna,23.71,76.72972222222222,441046350,5,2026-08-14T09:00:00+00:00,3,164.7,0,Linked live river forecast reach,113.26930275092158
MP0215_Pachr,Pachore,Rajgarh,Ganga,Yamuna,23.71,76.72972222222222,441046350,5,2026-08-14T12:00:00+00:00,3,157.4,0,Linked live river forecast reach,113.26930275092158
MP0215_Pachr,Pachore,Rajgarh,Ganga,Yamuna,23.71,76.72972222222222,441046350,5,2026-08-14T15:00:00+00:00,4,147.0,0,Linked live river forecast reach,113.26930275092158
MP0215_Pachr,Pachore,Rajgarh,Ganga,Yamuna,23.71,76.72972222222222,441046350,5,2026-08-14T18:00:00+00:00,4,137.9,0,Linked live river forecast reach,113.26930275092158
MP0215_Pachr,Pachore,Rajgarh,Ganga,Yamuna,23.71,76.72972222222222,441046350,5,2026-08-14T21:00:00+00:00,4,131.8,0,Linked live river forecast reach,113.26930275092158
MP0215_Pachr,Pachore,Rajgarh,Ganga,Yamuna,23.71,76.72972222222222,441046350,5,2026-08-15T00:00:00+00:00,4,125.8,0,Linked live river forecast reach,113.26930275092158
MP0215_Pachr,Pachore,Rajgarh,Ganga,Yamuna,23.71,76.72972222222222,441046350,5,2026-08-15T03:00:00+00:00,4,117.0,0,Linked live river forecast reach,113.26930275092158
MP0215_Pachr,Pachore,Rajgarh,Ganga,Yamuna,23.71,76.72972222222222,441046350,5,2026-08-15T06:00:00+00:00,4,107.5,0,Linked live river forecast reach,113.26930275092158
MP0215_Pachr,Pachore,Rajgarh,Ganga,Yamuna,23.71,76.72972222222222,441046350,5,2026-08-15T09:00:00+00:00,4,100.1,0,Linked live river forecast reach,113.26930275092158
MP0215_Pachr,Pachore,Rajgarh,Ganga,Yamuna,23.71,76.72972222222222,441046350,5,2026-08-15T12:00:00+00:00,4,96.3,0,Linked live river forecast reach,113.26930275092158
MP0215_Pachr,Pachore,Rajgarh,Ganga,Yamuna,23.71,76.72972222222222,441046350,5,2026-08-15T15:00:00+00:00,5,95.9,0,Linked live river forecast reach,113.26930275092158
MP0215_Pachr,Pachore,Rajgarh,Ganga,Yamuna,23.71,76.72972222222222,441046350,5,2026-08-15T18:00:00+00:00,5,96.0,0,Linked live river forecast reach,113.26930275092158
MP0215_Pachr,Pachore,Rajgarh,Ganga,Yamuna,23.71,76.72972222222222,441046350,5,2026-08-15T21:00:00+00:00,5,94.8,0,Linked live river forecast reach,113.26930275092158
MP0215_Pachr,Pachore,Rajgarh,Ganga,Yamuna,23.71,76.72972222222222,441046350,5,2026-08-16T00:00:00+00:00,5,92.6,0,Linked live river forecast reach,113.26930275092158
MP0215_Pachr,Pachore,Rajgarh,Ganga,Yamuna,23.71,76.72972222222222,441046350,5,2026-08-16T03:00:00+00:00,5,89.9,0,Linked live river forecast reach,113.26930275092158
MP0215_Pachr,Pachore,Rajgarh,Ganga,Yamuna,23.71,76.72972222222222,441046350,5,2026-08-16T06:00:00+00:00,5,86.7,0,Linked live river forecast reach,113.26930275092158
MP0215_Pachr,Pachore,Rajgarh,Ganga,Yamuna,23.71,76.72972222222222,441046350,5,2026-08-16T09:00:00+00:00,5,83.0,0,Linked live river forecast reach,113.26930275092158
MP0215_Pachr,Pachore,Rajgarh,Ganga,Yamuna,23.71,76.72972222222222,441046350,5,2026-08-16T12:00:00+00:00,5,79.4,0,Linked live river forecast reach,113.26930275092158
MP0215_Pachr,Pachore,Rajgarh,Ganga,Yamuna,23.71,76.72972222222222,441046350,5,2026-08-16T15:00:00+00:00,6,76.0,0,Linked live river forecast reach,113.26930275092158
MP0215_Pachr,Pachore,Rajgarh,Ganga,Yamuna,23.71,76.72972222222222,441046350,5,2026-08-16T18:00:00+00:00,6,72.8,0,Linked live river forecast reach,113.26930275092158
MP0215_Pachr,Pachore,Rajgarh,Ganga,Yamuna,23.71,76.72972222222222,441046350,5,2026-08-16T21:00:00+00:00,6,69.5,0,Linked live river forecast reach,113.26930275092158
MP0215_Pachr,Pachore,Rajgarh,Ganga,Yamuna,23.71,76.72972222222222,441046350,5,2026-08-17T00:00:00+00:00,6,66.4,0,Linked live river forecast reach,113.26930275092158
MP0215_Pachr,Pachore,Rajgarh,Ganga,Yamuna,23.71,76.72972222222222,441046350,5,2026-08-17T03:00:00+00:00,6,64.0,0,Linked live river forecast reach,113.26930275092158
MP0215_Pachr,Pachore,Rajgarh,Ganga,Yamuna,23.71,76.72972222222222,441046350,5,2026-08-17T06:00:00+00:00,6,62.6,0,Linked live river forecast reach,113.26930275092158
MP0215_Pachr,Pachore,Rajgarh,Ganga,Yamuna,23.71,76.72972222222222,441046350,5,2026-08-17T09:00:00+00:00,6,61.4,0,Linked live river forecast reach,113.26930275092158
MP0215_Pachr,Pachore,Rajgarh,Ganga,Yamuna,23.71,76.72972222222222,441046350,5,2026-08-17T12:00:00+00:00,6,60.1,0,Linked live river forecast reach,113.26930275092158
MP0215_Pachr,Pachore,Rajgarh,Ganga,Yamuna,23.71,76.72972222222222,441046350,5,2026-08-17T15:00:00+00:00,7,58.3,0,Linked live river forecast reach,113.26930275092158
MP0215_Rajgr,Rajgarh,Rajgarh,Ganga,Yamuna,24.0125,76.73972222222223,441064225,5,2026-08-10T15:00:00+00:00,0,99.2,0,Linked live river forecast reach,569.0510247231504
MP0215_Rajgr,Rajgarh,Rajgarh,Ganga,Yamuna,24.0125,76.73972222222223,441064225,5,2026-08-10T18:00:00+00:00,0,112.3,0,Linked live river forecast reach,569.0510247231504
MP0215_Rajgr,Rajgarh,Rajgarh,Ganga,Yamuna,24.0125,76.73972222222223,441064225,5,2026-08-10T21:00:00+00:00,0,127.1,0,Linked live river forecast reach,569.0510247231504
MP0215_Rajgr,Rajgarh,Rajgarh,Ganga,Yamuna,24.0125,76.73972222222223,441064225,5,2026-08-11T00:00:00+00:00,0,149.4,0,Linked live river forecast reach,569.0510247231504
MP0215_Rajgr,Rajgarh,Rajgarh,Ganga,Yamuna,24.0125,76.73972222222223,441064225,5,2026-08-11T03:00:00+00:00,0,172.0,0,Linked live river forecast reach,569.0510247231504
MP0215_Rajgr,Rajgarh,Rajgarh,Ganga,Yamuna,24.0125,76.73972222222223,441064225,5,2026-08-11T06:00:00+00:00,0,192.4,0,Linked live river forecast reach,569.0510247231504
MP0215_Rajgr,Rajgarh,Rajgarh,Ganga,Yamuna,24.0125,76.73972222222223,441064225,5,2026-08-11T09:00:00+00:00,0,216.4,0,Linked live river forecast reach,569.0510247231504
MP0215_Rajgr,Rajgarh,Rajgarh,Ganga,Yamuna,24.0125,76.73972222222223,441064225,5,2026-08-11T12:00:00+00:00,0,247.2,0,Linked live river forecast reach,569.0510247231504
MP0215_Rajgr,Rajgarh,Rajgarh,Ganga,Yamuna,24.0125,76.73972222222223,441064225,5,2026-08-11T15:00:00+00:00,1,278.1,0,Linked live river forecast reach,569.0510247231504
MP0215_Rajgr,Rajgarh,Rajgarh,Ganga,Yamuna,24.0125,76.73972222222223,441064225,5,2026-08-11T18:00:00+00:00,1,307.6,0,Linked live river forecast reach,569.0510247231504
MP0215_Rajgr,Rajgarh,Rajgarh,Ganga,Yamuna,24.0125,76.73972222222223,441064225,5,2026-08-11T21:00:00+00:00,1,340.8,0,Linked live river forecast reach,569.0510247231504
MP0215_Rajgr,Rajgarh,Rajgarh,Ganga,Yamuna,24.0125,76.73972222222223,441064225,5,2026-08-12T00:00:00+00:00,1,370.9,0,Linked live river forecast reach,569.0510247231504
MP0215_Rajgr,Rajgarh,Rajgarh,Ganga,Yamuna,24.0125,76.73972222222223,441064225,5,2026-08-12T03:00:00+00:00,1,394.8,0,Linked live river forecast reach,569.0510247231504
MP0215_Rajgr,Rajgarh,Rajgarh,Ganga,Yamuna,24.0125,76.73972222222223,441064225,5,2026-08-12T06:00:00+00:00,1,415.4,0,Linked live river forecast reach,569.0510247231504
MP0215_Rajgr,Rajgarh,Rajgarh,Ganga,Yamuna,24.0125,76.73972222222223,441064225,5,2026-08-12T09:00:00+00:00,1,436.5,0,Linked live river forecast reach,569.0510247231504
MP0215_Rajgr,Rajgarh,Rajgarh,Ganga,Yamuna,24.0125,76.73972222222223,441064225,5,2026-08-12T12:00:00+00:00,1,458.8,0,Linked live river forecast reach,569.0510247231504
MP0215_Rajgr,Rajgarh,Rajgarh,Ganga,Yamuna,24.0125,76.73972222222223,441064225,5,2026-08-12T15:00:00+00:00,2,474.0,0,Linked live river forecast reach,569.0510247231504
MP0215_Rajgr,Rajgarh,Rajgarh,Ganga,Yamuna,24.0125,76.73972222222223,441064225,5,2026-08-12T18:00:00+00:00,2,483.2,0,Linked live river forecast reach,569.0510247231504
MP0215_Rajgr,Rajgarh,Rajgarh,Ganga,Yamuna,24.0125,76.73972222222223,441064225,5,2026-08-12T21:00:00+00:00,2,487.8,0,Linked live river forecast reach,569.0510247231504
MP0215_Rajgr,Rajgarh,Rajgarh,Ganga,Yamuna,24.0125,76.73972222222223,441064225,5,2026-08-13T00:00:00+00:00,2,484.3,0,Linked live river forecast reach,569.0510247231504
MP0215_Rajgr,Rajgarh,Rajgarh,Ganga,Yamuna,24.0125,76.73972222222223,441064225,5,2026-08-13T03:00:00+00:00,2,474.3,0,Linked live river forecast reach,569.0510247231504
MP0215_Rajgr,Rajgarh,Rajgarh,Ganga,Yamuna,24.0125,76.73972222222223,441064225,5,2026-08-13T06:00:00+00:00,2,460.2,0,Linked live river forecast reach,569.0510247231504
MP0215_Rajgr,Rajgarh,Rajgarh,Ganga,Yamuna,24.0125,76.73972222222223,441064225,5,2026-08-13T09:00:00+00:00,2,446.0,0,Linked live river forecast reach,569.0510247231504
MP0215_Rajgr,Rajgarh,Rajgarh,Ganga,Yamuna,24.0125,76.73972222222223,441064225,5,2026-08-13T12:00:00+00:00,2,434.3,0,Linked live river forecast reach,569.0510247231504
MP0215_Rajgr,Rajgarh,Rajgarh,Ganga,Yamuna,24.0125,76.73972222222223,441064225,5,2026-08-13T15:00:00+00:00,3,420.8,0,Linked live river forecast reach,569.0510247231504
MP0215_Rajgr,Rajgarh,Rajgarh,Ganga,Yamuna,24.0125,76.73972222222223,441064225,5,2026-08-13T18:00:00+00:00,3,410.6,0,Linked live river forecast reach,569.0510247231504
MP0215_Rajgr,Rajgarh,Rajgarh,Ganga,Yamuna,24.0125,76.73972222222223,441064225,5,2026-08-13T21:00:00+00:00,3,402.3,0,Linked live river forecast reach,569.0510247231504
MP0215_Rajgr,Rajgarh,Rajgarh,Ganga,Yamuna,24.0125,76.73972222222223,441064225,5,2026-08-14T00:00:00+00:00,3,390.7,0,Linked live river forecast reach,569.0510247231504
MP0215_Rajgr,Rajgarh,Rajgarh,Ganga,Yamuna,24.0125,76.73972222222223,441064225,5,2026-08-14T03:00:00+00:00,3,374.1,0,Linked live river forecast reach,569.0510247231504
MP0215_Rajgr,Rajgarh,Rajgarh,Ganga,Yamuna,24.0125,76.73972222222223,441064225,5,2026-08-14T06:00:00+00:00,3,357.1,0,Linked live river forecast reach,569.0510247231504
MP0215_Rajgr,Rajgarh,Rajgarh,Ganga,Yamuna,24.0125,76.73972222222223,441064225,5,2026-08-14T09:00:00+00:00,3,347.6,0,Linked live river forecast reach,569.0510247231504
MP0215_Rajgr,Rajgarh,Rajgarh,Ganga,Yamuna,24.0125,76.73972222222223,441064225,5,2026-08-14T12:00:00+00:00,3,335.2,0,Linked live river forecast reach,569.0510247231504
MP0215_Rajgr,Rajgarh,Rajgarh,Ganga,Yamuna,24.0125,76.73972222222223,441064225,5,2026-08-14T15:00:00+00:00,4,321.2,0,Linked live river forecast reach,569.0510247231504
MP0215_Rajgr,Rajgarh,Rajgarh,Ganga,Yamuna,24.0125,76.73972222222223,441064225,5,2026-08-14T18:00:00+00:00,4,315.2,0,Linked live river forecast reach,569.0510247231504
MP0215_Rajgr,Rajgarh,Rajgarh,Ganga,Yamuna,24.0125,76.73972222222223,441064225,5,2026-08-14T21:00:00+00:00,4,318.2,0,Linked live river forecast reach,569.0510247231504
MP0215_Rajgr,Rajgarh,Rajgarh,Ganga,Yamuna,24.0125,76.73972222222223,441064225,5,2026-08-15T00:00:00+00:00,4,318.5,0,Linked live river forecast reach,569.0510247231504
MP0215_Rajgr,Rajgarh,Rajgarh,Ganga,Yamuna,24.0125,76.73972222222223,441064225,5,2026-08-15T03:00:00+00:00,4,307.0,0,Linked live river forecast reach,569.0510247231504
MP0215_Rajgr,Rajgarh,Rajgarh,Ganga,Yamuna,24.0125,76.73972222222223,441064225,5,2026-08-15T06:00:00+00:00,4,288.0,0,Linked live river forecast reach,569.0510247231504
MP0215_Rajgr,Rajgarh,Rajgarh,Ganga,Yamuna,24.0125,76.73972222222223,441064225,5,2026-08-15T09:00:00+00:00,4,267.8,0,Linked live river forecast reach,569.0510247231504
MP0215_Rajgr,Rajgarh,Rajgarh,Ganga,Yamuna,24.0125,76.73972222222223,441064225,5,2026-08-15T12:00:00+00:00,4,249.8,0,Linked live river forecast reach,569.0510247231504
MP0215_Rajgr,Rajgarh,Rajgarh,Ganga,Yamuna,24.0125,76.73972222222223,441064225,5,2026-08-15T15:00:00+00:00,5,233.9,0,Linked live river forecast reach,569.0510247231504
MP0215_Rajgr,Rajgarh,Rajgarh,Ganga,Yamuna,24.0125,76.73972222222223,441064225,5,2026-08-15T18:00:00+00:00,5,218.6,0,Linked live river forecast reach,569.0510247231504
MP0215_Rajgr,Rajgarh,Rajgarh,Ganga,Yamuna,24.0125,76.73972222222223,441064225,5,2026-08-15T21:00:00+00:00,5,204.7,0,Linked live river forecast reach,569.0510247231504
MP0215_Rajgr,Rajgarh,Rajgarh,Ganga,Yamuna,24.0125,76.73972222222223,441064225,5,2026-08-16T00:00:00+00:00,5,192.6,0,Linked live river forecast reach,569.0510247231504
MP0215_Rajgr,Rajgarh,Rajgarh,Ganga,Yamuna,24.0125,76.73972222222223,441064225,5,2026-08-16T03:00:00+00:00,5,181.1,0,Linked live river forecast reach,569.0510247231504
MP0215_Rajgr,Rajgarh,Rajgarh,Ganga,Yamuna,24.0125,76.73972222222223,441064225,5,2026-08-16T06:00:00+00:00,5,169.9,0,Linked live river forecast reach,569.0510247231504
MP0215_Rajgr,Rajgarh,Rajgarh,Ganga,Yamuna,24.0125,76.73972222222223,441064225,5,2026-08-16T09:00:00+00:00,5,160.0,0,Linked live river forecast reach,569.0510247231504
MP0215_Rajgr,Rajgarh,Rajgarh,Ganga,Yamuna,24.0125,76.73972222222223,441064225,5,2026-08-16T12:00:00+00:00,5,152.2,0,Linked live river forecast reach,569.0510247231504
MP0215_Rajgr,Rajgarh,Rajgarh,Ganga,Yamuna,24.0125,76.73972222222223,441064225,5,2026-08-16T15:00:00+00:00,6,146.3,0,Linked live river forecast reach,569.0510247231504
MP0215_Rajgr,Rajgarh,Rajgarh,Ganga,Yamuna,24.0125,76.73972222222223,441064225,5,2026-08-16T18:00:00+00:00,6,141.6,0,Linked live river forecast reach,569.0510247231504
MP0215_Rajgr,Rajgarh,Rajgarh,Ganga,Yamuna,24.0125,76.73972222222223,441064225,5,2026-08-16T21:00:00+00:00,6,137.8,0,Linked live river forecast reach,569.0510247231504
MP0215_Rajgr,Rajgarh,Rajgarh,Ganga,Yamuna,24.0125,76.73972222222223,441064225,5,2026-08-17T00:00:00+00:00,6,134.6,0,Linked live river forecast reach,569.0510247231504
MP0215_Rajgr,Rajgarh,Rajgarh,Ganga,Yamuna,24.0125,76.73972222222223,441064225,5,2026-08-17T03:00:00+00:00,6,130.8,0,Linked live river forecast reach,569.0510247231504
MP0215_Rajgr,Rajgarh,Rajgarh,Ganga,Yamuna,24.0125,76.73972222222223,441064225,5,2026-08-17T06:00:00+00:00,6,126.3,0,Linked live river forecast reach,569.0510247231504
MP0215_Rajgr,Rajgarh,Rajgarh,Ganga,Yamuna,24.0125,76.73972222222223,441064225,5,2026-08-17T09:00:00+00:00,6,121.7,0,Linked live river forecast reach,569.0510247231504
MP0215_Rajgr,Rajgarh,Rajgarh,Ganga,Yamuna,24.0125,76.73972222222223,441064225,5,2026-08-17T12:00:00+00:00,6,117.4,0,Linked live river forecast reach,569.0510247231504
MP0215_Rajgr,Rajgarh,Rajgarh,Ganga,Yamuna,24.0125,76.73972222222223,441064225,5,2026-08-17T15:00:00+00:00,7,113.6,0,Linked live river forecast reach,569.0510247231504
MP0215_Smskh,Samaskhedi,Dawas,Ganga,Yamuna,23.191666666666666,76.43388888888889,440872997,5,2026-08-10T15:00:00+00:00,0,38.8,0,Linked live river forecast reach,36.26334602839756
MP0215_Sonkh,Sonkatch _C,Dawas,Ganga,Yamuna,22.975277777777777,76.34194444444445,440861998,4,2026-08-10T15:00:00+00:00,0,29.0,0,Linked live river forecast reach,6.381723936647177
MP0216_Mankh,Manakhedi,Bhopal,Ganga,Yamuna,23.71,77.18444444444444,441036718,4,2026-08-10T15:00:00+00:00,0,141.7,0,Linked live river forecast reach,174.80183607182562
MP0216_Mankh,Manakhedi,Bhopal,Ganga,Yamuna,23.71,77.18444444444444,441036718,4,2026-08-10T18:00:00+00:00,0,175.2,0,Linked live river forecast reach,174.80183607182562
MP0216_Mankh,Manakhedi,Bhopal,Ganga,Yamuna,23.71,77.18444444444444,441036718,4,2026-08-10T21:00:00+00:00,0,222.2,0,Linked live river forecast reach,174.80183607182562
MP0216_Mankh,Manakhedi,Bhopal,Ganga,Yamuna,23.71,77.18444444444444,441036718,4,2026-08-11T00:00:00+00:00,0,270.3,0,Linked live river forecast reach,174.80183607182562
MP0216_Mankh,Manakhedi,Bhopal,Ganga,Yamuna,23.71,77.18444444444444,441036718,4,2026-08-11T03:00:00+00:00,0,305.5,0,Linked live river forecast reach,174.80183607182562
MP0216_Mankh,Manakhedi,Bhopal,Ganga,Yamuna,23.71,77.18444444444444,441036718,4,2026-08-11T06:00:00+00:00,0,338.7,0,Linked live river forecast reach,174.80183607182562
MP0216_Mankh,Manakhedi,Bhopal,Ganga,Yamuna,23.71,77.18444444444444,441036718,4,2026-08-11T09:00:00+00:00,0,366.8,0,Linked live river forecast reach,174.80183607182562
MP0216_Mankh,Manakhedi,Bhopal,Ganga,Yamuna,23.71,77.18444444444444,441036718,4,2026-08-11T12:00:00+00:00,0,389.7,0,Linked live river forecast reach,174.80183607182562
MP0216_Mankh,Manakhedi,Bhopal,Ganga,Yamuna,23.71,77.18444444444444,441036718,4,2026-08-11T15:00:00+00:00,1,402.8,0,Linked live river forecast reach,174.80183607182562
MP0216_Mankh,Manakhedi,Bhopal,Ganga,Yamuna,23.71,77.18444444444444,441036718,4,2026-08-11T18:00:00+00:00,1,408.9,0,Linked live river forecast reach,174.80183607182562
MP0216_Mankh,Manakhedi,Bhopal,Ganga,Yamuna,23.71,77.18444444444444,441036718,4,2026-08-11T21:00:00+00:00,1,420.8,0,Linked live river forecast reach,174.80183607182562
MP0216_Mankh,Manakhedi,Bhopal,Ganga,Yamuna,23.71,77.18444444444444,441036718,4,2026-08-12T00:00:00+00:00,1,427.6,0,Linked live river forecast reach,174.80183607182562
MP0216_Mankh,Manakhedi,Bhopal,Ganga,Yamuna,23.71,77.18444444444444,441036718,4,2026-08-12T03:00:00+00:00,1,431.8,0,Linked live river forecast reach,174.80183607182562
MP0216_Mankh,Manakhedi,Bhopal,Ganga,Yamuna,23.71,77.18444444444444,441036718,4,2026-08-12T06:00:00+00:00,1,433.8,0,Linked live river forecast reach,174.80183607182562
MP0216_Mankh,Manakhedi,Bhopal,Ganga,Yamuna,23.71,77.18444444444444,441036718,4,2026-08-12T09:00:00+00:00,1,435.4,0,Linked live river forecast reach,174.80183607182562
MP0216_Mankh,Manakhedi,Bhopal,Ganga,Yamuna,23.71,77.18444444444444,441036718,4,2026-08-12T12:00:00+00:00,1,439.4,0,Linked live river forecast reach,174.80183607182562
MP0216_Mankh,Manakhedi,Bhopal,Ganga,Yamuna,23.71,77.18444444444444,441036718,4,2026-08-12T15:00:00+00:00,2,439.5,0,Linked live river forecast reach,174.80183607182562
MP0216_Mankh,Manakhedi,Bhopal,Ganga,Yamuna,23.71,77.18444444444444,441036718,4,2026-08-12T18:00:00+00:00,2,434.8,0,Linked live river forecast reach,174.80183607182562
MP0216_Mankh,Manakhedi,Bhopal,Ganga,Yamuna,23.71,77.18444444444444,441036718,4,2026-08-12T21:00:00+00:00,2,436.2,0,Linked live river forecast reach,174.80183607182562
MP0216_Mankh,Manakhedi,Bhopal,Ganga,Yamuna,23.71,77.18444444444444,441036718,4,2026-08-13T00:00:00+00:00,2,447.3,0,Linked live river forecast reach,174.80183607182562
MP0216_Mankh,Manakhedi,Bhopal,Ganga,Yamuna,23.71,77.18444444444444,441036718,4,2026-08-13T03:00:00+00:00,2,457.3,0,Linked live river forecast reach,174.80183607182562
MP0216_Mankh,Manakhedi,Bhopal,Ganga,Yamuna,23.71,77.18444444444444,441036718,4,2026-08-13T06:00:00+00:00,2,457.1,0,Linked live river forecast reach,174.80183607182562
MP0216_Mankh,Manakhedi,Bhopal,Ganga,Yamuna,23.71,77.18444444444444,441036718,4,2026-08-13T09:00:00+00:00,2,444.1,0,Linked live river forecast reach,174.80183607182562
MP0216_Mankh,Manakhedi,Bhopal,Ganga,Yamuna,23.71,77.18444444444444,441036718,4,2026-08-13T12:00:00+00:00,2,426.0,0,Linked live river forecast reach,174.80183607182562
MP0216_Mankh,Manakhedi,Bhopal,Ganga,Yamuna,23.71,77.18444444444444,441036718,4,2026-08-13T15:00:00+00:00,3,409.1,0,Linked live river forecast reach,174.80183607182562
MP0216_Mankh,Manakhedi,Bhopal,Ganga,Yamuna,23.71,77.18444444444444,441036718,4,2026-08-13T18:00:00+00:00,3,396.7,0,Linked live river forecast reach,174.80183607182562
MP0216_Mankh,Manakhedi,Bhopal,Ganga,Yamuna,23.71,77.18444444444444,441036718,4,2026-08-13T21:00:00+00:00,3,393.6,0,Linked live river forecast reach,174.80183607182562
MP0216_Mankh,Manakhedi,Bhopal,Ganga,Yamuna,23.71,77.18444444444444,441036718,4,2026-08-14T00:00:00+00:00,3,392.8,0,Linked live river forecast reach,174.80183607182562
MP0216_Mankh,Manakhedi,Bhopal,Ganga,Yamuna,23.71,77.18444444444444,441036718,4,2026-08-14T03:00:00+00:00,3,391.6,0,Linked live river forecast reach,174.80183607182562
MP0216_Mankh,Manakhedi,Bhopal,Ganga,Yamuna,23.71,77.18444444444444,441036718,4,2026-08-14T06:00:00+00:00,3,405.6,0,Linked live river forecast reach,174.80183607182562
MP0216_Mankh,Manakhedi,Bhopal,Ganga,Yamuna,23.71,77.18444444444444,441036718,4,2026-08-14T09:00:00+00:00,3,431.8,0,Linked live river forecast reach,174.80183607182562
MP0216_Mankh,Manakhedi,Bhopal,Ganga,Yamuna,23.71,77.18444444444444,441036718,4,2026-08-14T12:00:00+00:00,3,448.4,0,Linked live river forecast reach,174.80183607182562
MP0216_Mankh,Manakhedi,Bhopal,Ganga,Yamuna,23.71,77.18444444444444,441036718,4,2026-08-14T15:00:00+00:00,4,437.9,0,Linked live river forecast reach,174.80183607182562
MP0216_Mankh,Manakhedi,Bhopal,Ganga,Yamuna,23.71,77.18444444444444,441036718,4,2026-08-14T18:00:00+00:00,4,402.8,0,Linked live river forecast reach,174.80183607182562
MP0216_Mankh,Manakhedi,Bhopal,Ganga,Yamuna,23.71,77.18444444444444,441036718,4,2026-08-14T21:00:00+00:00,4,357.6,0,Linked live river forecast reach,174.80183607182562
MP0216_Mankh,Manakhedi,Bhopal,Ganga,Yamuna,23.71,77.18444444444444,441036718,4,2026-08-15T00:00:00+00:00,4,318.1,0,Linked live river forecast reach,174.80183607182562
MP0216_Mankh,Manakhedi,Bhopal,Ganga,Yamuna,23.71,77.18444444444444,441036718,4,2026-08-15T03:00:00+00:00,4,288.3,0,Linked live river forecast reach,174.80183607182562
MP0216_Mankh,Manakhedi,Bhopal,Ganga,Yamuna,23.71,77.18444444444444,441036718,4,2026-08-15T06:00:00+00:00,4,265.4,0,Linked live river forecast reach,174.80183607182562
MP0216_Mankh,Manakhedi,Bhopal,Ganga,Yamuna,23.71,77.18444444444444,441036718,4,2026-08-15T09:00:00+00:00,4,249.8,0,Linked live river forecast reach,174.80183607182562
MP0216_Mankh,Manakhedi,Bhopal,Ganga,Yamuna,23.71,77.18444444444444,441036718,4,2026-08-15T12:00:00+00:00,4,240.3,0,Linked live river forecast reach,174.80183607182562
MP0216_Mankh,Manakhedi,Bhopal,Ganga,Yamuna,23.71,77.18444444444444,441036718,4,2026-08-15T15:00:00+00:00,5,233.6,0,Linked live river forecast reach,174.80183607182562
MP0216_Mankh,Manakhedi,Bhopal,Ganga,Yamuna,23.71,77.18444444444444,441036718,4,2026-08-15T18:00:00+00:00,5,225.6,0,Linked live river forecast reach,174.80183607182562
MP0216_Mankh,Manakhedi,Bhopal,Ganga,Yamuna,23.71,77.18444444444444,441036718,4,2026-08-15T21:00:00+00:00,5,216.4,0,Linked live river forecast reach,174.80183607182562
MP0216_Mankh,Manakhedi,Bhopal,Ganga,Yamuna,23.71,77.18444444444444,441036718,4,2026-08-16T00:00:00+00:00,5,206.6,0,Linked live river forecast reach,174.80183607182562
MP0216_Mankh,Manakhedi,Bhopal,Ganga,Yamuna,23.71,77.18444444444444,441036718,4,2026-08-16T03:00:00+00:00,5,195.8,0,Linked live river forecast reach,174.80183607182562
MP0216_Mankh,Manakhedi,Bhopal,Ganga,Yamuna,23.71,77.18444444444444,441036718,4,2026-08-16T06:00:00+00:00,5,184.4,0,Linked live river forecast reach,174.80183607182562
MP0216_Mankh,Manakhedi,Bhopal,Ganga,Yamuna,23.71,77.18444444444444,441036718,4,2026-08-16T09:00:00+00:00,5,173.8,0,Linked live river forecast reach,174.80183607182562
MP0216_Mankh,Manakhedi,Bhopal,Ganga,Yamuna,23.71,77.18444444444444,441036718,4,2026-08-16T12:00:00+00:00,5,163.9,0,Linked live river forecast reach,174.80183607182562
MP0216_Mankh,Manakhedi,Bhopal,Ganga,Yamuna,23.71,77.18444444444444,441036718,4,2026-08-16T15:00:00+00:00,6,154.5,0,Linked live river forecast reach,174.80183607182562
MP0216_Mankh,Manakhedi,Bhopal,Ganga,Yamuna,23.71,77.18444444444444,441036718,4,2026-08-16T18:00:00+00:00,6,145.4,0,Linked live river forecast reach,174.80183607182562
MP0216_Mankh,Manakhedi,Bhopal,Ganga,Yamuna,23.71,77.18444444444444,441036718,4,2026-08-16T21:00:00+00:00,6,136.9,0,Linked live river forecast reach,174.80183607182562
MP0216_Mankh,Manakhedi,Bhopal,Ganga,Yamuna,23.71,77.18444444444444,441036718,4,2026-08-17T00:00:00+00:00,6,129.3,0,Linked live river forecast reach,174.80183607182562
MP0216_Mankh,Manakhedi,Bhopal,Ganga,Yamuna,23.71,77.18444444444444,441036718,4,2026-08-17T03:00:00+00:00,6,122.8,0,Linked live river forecast reach,174.80183607182562
MP0216_Mankh,Manakhedi,Bhopal,Ganga,Yamuna,23.71,77.18444444444444,441036718,4,2026-08-17T06:00:00+00:00,6,117.4,0,Linked live river forecast reach,174.80183607182562
MP0216_Mankh,Manakhedi,Bhopal,Ganga,Yamuna,23.71,77.18444444444444,441036718,4,2026-08-17T09:00:00+00:00,6,112.6,0,Linked live river forecast reach,174.80183607182562
MP0216_Mankh,Manakhedi,Bhopal,Ganga,Yamuna,23.71,77.18444444444444,441036718,4,2026-08-17T12:00:00+00:00,6,108.4,0,Linked live river forecast reach,174.80183607182562
MP0216_Mankh,Manakhedi,Bhopal,Ganga,Yamuna,23.71,77.18444444444444,441036718,4,2026-08-17T15:00:00+00:00,7,104.8,0,Linked live river forecast reach,174.80183607182562
MP0216_Mksud,Maksudangar,Guna,Ganga,Yamuna,24.044722222222223,77.18027777777777,441086239,5,2026-08-10T15:00:00+00:00,0,229.5,0,Linked live river forecast reach,182.3539836507858
MP0216_Mksud,Maksudangar,Guna,Ganga,Yamuna,24.044722222222223,77.18027777777777,441086239,5,2026-08-10T18:00:00+00:00,0,264.9,0,Linked live river forecast reach,182.3539836507858
MP0216_Mksud,Maksudangar,Guna,Ganga,Yamuna,24.044722222222223,77.18027777777777,441086239,5,2026-08-10T21:00:00+00:00,0,339.9,0,Linked live river forecast reach,182.3539836507858
MP0216_Mksud,Maksudangar,Guna,Ganga,Yamuna,24.044722222222223,77.18027777777777,441086239,5,2026-08-11T00:00:00+00:00,0,454.6,0,Linked live river forecast reach,182.3539836507858
MP0216_Mksud,Maksudangar,Guna,Ganga,Yamuna,24.044722222222223,77.18027777777777,441086239,5,2026-08-11T03:00:00+00:00,0,524.3,0,Linked live river forecast reach,182.3539836507858
MP0216_Mksud,Maksudangar,Guna,Ganga,Yamuna,24.044722222222223,77.18027777777777,441086239,5,2026-08-11T06:00:00+00:00,0,570.5,0,Linked live river forecast reach,182.3539836507858
MP0216_Mksud,Maksudangar,Guna,Ganga,Yamuna,24.044722222222223,77.18027777777777,441086239,5,2026-08-11T09:00:00+00:00,0,618.7,0,Linked live river forecast reach,182.3539836507858
MP0216_Mksud,Maksudangar,Guna,Ganga,Yamuna,24.044722222222223,77.18027777777777,441086239,5,2026-08-11T12:00:00+00:00,0,656.6,0,Linked live river forecast reach,182.3539836507858
MP0216_Mksud,Maksudangar,Guna,Ganga,Yamuna,24.044722222222223,77.18027777777777,441086239,5,2026-08-11T15:00:00+00:00,1,676.0,0,Linked live river forecast reach,182.3539836507858
MP0216_Mksud,Maksudangar,Guna,Ganga,Yamuna,24.044722222222223,77.18027777777777,441086239,5,2026-08-11T18:00:00+00:00,1,681.0,0,Linked live river forecast reach,182.3539836507858
MP0216_Mksud,Maksudangar,Guna,Ganga,Yamuna,24.044722222222223,77.18027777777777,441086239,5,2026-08-11T21:00:00+00:00,1,695.9,0,Linked live river forecast reach,182.3539836507858
MP0216_Mksud,Maksudangar,Guna,Ganga,Yamuna,24.044722222222223,77.18027777777777,441086239,5,2026-08-12T00:00:00+00:00,1,706.6,0,Linked live river forecast reach,182.3539836507858
MP0216_Mksud,Maksudangar,Guna,Ganga,Yamuna,24.044722222222223,77.18027777777777,441086239,5,2026-08-12T03:00:00+00:00,1,709.5,0,Linked live river forecast reach,182.3539836507858
MP0216_Mksud,Maksudangar,Guna,Ganga,Yamuna,24.044722222222223,77.18027777777777,441086239,5,2026-08-12T06:00:00+00:00,1,715.4,0,Linked live river forecast reach,182.3539836507858
MP0216_Mksud,Maksudangar,Guna,Ganga,Yamuna,24.044722222222223,77.18027777777777,441086239,5,2026-08-12T09:00:00+00:00,1,717.4,0,Linked live river forecast reach,182.3539836507858
MP0216_Mksud,Maksudangar,Guna,Ganga,Yamuna,24.044722222222223,77.18027777777777,441086239,5,2026-08-12T12:00:00+00:00,1,709.2,0,Linked live river forecast reach,182.3539836507858
MP0216_Mksud,Maksudangar,Guna,Ganga,Yamuna,24.044722222222223,77.18027777777777,441086239,5,2026-08-12T15:00:00+00:00,2,690.7,0,Linked live river forecast reach,182.3539836507858
MP0216_Mksud,Maksudangar,Guna,Ganga,Yamuna,24.044722222222223,77.18027777777777,441086239,5,2026-08-12T18:00:00+00:00,2,662.2,0,Linked live river forecast reach,182.3539836507858
MP0216_Mksud,Maksudangar,Guna,Ganga,Yamuna,24.044722222222223,77.18027777777777,441086239,5,2026-08-12T21:00:00+00:00,2,629.5,0,Linked live river forecast reach,182.3539836507858
MP0216_Mksud,Maksudangar,Guna,Ganga,Yamuna,24.044722222222223,77.18027777777777,441086239,5,2026-08-13T00:00:00+00:00,2,598.2,0,Linked live river forecast reach,182.3539836507858
MP0216_Mksud,Maksudangar,Guna,Ganga,Yamuna,24.044722222222223,77.18027777777777,441086239,5,2026-08-13T03:00:00+00:00,2,569.2,0,Linked live river forecast reach,182.3539836507858
MP0216_Mksud,Maksudangar,Guna,Ganga,Yamuna,24.044722222222223,77.18027777777777,441086239,5,2026-08-13T06:00:00+00:00,2,548.2,0,Linked live river forecast reach,182.3539836507858
MP0216_Mksud,Maksudangar,Guna,Ganga,Yamuna,24.044722222222223,77.18027777777777,441086239,5,2026-08-13T09:00:00+00:00,2,537.4,0,Linked live river forecast reach,182.3539836507858
MP0216_Mksud,Maksudangar,Guna,Ganga,Yamuna,24.044722222222223,77.18027777777777,441086239,5,2026-08-13T12:00:00+00:00,2,537.5,0,Linked live river forecast reach,182.3539836507858
MP0216_Mksud,Maksudangar,Guna,Ganga,Yamuna,24.044722222222223,77.18027777777777,441086239,5,2026-08-13T15:00:00+00:00,3,540.9,0,Linked live river forecast reach,182.3539836507858
MP0216_Mksud,Maksudangar,Guna,Ganga,Yamuna,24.044722222222223,77.18027777777777,441086239,5,2026-08-13T18:00:00+00:00,3,545.2,0,Linked live river forecast reach,182.3539836507858
MP0216_Mksud,Maksudangar,Guna,Ganga,Yamuna,24.044722222222223,77.18027777777777,441086239,5,2026-08-13T21:00:00+00:00,3,554.5,0,Linked live river forecast reach,182.3539836507858
MP0216_Mksud,Maksudangar,Guna,Ganga,Yamuna,24.044722222222223,77.18027777777777,441086239,5,2026-08-14T00:00:00+00:00,3,563.2,0,Linked live river forecast reach,182.3539836507858
MP0216_Mksud,Maksudangar,Guna,Ganga,Yamuna,24.044722222222223,77.18027777777777,441086239,5,2026-08-14T03:00:00+00:00,3,567.9,0,Linked live river forecast reach,182.3539836507858
MP0216_Mksud,Maksudangar,Guna,Ganga,Yamuna,24.044722222222223,77.18027777777777,441086239,5,2026-08-14T06:00:00+00:00,3,564.3,0,Linked live river forecast reach,182.3539836507858
MP0216_Mksud,Maksudangar,Guna,Ganga,Yamuna,24.044722222222223,77.18027777777777,441086239,5,2026-08-14T09:00:00+00:00,3,552.5,0,Linked live river forecast reach,182.3539836507858
MP0216_Mksud,Maksudangar,Guna,Ganga,Yamuna,24.044722222222223,77.18027777777777,441086239,5,2026-08-14T12:00:00+00:00,3,534.6,0,Linked live river forecast reach,182.3539836507858
MP0216_Mksud,Maksudangar,Guna,Ganga,Yamuna,24.044722222222223,77.18027777777777,441086239,5,2026-08-14T15:00:00+00:00,4,516.8,0,Linked live river forecast reach,182.3539836507858
MP0216_Mksud,Maksudangar,Guna,Ganga,Yamuna,24.044722222222223,77.18027777777777,441086239,5,2026-08-14T18:00:00+00:00,4,507.0,0,Linked live river forecast reach,182.3539836507858
MP0216_Mksud,Maksudangar,Guna,Ganga,Yamuna,24.044722222222223,77.18027777777777,441086239,5,2026-08-14T21:00:00+00:00,4,503.6,0,Linked live river forecast reach,182.3539836507858
MP0216_Mksud,Maksudangar,Guna,Ganga,Yamuna,24.044722222222223,77.18027777777777,441086239,5,2026-08-15T00:00:00+00:00,4,502.8,0,Linked live river forecast reach,182.3539836507858
MP0216_Mksud,Maksudangar,Guna,Ganga,Yamuna,24.044722222222223,77.18027777777777,441086239,5,2026-08-15T03:00:00+00:00,4,509.4,0,Linked live river forecast reach,182.3539836507858
MP0216_Mksud,Maksudangar,Guna,Ganga,Yamuna,24.044722222222223,77.18027777777777,441086239,5,2026-08-15T06:00:00+00:00,4,523.7,0,Linked live river forecast reach,182.3539836507858
MP0216_Mksud,Maksudangar,Guna,Ganga,Yamuna,24.044722222222223,77.18027777777777,441086239,5,2026-08-15T09:00:00+00:00,4,534.2,0,Linked live river forecast reach,182.3539836507858
MP0216_Mksud,Maksudangar,Guna,Ganga,Yamuna,24.044722222222223,77.18027777777777,441086239,5,2026-08-15T12:00:00+00:00,4,526.0,0,Linked live river forecast reach,182.3539836507858
MP0216_Mksud,Maksudangar,Guna,Ganga,Yamuna,24.044722222222223,77.18027777777777,441086239,5,2026-08-15T15:00:00+00:00,5,495.4,0,Linked live river forecast reach,182.3539836507858
MP0216_Mksud,Maksudangar,Guna,Ganga,Yamuna,24.044722222222223,77.18027777777777,441086239,5,2026-08-15T18:00:00+00:00,5,451.6,0,Linked live river forecast reach,182.3539836507858
MP0216_Mksud,Maksudangar,Guna,Ganga,Yamuna,24.044722222222223,77.18027777777777,441086239,5,2026-08-15T21:00:00+00:00,5,406.1,0,Linked live river forecast reach,182.3539836507858
MP0216_Mksud,Maksudangar,Guna,Ganga,Yamuna,24.044722222222223,77.18027777777777,441086239,5,2026-08-16T00:00:00+00:00,5,366.4,0,Linked live river forecast reach,182.3539836507858
MP0216_Mksud,Maksudangar,Guna,Ganga,Yamuna,24.044722222222223,77.18027777777777,441086239,5,2026-08-16T03:00:00+00:00,5,334.3,0,Linked live river forecast reach,182.3539836507858
MP0216_Mksud,Maksudangar,Guna,Ganga,Yamuna,24.044722222222223,77.18027777777777,441086239,5,2026-08-16T06:00:00+00:00,5,309.4,0,Linked live river forecast reach,182.3539836507858
MP0216_Mksud,Maksudangar,Guna,Ganga,Yamuna,24.044722222222223,77.18027777777777,441086239,5,2026-08-16T09:00:00+00:00,5,291.2,0,Linked live river forecast reach,182.3539836507858
MP0216_Mksud,Maksudangar,Guna,Ganga,Yamuna,24.044722222222223,77.18027777777777,441086239,5,2026-08-16T12:00:00+00:00,5,278.8,0,Linked live river forecast reach,182.3539836507858
MP0216_Mksud,Maksudangar,Guna,Ganga,Yamuna,24.044722222222223,77.18027777777777,441086239,5,2026-08-16T15:00:00+00:00,6,269.0,0,Linked live river forecast reach,182.3539836507858
MP0216_Mksud,Maksudangar,Guna,Ganga,Yamuna,24.044722222222223,77.18027777777777,441086239,5,2026-08-16T18:00:00+00:00,6,259.2,0,Linked live river forecast reach,182.3539836507858
MP0216_Mksud,Maksudangar,Guna,Ganga,Yamuna,24.044722222222223,77.18027777777777,441086239,5,2026-08-16T21:00:00+00:00,6,249.7,0,Linked live river forecast reach,182.3539836507858
MP0216_Mksud,Maksudangar,Guna,Ganga,Yamuna,24.044722222222223,77.18027777777777,441086239,5,2026-08-17T00:00:00+00:00,6,239.2,0,Linked live river forecast reach,182.3539836507858
MP0216_Mksud,Maksudangar,Guna,Ganga,Yamuna,24.044722222222223,77.18027777777777,441086239,5,2026-08-17T03:00:00+00:00,6,227.1,0,Linked live river forecast reach,182.3539836507858
MP0216_Mksud,Maksudangar,Guna,Ganga,Yamuna,24.044722222222223,77.18027777777777,441086239,5,2026-08-17T06:00:00+00:00,6,214.5,0,Linked live river forecast reach,182.3539836507858
MP0216_Mksud,Maksudangar,Guna,Ganga,Yamuna,24.044722222222223,77.18027777777777,441086239,5,2026-08-17T09:00:00+00:00,6,202.4,0,Linked live river forecast reach,182.3539836507858
MP0216_Mksud,Maksudangar,Guna,Ganga,Yamuna,24.044722222222223,77.18027777777777,441086239,5,2026-08-17T12:00:00+00:00,6,191.2,0,Linked live river forecast reach,182.3539836507858
MP0216_Mksud,Maksudangar,Guna,Ganga,Yamuna,24.044722222222223,77.18027777777777,441086239,5,2026-08-17T15:00:00+00:00,7,180.9,0,Linked live river forecast reach,182.3539836507858
MP0216_Pilkh,Pillukhedi,Rajgarh,Ganga,Yamuna,23.459722222222222,77.075,440875738,3,2026-08-10T15:00:00+00:00,0,76.7,0,Linked live river forecast reach,1622.0891958600648
MP0217_Seep,Seep Aquaduct_C,Morena,Ganga,Yamuna,25.677777777777777,76.6975,441097176,4,2026-08-10T15:00:00+00:00,0,14.5,0,Linked live river forecast reach,1274.1887934200668
MP0217_Seep,Seep Aquaduct_C,Morena,Ganga,Yamuna,25.677777777777777,76.6975,441097176,4,2026-08-10T18:00:00+00:00,0,19.9,0,Linked live river forecast reach,1274.1887934200668
MP0217_Seep,Seep Aquaduct_C,Morena,Ganga,Yamuna,25.677777777777777,76.6975,441097176,4,2026-08-10T21:00:00+00:00,0,23.5,0,Linked live river forecast reach,1274.1887934200668
MP0217_Seep,Seep Aquaduct_C,Morena,Ganga,Yamuna,25.677777777777777,76.6975,441097176,4,2026-08-11T00:00:00+00:00,0,26.2,0,Linked live river forecast reach,1274.1887934200668
MP0217_Seep,Seep Aquaduct_C,Morena,Ganga,Yamuna,25.677777777777777,76.6975,441097176,4,2026-08-11T03:00:00+00:00,0,29.9,0,Linked live river forecast reach,1274.1887934200668
MP0217_Seep,Seep Aquaduct_C,Morena,Ganga,Yamuna,25.677777777777777,76.6975,441097176,4,2026-08-11T06:00:00+00:00,0,34.0,0,Linked live river forecast reach,1274.1887934200668
MP0217_Seep,Seep Aquaduct_C,Morena,Ganga,Yamuna,25.677777777777777,76.6975,441097176,4,2026-08-11T09:00:00+00:00,0,35.2,0,Linked live river forecast reach,1274.1887934200668
MP0217_Seep,Seep Aquaduct_C,Morena,Ganga,Yamuna,25.677777777777777,76.6975,441097176,4,2026-08-11T12:00:00+00:00,0,34.4,0,Linked live river forecast reach,1274.1887934200668
MP0217_Seep,Seep Aquaduct_C,Morena,Ganga,Yamuna,25.677777777777777,76.6975,441097176,4,2026-08-11T15:00:00+00:00,1,33.7,0,Linked live river forecast reach,1274.1887934200668
MP0217_Seep,Seep Aquaduct_C,Morena,Ganga,Yamuna,25.677777777777777,76.6975,441097176,4,2026-08-11T18:00:00+00:00,1,32.4,0,Linked live river forecast reach,1274.1887934200668
MP0217_Seep,Seep Aquaduct_C,Morena,Ganga,Yamuna,25.677777777777777,76.6975,441097176,4,2026-08-11T21:00:00+00:00,1,31.3,0,Linked live river forecast reach,1274.1887934200668
MP0217_Seep,Seep Aquaduct_C,Morena,Ganga,Yamuna,25.677777777777777,76.6975,441097176,4,2026-08-12T00:00:00+00:00,1,29.2,0,Linked live river forecast reach,1274.1887934200668
MP0217_Seep,Seep Aquaduct_C,Morena,Ganga,Yamuna,25.677777777777777,76.6975,441097176,4,2026-08-12T03:00:00+00:00,1,27.4,0,Linked live river forecast reach,1274.1887934200668
MP0217_Seep,Seep Aquaduct_C,Morena,Ganga,Yamuna,25.677777777777777,76.6975,441097176,4,2026-08-12T06:00:00+00:00,1,27.5,0,Linked live river forecast reach,1274.1887934200668
MP0217_Seep,Seep Aquaduct_C,Morena,Ganga,Yamuna,25.677777777777777,76.6975,441097176,4,2026-08-12T09:00:00+00:00,1,26.6,0,Linked live river forecast reach,1274.1887934200668
MP0217_Seep,Seep Aquaduct_C,Morena,Ganga,Yamuna,25.677777777777777,76.6975,441097176,4,2026-08-12T12:00:00+00:00,1,25.2,0,Linked live river forecast reach,1274.1887934200668
MP0217_Seep,Seep Aquaduct_C,Morena,Ganga,Yamuna,25.677777777777777,76.6975,441097176,4,2026-08-12T15:00:00+00:00,2,24.0,0,Linked live river forecast reach,1274.1887934200668
MP0217_Seep,Seep Aquaduct_C,Morena,Ganga,Yamuna,25.677777777777777,76.6975,441097176,4,2026-08-12T18:00:00+00:00,2,21.8,0,Linked live river forecast reach,1274.1887934200668
MP0217_Seep,Seep Aquaduct_C,Morena,Ganga,Yamuna,25.677777777777777,76.6975,441097176,4,2026-08-12T21:00:00+00:00,2,18.8,0,Linked live river forecast reach,1274.1887934200668
MP0217_Seep,Seep Aquaduct_C,Morena,Ganga,Yamuna,25.677777777777777,76.6975,441097176,4,2026-08-13T00:00:00+00:00,2,16.3,0,Linked live river forecast reach,1274.1887934200668
MP0217_Seep,Seep Aquaduct_C,Morena,Ganga,Yamuna,25.677777777777777,76.6975,441097176,4,2026-08-13T03:00:00+00:00,2,14.7,0,Linked live river forecast reach,1274.1887934200668
MP0217_Seep,Seep Aquaduct_C,Morena,Ganga,Yamuna,25.677777777777777,76.6975,441097176,4,2026-08-13T06:00:00+00:00,2,13.3,0,Linked live river forecast reach,1274.1887934200668
MP0217_Seep,Seep Aquaduct_C,Morena,Ganga,Yamuna,25.677777777777777,76.6975,441097176,4,2026-08-13T09:00:00+00:00,2,12.1,0,Linked live river forecast reach,1274.1887934200668
MP0217_Seep,Seep Aquaduct_C,Morena,Ganga,Yamuna,25.677777777777777,76.6975,441097176,4,2026-08-13T12:00:00+00:00,2,11.7,0,Linked live river forecast reach,1274.1887934200668
MP0217_Seep,Seep Aquaduct_C,Morena,Ganga,Yamuna,25.677777777777777,76.6975,441097176,4,2026-08-13T15:00:00+00:00,3,11.0,0,Linked live river forecast reach,1274.1887934200668
MP0217_Seep,Seep Aquaduct_C,Morena,Ganga,Yamuna,25.677777777777777,76.6975,441097176,4,2026-08-13T18:00:00+00:00,3,10.4,0,Linked live river forecast reach,1274.1887934200668
MP0217_Seep,Seep Aquaduct_C,Morena,Ganga,Yamuna,25.677777777777777,76.6975,441097176,4,2026-08-13T21:00:00+00:00,3,10.9,0,Linked live river forecast reach,1274.1887934200668
MP0217_Seep,Seep Aquaduct_C,Morena,Ganga,Yamuna,25.677777777777777,76.6975,441097176,4,2026-08-14T00:00:00+00:00,3,11.2,0,Linked live river forecast reach,1274.1887934200668
MP0217_Seep,Seep Aquaduct_C,Morena,Ganga,Yamuna,25.677777777777777,76.6975,441097176,4,2026-08-14T03:00:00+00:00,3,11.5,0,Linked live river forecast reach,1274.1887934200668
MP0217_Seep,Seep Aquaduct_C,Morena,Ganga,Yamuna,25.677777777777777,76.6975,441097176,4,2026-08-14T06:00:00+00:00,3,11.6,0,Linked live river forecast reach,1274.1887934200668
MP0217_Seep,Seep Aquaduct_C,Morena,Ganga,Yamuna,25.677777777777777,76.6975,441097176,4,2026-08-14T09:00:00+00:00,3,11.9,0,Linked live river forecast reach,1274.1887934200668
MP0217_Seep,Seep Aquaduct_C,Morena,Ganga,Yamuna,25.677777777777777,76.6975,441097176,4,2026-08-14T12:00:00+00:00,3,12.6,0,Linked live river forecast reach,1274.1887934200668
MP0217_Seep,Seep Aquaduct_C,Morena,Ganga,Yamuna,25.677777777777777,76.6975,441097176,4,2026-08-14T15:00:00+00:00,4,13.1,0,Linked live river forecast reach,1274.1887934200668
MP0217_Seep,Seep Aquaduct_C,Morena,Ganga,Yamuna,25.677777777777777,76.6975,441097176,4,2026-08-14T18:00:00+00:00,4,13.2,0,Linked live river forecast reach,1274.1887934200668
MP0217_Seep,Seep Aquaduct_C,Morena,Ganga,Yamuna,25.677777777777777,76.6975,441097176,4,2026-08-14T21:00:00+00:00,4,13.1,0,Linked live river forecast reach,1274.1887934200668
MP0217_Seep,Seep Aquaduct_C,Morena,Ganga,Yamuna,25.677777777777777,76.6975,441097176,4,2026-08-15T00:00:00+00:00,4,12.2,0,Linked live river forecast reach,1274.1887934200668
MP0217_Seep,Seep Aquaduct_C,Morena,Ganga,Yamuna,25.677777777777777,76.6975,441097176,4,2026-08-15T03:00:00+00:00,4,11.2,0,Linked live river forecast reach,1274.1887934200668
MP0217_Seep,Seep Aquaduct_C,Morena,Ganga,Yamuna,25.677777777777777,76.6975,441097176,4,2026-08-15T06:00:00+00:00,4,10.2,0,Linked live river forecast reach,1274.1887934200668
MP0217_Seep,Seep Aquaduct_C,Morena,Ganga,Yamuna,25.677777777777777,76.6975,441097176,4,2026-08-15T09:00:00+00:00,4,9.5,0,Linked live river forecast reach,1274.1887934200668
MP0217_Seep,Seep Aquaduct_C,Morena,Ganga,Yamuna,25.677777777777777,76.6975,441097176,4,2026-08-15T12:00:00+00:00,4,9.1,0,Linked live river forecast reach,1274.1887934200668
MP0217_Seep,Seep Aquaduct_C,Morena,Ganga,Yamuna,25.677777777777777,76.6975,441097176,4,2026-08-15T15:00:00+00:00,5,8.9,0,Linked live river forecast reach,1274.1887934200668
MP0217_Seep,Seep Aquaduct_C,Morena,Ganga,Yamuna,25.677777777777777,76.6975,441097176,4,2026-08-15T18:00:00+00:00,5,8.5,0,Linked live river forecast reach,1274.1887934200668
MP0217_Seep,Seep Aquaduct_C,Morena,Ganga,Yamuna,25.677777777777777,76.6975,441097176,4,2026-08-15T21:00:00+00:00,5,8.0,0,Linked live river forecast reach,1274.1887934200668
MP0217_Seep,Seep Aquaduct_C,Morena,Ganga,Yamuna,25.677777777777777,76.6975,441097176,4,2026-08-16T00:00:00+00:00,5,7.6,0,Linked live river forecast reach,1274.1887934200668
MP0217_Seep,Seep Aquaduct_C,Morena,Ganga,Yamuna,25.677777777777777,76.6975,441097176,4,2026-08-16T03:00:00+00:00,5,7.3,0,Linked live river forecast reach,1274.1887934200668
MP0217_Seep,Seep Aquaduct_C,Morena,Ganga,Yamuna,25.677777777777777,76.6975,441097176,4,2026-08-16T06:00:00+00:00,5,6.8,0,Linked live river forecast reach,1274.1887934200668
MP0217_Seep,Seep Aquaduct_C,Morena,Ganga,Yamuna,25.677777777777777,76.6975,441097176,4,2026-08-16T09:00:00+00:00,5,6.2,0,Linked live river forecast reach,1274.1887934200668
MP0217_Seep,Seep Aquaduct_C,Morena,Ganga,Yamuna,25.677777777777777,76.6975,441097176,4,2026-08-16T12:00:00+00:00,5,6.2,0,Linked live river forecast reach,1274.1887934200668
MP0217_Seep,Seep Aquaduct_C,Morena,Ganga,Yamuna,25.677777777777777,76.6975,441097176,4,2026-08-16T15:00:00+00:00,6,6.6,0,Linked live river forecast reach,1274.1887934200668
MP0217_Seep,Seep Aquaduct_C,Morena,Ganga,Yamuna,25.677777777777777,76.6975,441097176,4,2026-08-16T18:00:00+00:00,6,6.4,0,Linked live river forecast reach,1274.1887934200668
MP0217_Seep,Seep Aquaduct_C,Morena,Ganga,Yamuna,25.677777777777777,76.6975,441097176,4,2026-08-16T21:00:00+00:00,6,6.3,0,Linked live river forecast reach,1274.1887934200668
MP0217_Seep,Seep Aquaduct_C,Morena,Ganga,Yamuna,25.677777777777777,76.6975,441097176,4,2026-08-17T00:00:00+00:00,6,6.3,0,Linked live river forecast reach,1274.1887934200668
MP0217_Seep,Seep Aquaduct_C,Morena,Ganga,Yamuna,25.677777777777777,76.6975,441097176,4,2026-08-17T03:00:00+00:00,6,6.0,0,Linked live river forecast reach,1274.1887934200668
MP0217_Seep,Seep Aquaduct_C,Morena,Ganga,Yamuna,25.677777777777777,76.6975,441097176,4,2026-08-17T06:00:00+00:00,6,5.4,0,Linked live river forecast reach,1274.1887934200668
MP0217_Seep,Seep Aquaduct_C,Morena,Ganga,Yamuna,25.677777777777777,76.6975,441097176,4,2026-08-17T09:00:00+00:00,6,4.6,0,Linked live river forecast reach,1274.1887934200668
MP0217_Seep,Seep Aquaduct_C,Morena,Ganga,Yamuna,25.677777777777777,76.6975,441097176,4,2026-08-17T12:00:00+00:00,6,3.8,0,Linked live river forecast reach,1274.1887934200668
MP0217_Seep,Seep Aquaduct_C,Morena,Ganga,Yamuna,25.677777777777777,76.6975,441097176,4,2026-08-17T15:00:00+00:00,7,3.2,0,Linked live river forecast reach,1274.1887934200668
MP0218_Kuno,Kuno,Sheopur,Ganga,Yamuna,26.101666666666667,77.11555555555556,440903140,3,2026-08-10T15:00:00+00:00,0,1.8,0,Linked live river forecast reach,1066.5912454687411
MP0218_Kuno,Kuno,Sheopur,Ganga,Yamuna,26.101666666666667,77.11555555555556,440903140,3,2026-08-10T18:00:00+00:00,0,3.2,0,Linked live river forecast reach,1066.5912454687411
MP0218_Kuno,Kuno,Sheopur,Ganga,Yamuna,26.101666666666667,77.11555555555556,440903140,3,2026-08-10T21:00:00+00:00,0,4.3,0,Linked live river forecast reach,1066.5912454687411
MP0218_Kuno,Kuno,Sheopur,Ganga,Yamuna,26.101666666666667,77.11555555555556,440903140,3,2026-08-11T00:00:00+00:00,0,4.9,0,Linked live river forecast reach,1066.5912454687411
MP0218_Kuno,Kuno,Sheopur,Ganga,Yamuna,26.101666666666667,77.11555555555556,440903140,3,2026-08-11T03:00:00+00:00,0,5.2,0,Linked live river forecast reach,1066.5912454687411
MP0218_Kuno,Kuno,Sheopur,Ganga,Yamuna,26.101666666666667,77.11555555555556,440903140,3,2026-08-11T06:00:00+00:00,0,4.9,0,Linked live river forecast reach,1066.5912454687411
MP0218_Kuno,Kuno,Sheopur,Ganga,Yamuna,26.101666666666667,77.11555555555556,440903140,3,2026-08-11T09:00:00+00:00,0,4.9,0,Linked live river forecast reach,1066.5912454687411
MP0218_Kuno,Kuno,Sheopur,Ganga,Yamuna,26.101666666666667,77.11555555555556,440903140,3,2026-08-11T12:00:00+00:00,0,5.4,0,Linked live river forecast reach,1066.5912454687411
MP0218_Kuno,Kuno,Sheopur,Ganga,Yamuna,26.101666666666667,77.11555555555556,440903140,3,2026-08-11T15:00:00+00:00,1,7.1,0,Linked live river forecast reach,1066.5912454687411
MP0218_Kuno,Kuno,Sheopur,Ganga,Yamuna,26.101666666666667,77.11555555555556,440903140,3,2026-08-11T18:00:00+00:00,1,9.9,0,Linked live river forecast reach,1066.5912454687411
MP0218_Kuno,Kuno,Sheopur,Ganga,Yamuna,26.101666666666667,77.11555555555556,440903140,3,2026-08-11T21:00:00+00:00,1,11.4,0,Linked live river forecast reach,1066.5912454687411
MP0218_Kuno,Kuno,Sheopur,Ganga,Yamuna,26.101666666666667,77.11555555555556,440903140,3,2026-08-12T00:00:00+00:00,1,10.3,0,Linked live river forecast reach,1066.5912454687411
MP0218_Kuno,Kuno,Sheopur,Ganga,Yamuna,26.101666666666667,77.11555555555556,440903140,3,2026-08-12T03:00:00+00:00,1,6.8,0,Linked live river forecast reach,1066.5912454687411
MP0218_Kuno,Kuno,Sheopur,Ganga,Yamuna,26.101666666666667,77.11555555555556,440903140,3,2026-08-12T06:00:00+00:00,1,3.6,0,Linked live river forecast reach,1066.5912454687411
MP0218_Kuno,Kuno,Sheopur,Ganga,Yamuna,26.101666666666667,77.11555555555556,440903140,3,2026-08-12T09:00:00+00:00,1,2.2,0,Linked live river forecast reach,1066.5912454687411
MP0218_Kuno,Kuno,Sheopur,Ganga,Yamuna,26.101666666666667,77.11555555555556,440903140,3,2026-08-12T12:00:00+00:00,1,2.0,0,Linked live river forecast reach,1066.5912454687411
MP0218_Kuno,Kuno,Sheopur,Ganga,Yamuna,26.101666666666667,77.11555555555556,440903140,3,2026-08-12T15:00:00+00:00,2,2.6,0,Linked live river forecast reach,1066.5912454687411
MP0218_Kuno,Kuno,Sheopur,Ganga,Yamuna,26.101666666666667,77.11555555555556,440903140,3,2026-08-12T18:00:00+00:00,2,2.9,0,Linked live river forecast reach,1066.5912454687411
MP0218_Kuno,Kuno,Sheopur,Ganga,Yamuna,26.101666666666667,77.11555555555556,440903140,3,2026-08-12T21:00:00+00:00,2,2.5,0,Linked live river forecast reach,1066.5912454687411
MP0218_Kuno,Kuno,Sheopur,Ganga,Yamuna,26.101666666666667,77.11555555555556,440903140,3,2026-08-13T00:00:00+00:00,2,2.0,0,Linked live river forecast reach,1066.5912454687411
MP0218_Kuno,Kuno,Sheopur,Ganga,Yamuna,26.101666666666667,77.11555555555556,440903140,3,2026-08-13T03:00:00+00:00,2,1.7,0,Linked live river forecast reach,1066.5912454687411
MP0218_Kuno,Kuno,Sheopur,Ganga,Yamuna,26.101666666666667,77.11555555555556,440903140,3,2026-08-13T06:00:00+00:00,2,1.9,0,Linked live river forecast reach,1066.5912454687411
MP0218_Kuno,Kuno,Sheopur,Ganga,Yamuna,26.101666666666667,77.11555555555556,440903140,3,2026-08-13T09:00:00+00:00,2,2.4,0,Linked live river forecast reach,1066.5912454687411
MP0218_Kuno,Kuno,Sheopur,Ganga,Yamuna,26.101666666666667,77.11555555555556,440903140,3,2026-08-13T12:00:00+00:00,2,3.0,0,Linked live river forecast reach,1066.5912454687411
MP0218_Kuno,Kuno,Sheopur,Ganga,Yamuna,26.101666666666667,77.11555555555556,440903140,3,2026-08-13T15:00:00+00:00,3,2.9,0,Linked live river forecast reach,1066.5912454687411
MP0218_Kuno,Kuno,Sheopur,Ganga,Yamuna,26.101666666666667,77.11555555555556,440903140,3,2026-08-13T18:00:00+00:00,3,2.9,0,Linked live river forecast reach,1066.5912454687411
MP0218_Kuno,Kuno,Sheopur,Ganga,Yamuna,26.101666666666667,77.11555555555556,440903140,3,2026-08-13T21:00:00+00:00,3,2.4,0,Linked live river forecast reach,1066.5912454687411
MP0218_Kuno,Kuno,Sheopur,Ganga,Yamuna,26.101666666666667,77.11555555555556,440903140,3,2026-08-14T00:00:00+00:00,3,1.7,0,Linked live river forecast reach,1066.5912454687411
MP0218_Kuno,Kuno,Sheopur,Ganga,Yamuna,26.101666666666667,77.11555555555556,440903140,3,2026-08-14T03:00:00+00:00,3,1.2,0,Linked live river forecast reach,1066.5912454687411
MP0218_Kuno,Kuno,Sheopur,Ganga,Yamuna,26.101666666666667,77.11555555555556,440903140,3,2026-08-14T06:00:00+00:00,3,1.0,0,Linked live river forecast reach,1066.5912454687411
MP0218_Kuno,Kuno,Sheopur,Ganga,Yamuna,26.101666666666667,77.11555555555556,440903140,3,2026-08-14T09:00:00+00:00,3,1.6,0,Linked live river forecast reach,1066.5912454687411
MP0218_Kuno,Kuno,Sheopur,Ganga,Yamuna,26.101666666666667,77.11555555555556,440903140,3,2026-08-14T12:00:00+00:00,3,2.3,0,Linked live river forecast reach,1066.5912454687411
MP0218_Kuno,Kuno,Sheopur,Ganga,Yamuna,26.101666666666667,77.11555555555556,440903140,3,2026-08-14T15:00:00+00:00,4,2.7,0,Linked live river forecast reach,1066.5912454687411
MP0218_Kuno,Kuno,Sheopur,Ganga,Yamuna,26.101666666666667,77.11555555555556,440903140,3,2026-08-14T18:00:00+00:00,4,2.8,0,Linked live river forecast reach,1066.5912454687411
MP0218_Kuno,Kuno,Sheopur,Ganga,Yamuna,26.101666666666667,77.11555555555556,440903140,3,2026-08-14T21:00:00+00:00,4,2.5,0,Linked live river forecast reach,1066.5912454687411
MP0218_Kuno,Kuno,Sheopur,Ganga,Yamuna,26.101666666666667,77.11555555555556,440903140,3,2026-08-15T00:00:00+00:00,4,2.4,0,Linked live river forecast reach,1066.5912454687411
MP0218_Kuno,Kuno,Sheopur,Ganga,Yamuna,26.101666666666667,77.11555555555556,440903140,3,2026-08-15T03:00:00+00:00,4,2.5,0,Linked live river forecast reach,1066.5912454687411
MP0218_Kuno,Kuno,Sheopur,Ganga,Yamuna,26.101666666666667,77.11555555555556,440903140,3,2026-08-15T06:00:00+00:00,4,2.6,0,Linked live river forecast reach,1066.5912454687411
MP0218_Kuno,Kuno,Sheopur,Ganga,Yamuna,26.101666666666667,77.11555555555556,440903140,3,2026-08-15T09:00:00+00:00,4,2.7,0,Linked live river forecast reach,1066.5912454687411
MP0218_Kuno,Kuno,Sheopur,Ganga,Yamuna,26.101666666666667,77.11555555555556,440903140,3,2026-08-15T12:00:00+00:00,4,3.1,0,Linked live river forecast reach,1066.5912454687411
MP0218_Kuno,Kuno,Sheopur,Ganga,Yamuna,26.101666666666667,77.11555555555556,440903140,3,2026-08-15T15:00:00+00:00,5,3.3,0,Linked live river forecast reach,1066.5912454687411
MP0218_Kuno,Kuno,Sheopur,Ganga,Yamuna,26.101666666666667,77.11555555555556,440903140,3,2026-08-15T18:00:00+00:00,5,3.1,0,Linked live river forecast reach,1066.5912454687411
MP0218_Kuno,Kuno,Sheopur,Ganga,Yamuna,26.101666666666667,77.11555555555556,440903140,3,2026-08-15T21:00:00+00:00,5,2.8,0,Linked live river forecast reach,1066.5912454687411
MP0218_Kuno,Kuno,Sheopur,Ganga,Yamuna,26.101666666666667,77.11555555555556,440903140,3,2026-08-16T00:00:00+00:00,5,2.6,0,Linked live river forecast reach,1066.5912454687411
MP0218_Kuno,Kuno,Sheopur,Ganga,Yamuna,26.101666666666667,77.11555555555556,440903140,3,2026-08-16T03:00:00+00:00,5,2.7,0,Linked live river forecast reach,1066.5912454687411
MP0218_Kuno,Kuno,Sheopur,Ganga,Yamuna,26.101666666666667,77.11555555555556,440903140,3,2026-08-16T06:00:00+00:00,5,3.0,0,Linked live river forecast reach,1066.5912454687411
MP0218_Kuno,Kuno,Sheopur,Ganga,Yamuna,26.101666666666667,77.11555555555556,440903140,3,2026-08-16T09:00:00+00:00,5,3.2,0,Linked live river forecast reach,1066.5912454687411
MP0218_Kuno,Kuno,Sheopur,Ganga,Yamuna,26.101666666666667,77.11555555555556,440903140,3,2026-08-16T12:00:00+00:00,5,3.2,0,Linked live river forecast reach,1066.5912454687411
MP0218_Kuno,Kuno,Sheopur,Ganga,Yamuna,26.101666666666667,77.11555555555556,440903140,3,2026-08-16T15:00:00+00:00,6,2.8,0,Linked live river forecast reach,1066.5912454687411
MP0218_Kuno,Kuno,Sheopur,Ganga,Yamuna,26.101666666666667,77.11555555555556,440903140,3,2026-08-16T18:00:00+00:00,6,2.2,0,Linked live river forecast reach,1066.5912454687411
MP0218_Kuno,Kuno,Sheopur,Ganga,Yamuna,26.101666666666667,77.11555555555556,440903140,3,2026-08-16T21:00:00+00:00,6,2.2,0,Linked live river forecast reach,1066.5912454687411
MP0218_Kuno,Kuno,Sheopur,Ganga,Yamuna,26.101666666666667,77.11555555555556,440903140,3,2026-08-17T00:00:00+00:00,6,2.3,0,Linked live river forecast reach,1066.5912454687411
MP0218_Kuno,Kuno,Sheopur,Ganga,Yamuna,26.101666666666667,77.11555555555556,440903140,3,2026-08-17T03:00:00+00:00,6,2.2,0,Linked live river forecast reach,1066.5912454687411
MP0218_Kuno,Kuno,Sheopur,Ganga,Yamuna,26.101666666666667,77.11555555555556,440903140,3,2026-08-17T06:00:00+00:00,6,2.2,0,Linked live river forecast reach,1066.5912454687411
MP0218_Kuno,Kuno,Sheopur,Ganga,Yamuna,26.101666666666667,77.11555555555556,440903140,3,2026-08-17T09:00:00+00:00,6,2.5,0,Linked live river forecast reach,1066.5912454687411
MP0218_Kuno,Kuno,Sheopur,Ganga,Yamuna,26.101666666666667,77.11555555555556,440903140,3,2026-08-17T12:00:00+00:00,6,2.6,0,Linked live river forecast reach,1066.5912454687411
MP0218_Kuno,Kuno,Sheopur,Ganga,Yamuna,26.101666666666667,77.11555555555556,440903140,3,2026-08-17T15:00:00+00:00,7,2.1,0,Linked live river forecast reach,1066.5912454687411
MP0250_Dhasn,Dhasan,Tikamgarh,Ganga,Yamuna,24.66722222222222,79.28277777777778,441104099,4,2026-08-10T15:00:00+00:00,0,165.1,0,Linked live river forecast reach,95.41931480180737
MP0250_Dhasn,Dhasan,Tikamgarh,Ganga,Yamuna,24.66722222222222,79.28277777777778,441104099,4,2026-08-10T18:00:00+00:00,0,181.9,0,Linked live river forecast reach,95.41931480180737
MP0250_Dhasn,Dhasan,Tikamgarh,Ganga,Yamuna,24.66722222222222,79.28277777777778,441104099,4,2026-08-10T21:00:00+00:00,0,195.3,0,Linked live river forecast reach,95.41931480180737
MP0250_Dhasn,Dhasan,Tikamgarh,Ganga,Yamuna,24.66722222222222,79.28277777777778,441104099,4,2026-08-11T00:00:00+00:00,0,204.2,0,Linked live river forecast reach,95.41931480180737
MP0250_Dhasn,Dhasan,Tikamgarh,Ganga,Yamuna,24.66722222222222,79.28277777777778,441104099,4,2026-08-11T03:00:00+00:00,0,210.9,0,Linked live river forecast reach,95.41931480180737
MP0250_Dhasn,Dhasan,Tikamgarh,Ganga,Yamuna,24.66722222222222,79.28277777777778,441104099,4,2026-08-11T06:00:00+00:00,0,213.9,0,Linked live river forecast reach,95.41931480180737
MP0250_Dhasn,Dhasan,Tikamgarh,Ganga,Yamuna,24.66722222222222,79.28277777777778,441104099,4,2026-08-11T09:00:00+00:00,0,213.7,0,Linked live river forecast reach,95.41931480180737
MP0250_Dhasn,Dhasan,Tikamgarh,Ganga,Yamuna,24.66722222222222,79.28277777777778,441104099,4,2026-08-11T12:00:00+00:00,0,213.8,0,Linked live river forecast reach,95.41931480180737
MP0250_Dhasn,Dhasan,Tikamgarh,Ganga,Yamuna,24.66722222222222,79.28277777777778,441104099,4,2026-08-11T15:00:00+00:00,1,215.0,0,Linked live river forecast reach,95.41931480180737
MP0250_Dhasn,Dhasan,Tikamgarh,Ganga,Yamuna,24.66722222222222,79.28277777777778,441104099,4,2026-08-11T18:00:00+00:00,1,214.0,0,Linked live river forecast reach,95.41931480180737
MP0250_Dhasn,Dhasan,Tikamgarh,Ganga,Yamuna,24.66722222222222,79.28277777777778,441104099,4,2026-08-11T21:00:00+00:00,1,209.6,0,Linked live river forecast reach,95.41931480180737
MP0250_Dhasn,Dhasan,Tikamgarh,Ganga,Yamuna,24.66722222222222,79.28277777777778,441104099,4,2026-08-12T00:00:00+00:00,1,202.7,0,Linked live river forecast reach,95.41931480180737
MP0250_Dhasn,Dhasan,Tikamgarh,Ganga,Yamuna,24.66722222222222,79.28277777777778,441104099,4,2026-08-12T03:00:00+00:00,1,197.5,0,Linked live river forecast reach,95.41931480180737
MP0250_Dhasn,Dhasan,Tikamgarh,Ganga,Yamuna,24.66722222222222,79.28277777777778,441104099,4,2026-08-12T06:00:00+00:00,1,193.6,0,Linked live river forecast reach,95.41931480180737
MP0250_Dhasn,Dhasan,Tikamgarh,Ganga,Yamuna,24.66722222222222,79.28277777777778,441104099,4,2026-08-12T09:00:00+00:00,1,192.6,0,Linked live river forecast reach,95.41931480180737
MP0250_Dhasn,Dhasan,Tikamgarh,Ganga,Yamuna,24.66722222222222,79.28277777777778,441104099,4,2026-08-12T12:00:00+00:00,1,196.4,0,Linked live river forecast reach,95.41931480180737
MP0250_Dhasn,Dhasan,Tikamgarh,Ganga,Yamuna,24.66722222222222,79.28277777777778,441104099,4,2026-08-12T15:00:00+00:00,2,204.7,0,Linked live river forecast reach,95.41931480180737
MP0250_Dhasn,Dhasan,Tikamgarh,Ganga,Yamuna,24.66722222222222,79.28277777777778,441104099,4,2026-08-12T18:00:00+00:00,2,212.5,0,Linked live river forecast reach,95.41931480180737
MP0250_Dhasn,Dhasan,Tikamgarh,Ganga,Yamuna,24.66722222222222,79.28277777777778,441104099,4,2026-08-12T21:00:00+00:00,2,215.6,0,Linked live river forecast reach,95.41931480180737
MP0250_Dhasn,Dhasan,Tikamgarh,Ganga,Yamuna,24.66722222222222,79.28277777777778,441104099,4,2026-08-13T00:00:00+00:00,2,213.2,0,Linked live river forecast reach,95.41931480180737
MP0250_Dhasn,Dhasan,Tikamgarh,Ganga,Yamuna,24.66722222222222,79.28277777777778,441104099,4,2026-08-13T03:00:00+00:00,2,207.9,0,Linked live river forecast reach,95.41931480180737
MP0250_Dhasn,Dhasan,Tikamgarh,Ganga,Yamuna,24.66722222222222,79.28277777777778,441104099,4,2026-08-13T06:00:00+00:00,2,201.0,0,Linked live river forecast reach,95.41931480180737
MP0250_Dhasn,Dhasan,Tikamgarh,Ganga,Yamuna,24.66722222222222,79.28277777777778,441104099,4,2026-08-13T09:00:00+00:00,2,193.5,0,Linked live river forecast reach,95.41931480180737
MP0250_Dhasn,Dhasan,Tikamgarh,Ganga,Yamuna,24.66722222222222,79.28277777777778,441104099,4,2026-08-13T12:00:00+00:00,2,186.3,0,Linked live river forecast reach,95.41931480180737
MP0250_Dhasn,Dhasan,Tikamgarh,Ganga,Yamuna,24.66722222222222,79.28277777777778,441104099,4,2026-08-13T15:00:00+00:00,3,180.8,0,Linked live river forecast reach,95.41931480180737
MP0250_Dhasn,Dhasan,Tikamgarh,Ganga,Yamuna,24.66722222222222,79.28277777777778,441104099,4,2026-08-13T18:00:00+00:00,3,177.8,0,Linked live river forecast reach,95.41931480180737
MP0250_Dhasn,Dhasan,Tikamgarh,Ganga,Yamuna,24.66722222222222,79.28277777777778,441104099,4,2026-08-13T21:00:00+00:00,3,174.7,0,Linked live river forecast reach,95.41931480180737
MP0250_Dhasn,Dhasan,Tikamgarh,Ganga,Yamuna,24.66722222222222,79.28277777777778,441104099,4,2026-08-14T00:00:00+00:00,3,173.9,0,Linked live river forecast reach,95.41931480180737
MP0250_Dhasn,Dhasan,Tikamgarh,Ganga,Yamuna,24.66722222222222,79.28277777777778,441104099,4,2026-08-14T03:00:00+00:00,3,172.0,0,Linked live river forecast reach,95.41931480180737
MP0250_Dhasn,Dhasan,Tikamgarh,Ganga,Yamuna,24.66722222222222,79.28277777777778,441104099,4,2026-08-14T06:00:00+00:00,3,168.8,0,Linked live river forecast reach,95.41931480180737
MP0250_Dhasn,Dhasan,Tikamgarh,Ganga,Yamuna,24.66722222222222,79.28277777777778,441104099,4,2026-08-14T09:00:00+00:00,3,165.0,0,Linked live river forecast reach,95.41931480180737
MP0250_Dhasn,Dhasan,Tikamgarh,Ganga,Yamuna,24.66722222222222,79.28277777777778,441104099,4,2026-08-14T12:00:00+00:00,3,165.8,0,Linked live river forecast reach,95.41931480180737
MP0250_Dhasn,Dhasan,Tikamgarh,Ganga,Yamuna,24.66722222222222,79.28277777777778,441104099,4,2026-08-14T15:00:00+00:00,4,169.1,0,Linked live river forecast reach,95.41931480180737
MP0250_Dhasn,Dhasan,Tikamgarh,Ganga,Yamuna,24.66722222222222,79.28277777777778,441104099,4,2026-08-14T18:00:00+00:00,4,171.2,0,Linked live river forecast reach,95.41931480180737
MP0250_Dhasn,Dhasan,Tikamgarh,Ganga,Yamuna,24.66722222222222,79.28277777777778,441104099,4,2026-08-14T21:00:00+00:00,4,170.8,0,Linked live river forecast reach,95.41931480180737
MP0250_Dhasn,Dhasan,Tikamgarh,Ganga,Yamuna,24.66722222222222,79.28277777777778,441104099,4,2026-08-15T00:00:00+00:00,4,175.9,0,Linked live river forecast reach,95.41931480180737
MP0250_Dhasn,Dhasan,Tikamgarh,Ganga,Yamuna,24.66722222222222,79.28277777777778,441104099,4,2026-08-15T03:00:00+00:00,4,188.8,0,Linked live river forecast reach,95.41931480180737
MP0250_Dhasn,Dhasan,Tikamgarh,Ganga,Yamuna,24.66722222222222,79.28277777777778,441104099,4,2026-08-15T06:00:00+00:00,4,197.2,0,Linked live river forecast reach,95.41931480180737
MP0250_Dhasn,Dhasan,Tikamgarh,Ganga,Yamuna,24.66722222222222,79.28277777777778,441104099,4,2026-08-15T09:00:00+00:00,4,203.8,0,Linked live river forecast reach,95.41931480180737
MP0250_Dhasn,Dhasan,Tikamgarh,Ganga,Yamuna,24.66722222222222,79.28277777777778,441104099,4,2026-08-15T12:00:00+00:00,4,218.6,0,Linked live river forecast reach,95.41931480180737
MP0250_Dhasn,Dhasan,Tikamgarh,Ganga,Yamuna,24.66722222222222,79.28277777777778,441104099,4,2026-08-15T15:00:00+00:00,5,234.8,0,Linked live river forecast reach,95.41931480180737
MP0250_Dhasn,Dhasan,Tikamgarh,Ganga,Yamuna,24.66722222222222,79.28277777777778,441104099,4,2026-08-15T18:00:00+00:00,5,248.3,0,Linked live river forecast reach,95.41931480180737
MP0250_Dhasn,Dhasan,Tikamgarh,Ganga,Yamuna,24.66722222222222,79.28277777777778,441104099,4,2026-08-15T21:00:00+00:00,5,264.3,0,Linked live river forecast reach,95.41931480180737
MP0250_Dhasn,Dhasan,Tikamgarh,Ganga,Yamuna,24.66722222222222,79.28277777777778,441104099,4,2026-08-16T00:00:00+00:00,5,284.0,0,Linked live river forecast reach,95.41931480180737
MP0250_Dhasn,Dhasan,Tikamgarh,Ganga,Yamuna,24.66722222222222,79.28277777777778,441104099,4,2026-08-16T03:00:00+00:00,5,301.9,0,Linked live river forecast reach,95.41931480180737
MP0250_Dhasn,Dhasan,Tikamgarh,Ganga,Yamuna,24.66722222222222,79.28277777777778,441104099,4,2026-08-16T06:00:00+00:00,5,315.7,0,Linked live river forecast reach,95.41931480180737
MP0250_Dhasn,Dhasan,Tikamgarh,Ganga,Yamuna,24.66722222222222,79.28277777777778,441104099,4,2026-08-16T09:00:00+00:00,5,327.9,0,Linked live river forecast reach,95.41931480180737
MP0250_Dhasn,Dhasan,Tikamgarh,Ganga,Yamuna,24.66722222222222,79.28277777777778,441104099,4,2026-08-16T12:00:00+00:00,5,333.9,0,Linked live river forecast reach,95.41931480180737
MP0250_Dhasn,Dhasan,Tikamgarh,Ganga,Yamuna,24.66722222222222,79.28277777777778,441104099,4,2026-08-16T15:00:00+00:00,6,333.9,0,Linked live river forecast reach,95.41931480180737
MP0250_Dhasn,Dhasan,Tikamgarh,Ganga,Yamuna,24.66722222222222,79.28277777777778,441104099,4,2026-08-16T18:00:00+00:00,6,328.5,0,Linked live river forecast reach,95.41931480180737
MP0250_Dhasn,Dhasan,Tikamgarh,Ganga,Yamuna,24.66722222222222,79.28277777777778,441104099,4,2026-08-16T21:00:00+00:00,6,321.6,0,Linked live river forecast reach,95.41931480180737
MP0250_Dhasn,Dhasan,Tikamgarh,Ganga,Yamuna,24.66722222222222,79.28277777777778,441104099,4,2026-08-17T00:00:00+00:00,6,315.3,0,Linked live river forecast reach,95.41931480180737
MP0250_Dhasn,Dhasan,Tikamgarh,Ganga,Yamuna,24.66722222222222,79.28277777777778,441104099,4,2026-08-17T03:00:00+00:00,6,307.5,0,Linked live river forecast reach,95.41931480180737
MP0250_Dhasn,Dhasan,Tikamgarh,Ganga,Yamuna,24.66722222222222,79.28277777777778,441104099,4,2026-08-17T06:00:00+00:00,6,299.1,0,Linked live river forecast reach,95.41931480180737
MP0250_Dhasn,Dhasan,Tikamgarh,Ganga,Yamuna,24.66722222222222,79.28277777777778,441104099,4,2026-08-17T09:00:00+00:00,6,290.4,0,Linked live river forecast reach,95.41931480180737
MP0250_Dhasn,Dhasan,Tikamgarh,Ganga,Yamuna,24.66722222222222,79.28277777777778,441104099,4,2026-08-17T12:00:00+00:00,6,282.3,0,Linked live river forecast reach,95.41931480180737
MP0250_Dhasn,Dhasan,Tikamgarh,Ganga,Yamuna,24.66722222222222,79.28277777777778,441104099,4,2026-08-17T15:00:00+00:00,7,277.4,0,Linked live river forecast reach,95.41931480180737
MP0251_Kathn,Kathan,Chhatarpur,Ganga,Yamuna,24.65277777777778,79.29833333333333,440947238,4,2026-08-10T15:00:00+00:00,0,152.3,0,Linked live river forecast reach,174.30527766300312
MP0251_Kathn,Kathan,Chhatarpur,Ganga,Yamuna,24.65277777777778,79.29833333333333,440947238,4,2026-08-10T18:00:00+00:00,0,148.7,0,Linked live river forecast reach,174.30527766300312
MP0251_Kathn,Kathan,Chhatarpur,Ganga,Yamuna,24.65277777777778,79.29833333333333,440947238,4,2026-08-10T21:00:00+00:00,0,138.3,0,Linked live river forecast reach,174.30527766300312
MP0251_Kathn,Kathan,Chhatarpur,Ganga,Yamuna,24.65277777777778,79.29833333333333,440947238,4,2026-08-11T00:00:00+00:00,0,124.3,0,Linked live river forecast reach,174.30527766300312
MP0251_Kathn,Kathan,Chhatarpur,Ganga,Yamuna,24.65277777777778,79.29833333333333,440947238,4,2026-08-11T03:00:00+00:00,0,108.7,0,Linked live river forecast reach,174.30527766300312
MP0251_Kathn,Kathan,Chhatarpur,Ganga,Yamuna,24.65277777777778,79.29833333333333,440947238,4,2026-08-11T06:00:00+00:00,0,92.7,0,Linked live river forecast reach,174.30527766300312
MP0251_Kathn,Kathan,Chhatarpur,Ganga,Yamuna,24.65277777777778,79.29833333333333,440947238,4,2026-08-11T09:00:00+00:00,0,78.5,0,Linked live river forecast reach,174.30527766300312
MP0251_Kathn,Kathan,Chhatarpur,Ganga,Yamuna,24.65277777777778,79.29833333333333,440947238,4,2026-08-11T12:00:00+00:00,0,69.6,0,Linked live river forecast reach,174.30527766300312
MP0251_Kathn,Kathan,Chhatarpur,Ganga,Yamuna,24.65277777777778,79.29833333333333,440947238,4,2026-08-11T15:00:00+00:00,1,65.2,0,Linked live river forecast reach,174.30527766300312
MP0251_Kathn,Kathan,Chhatarpur,Ganga,Yamuna,24.65277777777778,79.29833333333333,440947238,4,2026-08-11T18:00:00+00:00,1,60.2,0,Linked live river forecast reach,174.30527766300312
MP0251_Kathn,Kathan,Chhatarpur,Ganga,Yamuna,24.65277777777778,79.29833333333333,440947238,4,2026-08-11T21:00:00+00:00,1,58.1,0,Linked live river forecast reach,174.30527766300312
MP0251_Kathn,Kathan,Chhatarpur,Ganga,Yamuna,24.65277777777778,79.29833333333333,440947238,4,2026-08-12T00:00:00+00:00,1,56.8,0,Linked live river forecast reach,174.30527766300312
MP0251_Kathn,Kathan,Chhatarpur,Ganga,Yamuna,24.65277777777778,79.29833333333333,440947238,4,2026-08-12T03:00:00+00:00,1,56.7,0,Linked live river forecast reach,174.30527766300312
MP0251_Kathn,Kathan,Chhatarpur,Ganga,Yamuna,24.65277777777778,79.29833333333333,440947238,4,2026-08-12T06:00:00+00:00,1,55.9,0,Linked live river forecast reach,174.30527766300312
MP0251_Kathn,Kathan,Chhatarpur,Ganga,Yamuna,24.65277777777778,79.29833333333333,440947238,4,2026-08-12T09:00:00+00:00,1,57.3,0,Linked live river forecast reach,174.30527766300312
MP0251_Kathn,Kathan,Chhatarpur,Ganga,Yamuna,24.65277777777778,79.29833333333333,440947238,4,2026-08-12T12:00:00+00:00,1,60.1,0,Linked live river forecast reach,174.30527766300312
MP0251_Kathn,Kathan,Chhatarpur,Ganga,Yamuna,24.65277777777778,79.29833333333333,440947238,4,2026-08-12T15:00:00+00:00,2,61.2,0,Linked live river forecast reach,174.30527766300312
MP0251_Kathn,Kathan,Chhatarpur,Ganga,Yamuna,24.65277777777778,79.29833333333333,440947238,4,2026-08-12T18:00:00+00:00,2,59.6,0,Linked live river forecast reach,174.30527766300312
MP0251_Kathn,Kathan,Chhatarpur,Ganga,Yamuna,24.65277777777778,79.29833333333333,440947238,4,2026-08-12T21:00:00+00:00,2,57.0,0,Linked live river forecast reach,174.30527766300312
MP0251_Kathn,Kathan,Chhatarpur,Ganga,Yamuna,24.65277777777778,79.29833333333333,440947238,4,2026-08-13T00:00:00+00:00,2,52.8,0,Linked live river forecast reach,174.30527766300312
MP0251_Kathn,Kathan,Chhatarpur,Ganga,Yamuna,24.65277777777778,79.29833333333333,440947238,4,2026-08-13T03:00:00+00:00,2,47.6,0,Linked live river forecast reach,174.30527766300312
MP0251_Kathn,Kathan,Chhatarpur,Ganga,Yamuna,24.65277777777778,79.29833333333333,440947238,4,2026-08-13T06:00:00+00:00,2,42.3,0,Linked live river forecast reach,174.30527766300312
MP0251_Kathn,Kathan,Chhatarpur,Ganga,Yamuna,24.65277777777778,79.29833333333333,440947238,4,2026-08-13T09:00:00+00:00,2,38.5,0,Linked live river forecast reach,174.30527766300312
MP0251_Kathn,Kathan,Chhatarpur,Ganga,Yamuna,24.65277777777778,79.29833333333333,440947238,4,2026-08-13T12:00:00+00:00,2,36.6,0,Linked live river forecast reach,174.30527766300312
MP0251_Kathn,Kathan,Chhatarpur,Ganga,Yamuna,24.65277777777778,79.29833333333333,440947238,4,2026-08-13T15:00:00+00:00,3,37.7,0,Linked live river forecast reach,174.30527766300312
MP0251_Kathn,Kathan,Chhatarpur,Ganga,Yamuna,24.65277777777778,79.29833333333333,440947238,4,2026-08-13T18:00:00+00:00,3,41.0,0,Linked live river forecast reach,174.30527766300312
MP0251_Kathn,Kathan,Chhatarpur,Ganga,Yamuna,24.65277777777778,79.29833333333333,440947238,4,2026-08-13T21:00:00+00:00,3,42.6,0,Linked live river forecast reach,174.30527766300312
MP0251_Kathn,Kathan,Chhatarpur,Ganga,Yamuna,24.65277777777778,79.29833333333333,440947238,4,2026-08-14T00:00:00+00:00,3,46.0,0,Linked live river forecast reach,174.30527766300312
MP0251_Kathn,Kathan,Chhatarpur,Ganga,Yamuna,24.65277777777778,79.29833333333333,440947238,4,2026-08-14T03:00:00+00:00,3,45.5,0,Linked live river forecast reach,174.30527766300312
MP0251_Kathn,Kathan,Chhatarpur,Ganga,Yamuna,24.65277777777778,79.29833333333333,440947238,4,2026-08-14T06:00:00+00:00,3,47.7,0,Linked live river forecast reach,174.30527766300312
MP0251_Kathn,Kathan,Chhatarpur,Ganga,Yamuna,24.65277777777778,79.29833333333333,440947238,4,2026-08-14T09:00:00+00:00,3,50.9,0,Linked live river forecast reach,174.30527766300312
MP0251_Kathn,Kathan,Chhatarpur,Ganga,Yamuna,24.65277777777778,79.29833333333333,440947238,4,2026-08-14T12:00:00+00:00,3,58.3,0,Linked live river forecast reach,174.30527766300312
MP0251_Kathn,Kathan,Chhatarpur,Ganga,Yamuna,24.65277777777778,79.29833333333333,440947238,4,2026-08-14T15:00:00+00:00,4,68.6,0,Linked live river forecast reach,174.30527766300312
MP0251_Kathn,Kathan,Chhatarpur,Ganga,Yamuna,24.65277777777778,79.29833333333333,440947238,4,2026-08-14T18:00:00+00:00,4,80.1,0,Linked live river forecast reach,174.30527766300312
MP0251_Kathn,Kathan,Chhatarpur,Ganga,Yamuna,24.65277777777778,79.29833333333333,440947238,4,2026-08-14T21:00:00+00:00,4,92.3,0,Linked live river forecast reach,174.30527766300312
MP0251_Kathn,Kathan,Chhatarpur,Ganga,Yamuna,24.65277777777778,79.29833333333333,440947238,4,2026-08-15T00:00:00+00:00,4,104.2,0,Linked live river forecast reach,174.30527766300312
MP0251_Kathn,Kathan,Chhatarpur,Ganga,Yamuna,24.65277777777778,79.29833333333333,440947238,4,2026-08-15T03:00:00+00:00,4,113.6,0,Linked live river forecast reach,174.30527766300312
MP0251_Kathn,Kathan,Chhatarpur,Ganga,Yamuna,24.65277777777778,79.29833333333333,440947238,4,2026-08-15T06:00:00+00:00,4,119.6,0,Linked live river forecast reach,174.30527766300312
MP0251_Kathn,Kathan,Chhatarpur,Ganga,Yamuna,24.65277777777778,79.29833333333333,440947238,4,2026-08-15T09:00:00+00:00,4,131.1,0,Linked live river forecast reach,174.30527766300312
MP0251_Kathn,Kathan,Chhatarpur,Ganga,Yamuna,24.65277777777778,79.29833333333333,440947238,4,2026-08-15T12:00:00+00:00,4,149.5,0,Linked live river forecast reach,174.30527766300312
MP0251_Kathn,Kathan,Chhatarpur,Ganga,Yamuna,24.65277777777778,79.29833333333333,440947238,4,2026-08-15T15:00:00+00:00,5,162.2,0,Linked live river forecast reach,174.30527766300312
MP0251_Kathn,Kathan,Chhatarpur,Ganga,Yamuna,24.65277777777778,79.29833333333333,440947238,4,2026-08-15T18:00:00+00:00,5,170.0,0,Linked live river forecast reach,174.30527766300312
MP0251_Kathn,Kathan,Chhatarpur,Ganga,Yamuna,24.65277777777778,79.29833333333333,440947238,4,2026-08-15T21:00:00+00:00,5,180.1,0,Linked live river forecast reach,174.30527766300312
MP0251_Kathn,Kathan,Chhatarpur,Ganga,Yamuna,24.65277777777778,79.29833333333333,440947238,4,2026-08-16T00:00:00+00:00,5,190.4,0,Linked live river forecast reach,174.30527766300312
MP0251_Kathn,Kathan,Chhatarpur,Ganga,Yamuna,24.65277777777778,79.29833333333333,440947238,4,2026-08-16T03:00:00+00:00,5,197.5,0,Linked live river forecast reach,174.30527766300312
MP0251_Kathn,Kathan,Chhatarpur,Ganga,Yamuna,24.65277777777778,79.29833333333333,440947238,4,2026-08-16T06:00:00+00:00,5,197.5,0,Linked live river forecast reach,174.30527766300312
MP0251_Kathn,Kathan,Chhatarpur,Ganga,Yamuna,24.65277777777778,79.29833333333333,440947238,4,2026-08-16T09:00:00+00:00,5,194.7,0,Linked live river forecast reach,174.30527766300312
MP0251_Kathn,Kathan,Chhatarpur,Ganga,Yamuna,24.65277777777778,79.29833333333333,440947238,4,2026-08-16T12:00:00+00:00,5,188.2,0,Linked live river forecast reach,174.30527766300312
MP0251_Kathn,Kathan,Chhatarpur,Ganga,Yamuna,24.65277777777778,79.29833333333333,440947238,4,2026-08-16T15:00:00+00:00,6,179.3,0,Linked live river forecast reach,174.30527766300312
MP0251_Kathn,Kathan,Chhatarpur,Ganga,Yamuna,24.65277777777778,79.29833333333333,440947238,4,2026-08-16T18:00:00+00:00,6,168.2,0,Linked live river forecast reach,174.30527766300312
MP0251_Kathn,Kathan,Chhatarpur,Ganga,Yamuna,24.65277777777778,79.29833333333333,440947238,4,2026-08-16T21:00:00+00:00,6,156.3,0,Linked live river forecast reach,174.30527766300312
MP0251_Kathn,Kathan,Chhatarpur,Ganga,Yamuna,24.65277777777778,79.29833333333333,440947238,4,2026-08-17T00:00:00+00:00,6,144.8,0,Linked live river forecast reach,174.30527766300312
MP0251_Kathn,Kathan,Chhatarpur,Ganga,Yamuna,24.65277777777778,79.29833333333333,440947238,4,2026-08-17T03:00:00+00:00,6,133.7,0,Linked live river forecast reach,174.30527766300312
MP0251_Kathn,Kathan,Chhatarpur,Ganga,Yamuna,24.65277777777778,79.29833333333333,440947238,4,2026-08-17T06:00:00+00:00,6,123.7,0,Linked live river forecast reach,174.30527766300312
MP0251_Kathn,Kathan,Chhatarpur,Ganga,Yamuna,24.65277777777778,79.29833333333333,440947238,4,2026-08-17T09:00:00+00:00,6,115.8,0,Linked live river forecast reach,174.30527766300312
MP0251_Kathn,Kathan,Chhatarpur,Ganga,Yamuna,24.65277777777778,79.29833333333333,440947238,4,2026-08-17T12:00:00+00:00,6,108.3,0,Linked live river forecast reach,174.30527766300312
MP0251_Kathn,Kathan,Chhatarpur,Ganga,Yamuna,24.65277777777778,79.29833333333333,440947238,4,2026-08-17T15:00:00+00:00,7,99.9,0,Linked live river forecast reach,174.30527766300312
MP0252_Bdhre,Budthare_UR,Tikamgarh,Ganga,Yamuna,25.045,79.19166666666666,441016018,4,2026-08-10T15:00:00+00:00,0,157.2,0,Linked live river forecast reach,766.4588676895798
MP0252_Bdhre,Budthare_UR,Tikamgarh,Ganga,Yamuna,25.045,79.19166666666666,441016018,4,2026-08-10T18:00:00+00:00,0,164.3,0,Linked live river forecast reach,766.4588676895798
MP0252_Bdhre,Budthare_UR,Tikamgarh,Ganga,Yamuna,25.045,79.19166666666666,441016018,4,2026-08-10T21:00:00+00:00,0,168.9,0,Linked live river forecast reach,766.4588676895798
MP0252_Bdhre,Budthare_UR,Tikamgarh,Ganga,Yamuna,25.045,79.19166666666666,441016018,4,2026-08-11T00:00:00+00:00,0,167.3,0,Linked live river forecast reach,766.4588676895798
MP0252_Bdhre,Budthare_UR,Tikamgarh,Ganga,Yamuna,25.045,79.19166666666666,441016018,4,2026-08-11T03:00:00+00:00,0,161.8,0,Linked live river forecast reach,766.4588676895798
MP0252_Bdhre,Budthare_UR,Tikamgarh,Ganga,Yamuna,25.045,79.19166666666666,441016018,4,2026-08-11T06:00:00+00:00,0,153.1,0,Linked live river forecast reach,766.4588676895798
MP0252_Bdhre,Budthare_UR,Tikamgarh,Ganga,Yamuna,25.045,79.19166666666666,441016018,4,2026-08-11T09:00:00+00:00,0,141.0,0,Linked live river forecast reach,766.4588676895798
MP0252_Bdhre,Budthare_UR,Tikamgarh,Ganga,Yamuna,25.045,79.19166666666666,441016018,4,2026-08-11T12:00:00+00:00,0,131.3,0,Linked live river forecast reach,766.4588676895798
MP0252_Bdhre,Budthare_UR,Tikamgarh,Ganga,Yamuna,25.045,79.19166666666666,441016018,4,2026-08-11T15:00:00+00:00,1,128.1,0,Linked live river forecast reach,766.4588676895798
MP0252_Bdhre,Budthare_UR,Tikamgarh,Ganga,Yamuna,25.045,79.19166666666666,441016018,4,2026-08-11T18:00:00+00:00,1,127.4,0,Linked live river forecast reach,766.4588676895798
MP0252_Bdhre,Budthare_UR,Tikamgarh,Ganga,Yamuna,25.045,79.19166666666666,441016018,4,2026-08-11T21:00:00+00:00,1,122.4,0,Linked live river forecast reach,766.4588676895798
MP0252_Bdhre,Budthare_UR,Tikamgarh,Ganga,Yamuna,25.045,79.19166666666666,441016018,4,2026-08-12T00:00:00+00:00,1,112.3,0,Linked live river forecast reach,766.4588676895798
MP0252_Bdhre,Budthare_UR,Tikamgarh,Ganga,Yamuna,25.045,79.19166666666666,441016018,4,2026-08-12T03:00:00+00:00,1,96.3,0,Linked live river forecast reach,766.4588676895798
MP0252_Bdhre,Budthare_UR,Tikamgarh,Ganga,Yamuna,25.045,79.19166666666666,441016018,4,2026-08-12T06:00:00+00:00,1,79.8,0,Linked live river forecast reach,766.4588676895798
MP0252_Bdhre,Budthare_UR,Tikamgarh,Ganga,Yamuna,25.045,79.19166666666666,441016018,4,2026-08-12T09:00:00+00:00,1,65.5,0,Linked live river forecast reach,766.4588676895798
MP0252_Bdhre,Budthare_UR,Tikamgarh,Ganga,Yamuna,25.045,79.19166666666666,441016018,4,2026-08-12T12:00:00+00:00,1,57.4,0,Linked live river forecast reach,766.4588676895798
MP0252_Bdhre,Budthare_UR,Tikamgarh,Ganga,Yamuna,25.045,79.19166666666666,441016018,4,2026-08-12T15:00:00+00:00,2,54.7,0,Linked live river forecast reach,766.4588676895798
MP0252_Bdhre,Budthare_UR,Tikamgarh,Ganga,Yamuna,25.045,79.19166666666666,441016018,4,2026-08-12T18:00:00+00:00,2,52.0,0,Linked live river forecast reach,766.4588676895798
MP0252_Bdhre,Budthare_UR,Tikamgarh,Ganga,Yamuna,25.045,79.19166666666666,441016018,4,2026-08-12T21:00:00+00:00,2,48.0,0,Linked live river forecast reach,766.4588676895798
MP0252_Bdhre,Budthare_UR,Tikamgarh,Ganga,Yamuna,25.045,79.19166666666666,441016018,4,2026-08-13T00:00:00+00:00,2,43.6,0,Linked live river forecast reach,766.4588676895798
MP0252_Bdhre,Budthare_UR,Tikamgarh,Ganga,Yamuna,25.045,79.19166666666666,441016018,4,2026-08-13T03:00:00+00:00,2,41.4,0,Linked live river forecast reach,766.4588676895798
MP0252_Bdhre,Budthare_UR,Tikamgarh,Ganga,Yamuna,25.045,79.19166666666666,441016018,4,2026-08-13T06:00:00+00:00,2,42.3,0,Linked live river forecast reach,766.4588676895798
MP0252_Bdhre,Budthare_UR,Tikamgarh,Ganga,Yamuna,25.045,79.19166666666666,441016018,4,2026-08-13T09:00:00+00:00,2,43.0,0,Linked live river forecast reach,766.4588676895798
MP0252_Bdhre,Budthare_UR,Tikamgarh,Ganga,Yamuna,25.045,79.19166666666666,441016018,4,2026-08-13T12:00:00+00:00,2,44.4,0,Linked live river forecast reach,766.4588676895798
MP0252_Bdhre,Budthare_UR,Tikamgarh,Ganga,Yamuna,25.045,79.19166666666666,441016018,4,2026-08-13T15:00:00+00:00,3,45.9,0,Linked live river forecast reach,766.4588676895798
MP0252_Bdhre,Budthare_UR,Tikamgarh,Ganga,Yamuna,25.045,79.19166666666666,441016018,4,2026-08-13T18:00:00+00:00,3,46.0,0,Linked live river forecast reach,766.4588676895798
MP0252_Bdhre,Budthare_UR,Tikamgarh,Ganga,Yamuna,25.045,79.19166666666666,441016018,4,2026-08-13T21:00:00+00:00,3,43.8,0,Linked live river forecast reach,766.4588676895798
MP0252_Bdhre,Budthare_UR,Tikamgarh,Ganga,Yamuna,25.045,79.19166666666666,441016018,4,2026-08-14T00:00:00+00:00,3,40.9,0,Linked live river forecast reach,766.4588676895798
MP0252_Bdhre,Budthare_UR,Tikamgarh,Ganga,Yamuna,25.045,79.19166666666666,441016018,4,2026-08-14T03:00:00+00:00,3,38.4,0,Linked live river forecast reach,766.4588676895798
MP0252_Bdhre,Budthare_UR,Tikamgarh,Ganga,Yamuna,25.045,79.19166666666666,441016018,4,2026-08-14T06:00:00+00:00,3,36.8,0,Linked live river forecast reach,766.4588676895798
MP0252_Bdhre,Budthare_UR,Tikamgarh,Ganga,Yamuna,25.045,79.19166666666666,441016018,4,2026-08-14T09:00:00+00:00,3,35.9,0,Linked live river forecast reach,766.4588676895798
MP0252_Bdhre,Budthare_UR,Tikamgarh,Ganga,Yamuna,25.045,79.19166666666666,441016018,4,2026-08-14T12:00:00+00:00,3,37.5,0,Linked live river forecast reach,766.4588676895798
MP0252_Bdhre,Budthare_UR,Tikamgarh,Ganga,Yamuna,25.045,79.19166666666666,441016018,4,2026-08-14T15:00:00+00:00,4,40.0,0,Linked live river forecast reach,766.4588676895798
MP0252_Bdhre,Budthare_UR,Tikamgarh,Ganga,Yamuna,25.045,79.19166666666666,441016018,4,2026-08-14T18:00:00+00:00,4,41.9,0,Linked live river forecast reach,766.4588676895798
MP0252_Bdhre,Budthare_UR,Tikamgarh,Ganga,Yamuna,25.045,79.19166666666666,441016018,4,2026-08-14T21:00:00+00:00,4,44.0,0,Linked live river forecast reach,766.4588676895798
MP0252_Bdhre,Budthare_UR,Tikamgarh,Ganga,Yamuna,25.045,79.19166666666666,441016018,4,2026-08-15T00:00:00+00:00,4,47.1,0,Linked live river forecast reach,766.4588676895798
MP0252_Bdhre,Budthare_UR,Tikamgarh,Ganga,Yamuna,25.045,79.19166666666666,441016018,4,2026-08-15T03:00:00+00:00,4,50.2,0,Linked live river forecast reach,766.4588676895798
MP0252_Bdhre,Budthare_UR,Tikamgarh,Ganga,Yamuna,25.045,79.19166666666666,441016018,4,2026-08-15T06:00:00+00:00,4,53.1,0,Linked live river forecast reach,766.4588676895798
MP0252_Bdhre,Budthare_UR,Tikamgarh,Ganga,Yamuna,25.045,79.19166666666666,441016018,4,2026-08-15T09:00:00+00:00,4,56.1,0,Linked live river forecast reach,766.4588676895798
MP0252_Bdhre,Budthare_UR,Tikamgarh,Ganga,Yamuna,25.045,79.19166666666666,441016018,4,2026-08-15T12:00:00+00:00,4,58.1,0,Linked live river forecast reach,766.4588676895798
MP0252_Bdhre,Budthare_UR,Tikamgarh,Ganga,Yamuna,25.045,79.19166666666666,441016018,4,2026-08-15T15:00:00+00:00,5,58.5,0,Linked live river forecast reach,766.4588676895798
MP0252_Bdhre,Budthare_UR,Tikamgarh,Ganga,Yamuna,25.045,79.19166666666666,441016018,4,2026-08-15T18:00:00+00:00,5,57.6,0,Linked live river forecast reach,766.4588676895798
MP0252_Bdhre,Budthare_UR,Tikamgarh,Ganga,Yamuna,25.045,79.19166666666666,441016018,4,2026-08-15T21:00:00+00:00,5,55.6,0,Linked live river forecast reach,766.4588676895798
MP0252_Bdhre,Budthare_UR,Tikamgarh,Ganga,Yamuna,25.045,79.19166666666666,441016018,4,2026-08-16T00:00:00+00:00,5,54.0,0,Linked live river forecast reach,766.4588676895798
MP0252_Bdhre,Budthare_UR,Tikamgarh,Ganga,Yamuna,25.045,79.19166666666666,441016018,4,2026-08-16T03:00:00+00:00,5,54.3,0,Linked live river forecast reach,766.4588676895798
MP0252_Bdhre,Budthare_UR,Tikamgarh,Ganga,Yamuna,25.045,79.19166666666666,441016018,4,2026-08-16T06:00:00+00:00,5,56.2,0,Linked live river forecast reach,766.4588676895798
MP0252_Bdhre,Budthare_UR,Tikamgarh,Ganga,Yamuna,25.045,79.19166666666666,441016018,4,2026-08-16T09:00:00+00:00,5,57.4,0,Linked live river forecast reach,766.4588676895798
MP0252_Bdhre,Budthare_UR,Tikamgarh,Ganga,Yamuna,25.045,79.19166666666666,441016018,4,2026-08-16T12:00:00+00:00,5,57.0,0,Linked live river forecast reach,766.4588676895798
MP0252_Bdhre,Budthare_UR,Tikamgarh,Ganga,Yamuna,25.045,79.19166666666666,441016018,4,2026-08-16T15:00:00+00:00,6,54.6,0,Linked live river forecast reach,766.4588676895798
MP0252_Bdhre,Budthare_UR,Tikamgarh,Ganga,Yamuna,25.045,79.19166666666666,441016018,4,2026-08-16T18:00:00+00:00,6,50.0,0,Linked live river forecast reach,766.4588676895798
MP0252_Bdhre,Budthare_UR,Tikamgarh,Ganga,Yamuna,25.045,79.19166666666666,441016018,4,2026-08-16T21:00:00+00:00,6,44.6,0,Linked live river forecast reach,766.4588676895798
MP0252_Bdhre,Budthare_UR,Tikamgarh,Ganga,Yamuna,25.045,79.19166666666666,441016018,4,2026-08-17T00:00:00+00:00,6,40.0,0,Linked live river forecast reach,766.4588676895798
MP0252_Bdhre,Budthare_UR,Tikamgarh,Ganga,Yamuna,25.045,79.19166666666666,441016018,4,2026-08-17T03:00:00+00:00,6,36.2,0,Linked live river forecast reach,766.4588676895798
MP0252_Bdhre,Budthare_UR,Tikamgarh,Ganga,Yamuna,25.045,79.19166666666666,441016018,4,2026-08-17T06:00:00+00:00,6,33.3,0,Linked live river forecast reach,766.4588676895798
MP0252_Bdhre,Budthare_UR,Tikamgarh,Ganga,Yamuna,25.045,79.19166666666666,441016018,4,2026-08-17T09:00:00+00:00,6,30.6,0,Linked live river forecast reach,766.4588676895798
MP0252_Bdhre,Budthare_UR,Tikamgarh,Ganga,Yamuna,25.045,79.19166666666666,441016018,4,2026-08-17T12:00:00+00:00,6,28.3,0,Linked live river forecast reach,766.4588676895798
MP0252_Bdhre,Budthare_UR,Tikamgarh,Ganga,Yamuna,25.045,79.19166666666666,441016018,4,2026-08-17T15:00:00+00:00,7,26.7,0,Linked live river forecast reach,766.4588676895798
MP0260_Pndwn,Pandwan,Panna,Ganga,Yamuna,24.40888888888889,79.92305555555555,441040815,6,2026-08-10T15:00:00+00:00,0,851.3,0,Linked live river forecast reach,13.509205205789678
MP0260_Pndwn,Pandwan,Panna,Ganga,Yamuna,24.40888888888889,79.92305555555555,441040815,6,2026-08-10T18:00:00+00:00,0,883.4,0,Linked live river forecast reach,13.509205205789678
MP0260_Pndwn,Pandwan,Panna,Ganga,Yamuna,24.40888888888889,79.92305555555555,441040815,6,2026-08-10T21:00:00+00:00,0,942.3,0,Linked live river forecast reach,13.509205205789678
MP0260_Pndwn,Pandwan,Panna,Ganga,Yamuna,24.40888888888889,79.92305555555555,441040815,6,2026-08-11T00:00:00+00:00,0,1027.4,0,Linked live river forecast reach,13.509205205789678
MP0260_Pndwn,Pandwan,Panna,Ganga,Yamuna,24.40888888888889,79.92305555555555,441040815,6,2026-08-11T03:00:00+00:00,0,1114.8,0,Linked live river forecast reach,13.509205205789678
MP0260_Pndwn,Pandwan,Panna,Ganga,Yamuna,24.40888888888889,79.92305555555555,441040815,6,2026-08-11T06:00:00+00:00,0,1180.2,0,Linked live river forecast reach,13.509205205789678
MP0260_Pndwn,Pandwan,Panna,Ganga,Yamuna,24.40888888888889,79.92305555555555,441040815,6,2026-08-11T09:00:00+00:00,0,1225.6,0,Linked live river forecast reach,13.509205205789678
MP0260_Pndwn,Pandwan,Panna,Ganga,Yamuna,24.40888888888889,79.92305555555555,441040815,6,2026-08-11T12:00:00+00:00,0,1256.7,0,Linked live river forecast reach,13.509205205789678
MP0260_Pndwn,Pandwan,Panna,Ganga,Yamuna,24.40888888888889,79.92305555555555,441040815,6,2026-08-11T15:00:00+00:00,1,1276.7,0,Linked live river forecast reach,13.509205205789678
MP0260_Pndwn,Pandwan,Panna,Ganga,Yamuna,24.40888888888889,79.92305555555555,441040815,6,2026-08-11T18:00:00+00:00,1,1300.6,0,Linked live river forecast reach,13.509205205789678
MP0260_Pndwn,Pandwan,Panna,Ganga,Yamuna,24.40888888888889,79.92305555555555,441040815,6,2026-08-11T21:00:00+00:00,1,1339.2,0,Linked live river forecast reach,13.509205205789678
MP0260_Pndwn,Pandwan,Panna,Ganga,Yamuna,24.40888888888889,79.92305555555555,441040815,6,2026-08-12T00:00:00+00:00,1,1387.5,0,Linked live river forecast reach,13.509205205789678
MP0260_Pndwn,Pandwan,Panna,Ganga,Yamuna,24.40888888888889,79.92305555555555,441040815,6,2026-08-12T03:00:00+00:00,1,1432.0,0,Linked live river forecast reach,13.509205205789678
MP0260_Pndwn,Pandwan,Panna,Ganga,Yamuna,24.40888888888889,79.92305555555555,441040815,6,2026-08-12T06:00:00+00:00,1,1467.8,0,Linked live river forecast reach,13.509205205789678
MP0260_Pndwn,Pandwan,Panna,Ganga,Yamuna,24.40888888888889,79.92305555555555,441040815,6,2026-08-12T09:00:00+00:00,1,1487.0,0,Linked live river forecast reach,13.509205205789678
MP0260_Pndwn,Pandwan,Panna,Ganga,Yamuna,24.40888888888889,79.92305555555555,441040815,6,2026-08-12T12:00:00+00:00,1,1488.9,0,Linked live river forecast reach,13.509205205789678
MP0260_Pndwn,Pandwan,Panna,Ganga,Yamuna,24.40888888888889,79.92305555555555,441040815,6,2026-08-12T15:00:00+00:00,2,1483.9,0,Linked live river forecast reach,13.509205205789678
MP0260_Pndwn,Pandwan,Panna,Ganga,Yamuna,24.40888888888889,79.92305555555555,441040815,6,2026-08-12T18:00:00+00:00,2,1481.5,0,Linked live river forecast reach,13.509205205789678
MP0260_Pndwn,Pandwan,Panna,Ganga,Yamuna,24.40888888888889,79.92305555555555,441040815,6,2026-08-12T21:00:00+00:00,2,1485.1,0,Linked live river forecast reach,13.509205205789678
MP0260_Pndwn,Pandwan,Panna,Ganga,Yamuna,24.40888888888889,79.92305555555555,441040815,6,2026-08-13T00:00:00+00:00,2,1489.9,0,Linked live river forecast reach,13.509205205789678
MP0260_Pndwn,Pandwan,Panna,Ganga,Yamuna,24.40888888888889,79.92305555555555,441040815,6,2026-08-13T03:00:00+00:00,2,1494.8,0,Linked live river forecast reach,13.509205205789678
MP0260_Pndwn,Pandwan,Panna,Ganga,Yamuna,24.40888888888889,79.92305555555555,441040815,6,2026-08-13T06:00:00+00:00,2,1495.9,0,Linked live river forecast reach,13.509205205789678
MP0260_Pndwn,Pandwan,Panna,Ganga,Yamuna,24.40888888888889,79.92305555555555,441040815,6,2026-08-13T09:00:00+00:00,2,1489.1,0,Linked live river forecast reach,13.509205205789678
MP0260_Pndwn,Pandwan,Panna,Ganga,Yamuna,24.40888888888889,79.92305555555555,441040815,6,2026-08-13T12:00:00+00:00,2,1476.0,0,Linked live river forecast reach,13.509205205789678
MP0260_Pndwn,Pandwan,Panna,Ganga,Yamuna,24.40888888888889,79.92305555555555,441040815,6,2026-08-13T15:00:00+00:00,3,1462.2,0,Linked live river forecast reach,13.509205205789678
MP0260_Pndwn,Pandwan,Panna,Ganga,Yamuna,24.40888888888889,79.92305555555555,441040815,6,2026-08-13T18:00:00+00:00,3,1445.6,0,Linked live river forecast reach,13.509205205789678
MP0260_Pndwn,Pandwan,Panna,Ganga,Yamuna,24.40888888888889,79.92305555555555,441040815,6,2026-08-13T21:00:00+00:00,3,1436.0,0,Linked live river forecast reach,13.509205205789678
MP0260_Pndwn,Pandwan,Panna,Ganga,Yamuna,24.40888888888889,79.92305555555555,441040815,6,2026-08-14T00:00:00+00:00,3,1428.9,0,Linked live river forecast reach,13.509205205789678
MP0260_Pndwn,Pandwan,Panna,Ganga,Yamuna,24.40888888888889,79.92305555555555,441040815,6,2026-08-14T03:00:00+00:00,3,1423.2,0,Linked live river forecast reach,13.509205205789678
MP0260_Pndwn,Pandwan,Panna,Ganga,Yamuna,24.40888888888889,79.92305555555555,441040815,6,2026-08-14T06:00:00+00:00,3,1418.5,0,Linked live river forecast reach,13.509205205789678
MP0260_Pndwn,Pandwan,Panna,Ganga,Yamuna,24.40888888888889,79.92305555555555,441040815,6,2026-08-14T09:00:00+00:00,3,1398.1,0,Linked live river forecast reach,13.509205205789678
MP0260_Pndwn,Pandwan,Panna,Ganga,Yamuna,24.40888888888889,79.92305555555555,441040815,6,2026-08-14T12:00:00+00:00,3,1368.8,0,Linked live river forecast reach,13.509205205789678
MP0260_Pndwn,Pandwan,Panna,Ganga,Yamuna,24.40888888888889,79.92305555555555,441040815,6,2026-08-14T15:00:00+00:00,4,1336.3,0,Linked live river forecast reach,13.509205205789678
MP0260_Pndwn,Pandwan,Panna,Ganga,Yamuna,24.40888888888889,79.92305555555555,441040815,6,2026-08-14T18:00:00+00:00,4,1303.0,0,Linked live river forecast reach,13.509205205789678
MP0260_Pndwn,Pandwan,Panna,Ganga,Yamuna,24.40888888888889,79.92305555555555,441040815,6,2026-08-14T21:00:00+00:00,4,1272.1,0,Linked live river forecast reach,13.509205205789678
MP0260_Pndwn,Pandwan,Panna,Ganga,Yamuna,24.40888888888889,79.92305555555555,441040815,6,2026-08-15T00:00:00+00:00,4,1247.2,0,Linked live river forecast reach,13.509205205789678
MP0260_Pndwn,Pandwan,Panna,Ganga,Yamuna,24.40888888888889,79.92305555555555,441040815,6,2026-08-15T03:00:00+00:00,4,1227.9,0,Linked live river forecast reach,13.509205205789678
MP0260_Pndwn,Pandwan,Panna,Ganga,Yamuna,24.40888888888889,79.92305555555555,441040815,6,2026-08-15T06:00:00+00:00,4,1214.3,0,Linked live river forecast reach,13.509205205789678
MP0260_Pndwn,Pandwan,Panna,Ganga,Yamuna,24.40888888888889,79.92305555555555,441040815,6,2026-08-15T09:00:00+00:00,4,1197.3,0,Linked live river forecast reach,13.509205205789678
MP0260_Pndwn,Pandwan,Panna,Ganga,Yamuna,24.40888888888889,79.92305555555555,441040815,6,2026-08-15T12:00:00+00:00,4,1167.2,0,Linked live river forecast reach,13.509205205789678
MP0260_Pndwn,Pandwan,Panna,Ganga,Yamuna,24.40888888888889,79.92305555555555,441040815,6,2026-08-15T15:00:00+00:00,5,1133.6,0,Linked live river forecast reach,13.509205205789678
MP0260_Pndwn,Pandwan,Panna,Ganga,Yamuna,24.40888888888889,79.92305555555555,441040815,6,2026-08-15T18:00:00+00:00,5,1093.6,0,Linked live river forecast reach,13.509205205789678
MP0260_Pndwn,Pandwan,Panna,Ganga,Yamuna,24.40888888888889,79.92305555555555,441040815,6,2026-08-15T21:00:00+00:00,5,1046.1,0,Linked live river forecast reach,13.509205205789678
MP0260_Pndwn,Pandwan,Panna,Ganga,Yamuna,24.40888888888889,79.92305555555555,441040815,6,2026-08-16T00:00:00+00:00,5,1000.2,0,Linked live river forecast reach,13.509205205789678
MP0260_Pndwn,Pandwan,Panna,Ganga,Yamuna,24.40888888888889,79.92305555555555,441040815,6,2026-08-16T03:00:00+00:00,5,960.2,0,Linked live river forecast reach,13.509205205789678
MP0260_Pndwn,Pandwan,Panna,Ganga,Yamuna,24.40888888888889,79.92305555555555,441040815,6,2026-08-16T06:00:00+00:00,5,931.7,0,Linked live river forecast reach,13.509205205789678
MP0260_Pndwn,Pandwan,Panna,Ganga,Yamuna,24.40888888888889,79.92305555555555,441040815,6,2026-08-16T09:00:00+00:00,5,913.9,0,Linked live river forecast reach,13.509205205789678
MP0260_Pndwn,Pandwan,Panna,Ganga,Yamuna,24.40888888888889,79.92305555555555,441040815,6,2026-08-16T12:00:00+00:00,5,905.7,0,Linked live river forecast reach,13.509205205789678
MP0260_Pndwn,Pandwan,Panna,Ganga,Yamuna,24.40888888888889,79.92305555555555,441040815,6,2026-08-16T15:00:00+00:00,6,911.2,0,Linked live river forecast reach,13.509205205789678
MP0260_Pndwn,Pandwan,Panna,Ganga,Yamuna,24.40888888888889,79.92305555555555,441040815,6,2026-08-16T18:00:00+00:00,6,925.0,0,Linked live river forecast reach,13.509205205789678
MP0260_Pndwn,Pandwan,Panna,Ganga,Yamuna,24.40888888888889,79.92305555555555,441040815,6,2026-08-16T21:00:00+00:00,6,943.3,0,Linked live river forecast reach,13.509205205789678
MP0260_Pndwn,Pandwan,Panna,Ganga,Yamuna,24.40888888888889,79.92305555555555,441040815,6,2026-08-17T00:00:00+00:00,6,963.9,0,Linked live river forecast reach,13.509205205789678
MP0260_Pndwn,Pandwan,Panna,Ganga,Yamuna,24.40888888888889,79.92305555555555,441040815,6,2026-08-17T03:00:00+00:00,6,985.5,0,Linked live river forecast reach,13.509205205789678
MP0260_Pndwn,Pandwan,Panna,Ganga,Yamuna,24.40888888888889,79.92305555555555,441040815,6,2026-08-17T06:00:00+00:00,6,1009.3,0,Linked live river forecast reach,13.509205205789678
MP0260_Pndwn,Pandwan,Panna,Ganga,Yamuna,24.40888888888889,79.92305555555555,441040815,6,2026-08-17T09:00:00+00:00,6,1039.7,0,Linked live river forecast reach,13.509205205789678
MP0260_Pndwn,Pandwan,Panna,Ganga,Yamuna,24.40888888888889,79.92305555555555,441040815,6,2026-08-17T12:00:00+00:00,6,1074.2,0,Linked live river forecast reach,13.509205205789678
MP0260_Pndwn,Pandwan,Panna,Ganga,Yamuna,24.40888888888889,79.92305555555555,441040815,6,2026-08-17T15:00:00+00:00,7,1099.6,0,Linked live river forecast reach,13.509205205789678
MP0261_Nohta,Nohta,Damoh,Ganga,Yamuna,23.68638888888889,79.56666666666666,440943151,6,2026-08-10T15:00:00+00:00,0,188.3,0,Linked live river forecast reach,0.18254853412508965
MP0261_Nohta,Nohta,Damoh,Ganga,Yamuna,23.68638888888889,79.56666666666666,440943151,6,2026-08-10T18:00:00+00:00,0,181.7,0,Linked live river forecast reach,0.18254853412508965
MP0261_Nohta,Nohta,Damoh,Ganga,Yamuna,23.68638888888889,79.56666666666666,440943151,6,2026-08-10T21:00:00+00:00,0,174.4,0,Linked live river forecast reach,0.18254853412508965
MP0261_Nohta,Nohta,Damoh,Ganga,Yamuna,23.68638888888889,79.56666666666666,440943151,6,2026-08-11T00:00:00+00:00,0,170.1,0,Linked live river forecast reach,0.18254853412508965
MP0261_Nohta,Nohta,Damoh,Ganga,Yamuna,23.68638888888889,79.56666666666666,440943151,6,2026-08-11T03:00:00+00:00,0,171.2,0,Linked live river forecast reach,0.18254853412508965
MP0261_Nohta,Nohta,Damoh,Ganga,Yamuna,23.68638888888889,79.56666666666666,440943151,6,2026-08-11T06:00:00+00:00,0,173.3,0,Linked live river forecast reach,0.18254853412508965
MP0261_Nohta,Nohta,Damoh,Ganga,Yamuna,23.68638888888889,79.56666666666666,440943151,6,2026-08-11T09:00:00+00:00,0,177.1,0,Linked live river forecast reach,0.18254853412508965
MP0261_Nohta,Nohta,Damoh,Ganga,Yamuna,23.68638888888889,79.56666666666666,440943151,6,2026-08-11T12:00:00+00:00,0,183.7,0,Linked live river forecast reach,0.18254853412508965
MP0261_Nohta,Nohta,Damoh,Ganga,Yamuna,23.68638888888889,79.56666666666666,440943151,6,2026-08-11T15:00:00+00:00,1,190.1,0,Linked live river forecast reach,0.18254853412508965
MP0261_Nohta,Nohta,Damoh,Ganga,Yamuna,23.68638888888889,79.56666666666666,440943151,6,2026-08-11T18:00:00+00:00,1,195.1,0,Linked live river forecast reach,0.18254853412508965
MP0261_Nohta,Nohta,Damoh,Ganga,Yamuna,23.68638888888889,79.56666666666666,440943151,6,2026-08-11T21:00:00+00:00,1,197.0,0,Linked live river forecast reach,0.18254853412508965
MP0261_Nohta,Nohta,Damoh,Ganga,Yamuna,23.68638888888889,79.56666666666666,440943151,6,2026-08-12T00:00:00+00:00,1,192.6,0,Linked live river forecast reach,0.18254853412508965
MP0261_Nohta,Nohta,Damoh,Ganga,Yamuna,23.68638888888889,79.56666666666666,440943151,6,2026-08-12T03:00:00+00:00,1,185.6,0,Linked live river forecast reach,0.18254853412508965
MP0261_Nohta,Nohta,Damoh,Ganga,Yamuna,23.68638888888889,79.56666666666666,440943151,6,2026-08-12T06:00:00+00:00,1,176.5,0,Linked live river forecast reach,0.18254853412508965
MP0261_Nohta,Nohta,Damoh,Ganga,Yamuna,23.68638888888889,79.56666666666666,440943151,6,2026-08-12T09:00:00+00:00,1,163.2,0,Linked live river forecast reach,0.18254853412508965
MP0261_Nohta,Nohta,Damoh,Ganga,Yamuna,23.68638888888889,79.56666666666666,440943151,6,2026-08-12T12:00:00+00:00,1,148.6,0,Linked live river forecast reach,0.18254853412508965
MP0261_Nohta,Nohta,Damoh,Ganga,Yamuna,23.68638888888889,79.56666666666666,440943151,6,2026-08-12T15:00:00+00:00,2,133.7,0,Linked live river forecast reach,0.18254853412508965
MP0261_Nohta,Nohta,Damoh,Ganga,Yamuna,23.68638888888889,79.56666666666666,440943151,6,2026-08-12T18:00:00+00:00,2,119.2,0,Linked live river forecast reach,0.18254853412508965
MP0261_Nohta,Nohta,Damoh,Ganga,Yamuna,23.68638888888889,79.56666666666666,440943151,6,2026-08-12T21:00:00+00:00,2,107.4,0,Linked live river forecast reach,0.18254853412508965
MP0261_Nohta,Nohta,Damoh,Ganga,Yamuna,23.68638888888889,79.56666666666666,440943151,6,2026-08-13T00:00:00+00:00,2,99.9,0,Linked live river forecast reach,0.18254853412508965
MP0261_Nohta,Nohta,Damoh,Ganga,Yamuna,23.68638888888889,79.56666666666666,440943151,6,2026-08-13T03:00:00+00:00,2,96.7,0,Linked live river forecast reach,0.18254853412508965
MP0261_Nohta,Nohta,Damoh,Ganga,Yamuna,23.68638888888889,79.56666666666666,440943151,6,2026-08-13T06:00:00+00:00,2,96.1,0,Linked live river forecast reach,0.18254853412508965
MP0261_Nohta,Nohta,Damoh,Ganga,Yamuna,23.68638888888889,79.56666666666666,440943151,6,2026-08-13T09:00:00+00:00,2,95.9,0,Linked live river forecast reach,0.18254853412508965
MP0261_Nohta,Nohta,Damoh,Ganga,Yamuna,23.68638888888889,79.56666666666666,440943151,6,2026-08-13T12:00:00+00:00,2,96.3,0,Linked live river forecast reach,0.18254853412508965
MP0261_Nohta,Nohta,Damoh,Ganga,Yamuna,23.68638888888889,79.56666666666666,440943151,6,2026-08-13T15:00:00+00:00,3,99.5,0,Linked live river forecast reach,0.18254853412508965
MP0261_Nohta,Nohta,Damoh,Ganga,Yamuna,23.68638888888889,79.56666666666666,440943151,6,2026-08-13T18:00:00+00:00,3,111.2,0,Linked live river forecast reach,0.18254853412508965
MP0261_Nohta,Nohta,Damoh,Ganga,Yamuna,23.68638888888889,79.56666666666666,440943151,6,2026-08-13T21:00:00+00:00,3,132.1,0,Linked live river forecast reach,0.18254853412508965
MP0261_Nohta,Nohta,Damoh,Ganga,Yamuna,23.68638888888889,79.56666666666666,440943151,6,2026-08-14T00:00:00+00:00,3,145.4,0,Linked live river forecast reach,0.18254853412508965
MP0261_Nohta,Nohta,Damoh,Ganga,Yamuna,23.68638888888889,79.56666666666666,440943151,6,2026-08-14T03:00:00+00:00,3,148.3,0,Linked live river forecast reach,0.18254853412508965
MP0261_Nohta,Nohta,Damoh,Ganga,Yamuna,23.68638888888889,79.56666666666666,440943151,6,2026-08-14T06:00:00+00:00,3,151.2,0,Linked live river forecast reach,0.18254853412508965
MP0261_Nohta,Nohta,Damoh,Ganga,Yamuna,23.68638888888889,79.56666666666666,440943151,6,2026-08-14T09:00:00+00:00,3,152.5,0,Linked live river forecast reach,0.18254853412508965
MP0261_Nohta,Nohta,Damoh,Ganga,Yamuna,23.68638888888889,79.56666666666666,440943151,6,2026-08-14T12:00:00+00:00,3,152.9,0,Linked live river forecast reach,0.18254853412508965
MP0261_Nohta,Nohta,Damoh,Ganga,Yamuna,23.68638888888889,79.56666666666666,440943151,6,2026-08-14T15:00:00+00:00,4,151.7,0,Linked live river forecast reach,0.18254853412508965
MP0261_Nohta,Nohta,Damoh,Ganga,Yamuna,23.68638888888889,79.56666666666666,440943151,6,2026-08-14T18:00:00+00:00,4,147.3,0,Linked live river forecast reach,0.18254853412508965
MP0261_Nohta,Nohta,Damoh,Ganga,Yamuna,23.68638888888889,79.56666666666666,440943151,6,2026-08-14T21:00:00+00:00,4,149.7,0,Linked live river forecast reach,0.18254853412508965
MP0261_Nohta,Nohta,Damoh,Ganga,Yamuna,23.68638888888889,79.56666666666666,440943151,6,2026-08-15T00:00:00+00:00,4,170.3,0,Linked live river forecast reach,0.18254853412508965
MP0261_Nohta,Nohta,Damoh,Ganga,Yamuna,23.68638888888889,79.56666666666666,440943151,6,2026-08-15T03:00:00+00:00,4,199.3,0,Linked live river forecast reach,0.18254853412508965
MP0261_Nohta,Nohta,Damoh,Ganga,Yamuna,23.68638888888889,79.56666666666666,440943151,6,2026-08-15T06:00:00+00:00,4,223.4,0,Linked live river forecast reach,0.18254853412508965
MP0261_Nohta,Nohta,Damoh,Ganga,Yamuna,23.68638888888889,79.56666666666666,440943151,6,2026-08-15T09:00:00+00:00,4,242.1,0,Linked live river forecast reach,0.18254853412508965
MP0261_Nohta,Nohta,Damoh,Ganga,Yamuna,23.68638888888889,79.56666666666666,440943151,6,2026-08-15T12:00:00+00:00,4,257.1,0,Linked live river forecast reach,0.18254853412508965
MP0261_Nohta,Nohta,Damoh,Ganga,Yamuna,23.68638888888889,79.56666666666666,440943151,6,2026-08-15T15:00:00+00:00,5,276.8,0,Linked live river forecast reach,0.18254853412508965
MP0261_Nohta,Nohta,Damoh,Ganga,Yamuna,23.68638888888889,79.56666666666666,440943151,6,2026-08-15T18:00:00+00:00,5,303.0,0,Linked live river forecast reach,0.18254853412508965
MP0261_Nohta,Nohta,Damoh,Ganga,Yamuna,23.68638888888889,79.56666666666666,440943151,6,2026-08-15T21:00:00+00:00,5,331.6,0,Linked live river forecast reach,0.18254853412508965
MP0261_Nohta,Nohta,Damoh,Ganga,Yamuna,23.68638888888889,79.56666666666666,440943151,6,2026-08-16T00:00:00+00:00,5,362.1,0,Linked live river forecast reach,0.18254853412508965
MP0261_Nohta,Nohta,Damoh,Ganga,Yamuna,23.68638888888889,79.56666666666666,440943151,6,2026-08-16T03:00:00+00:00,5,395.9,0,Linked live river forecast reach,0.18254853412508965
MP0261_Nohta,Nohta,Damoh,Ganga,Yamuna,23.68638888888889,79.56666666666666,440943151,6,2026-08-16T06:00:00+00:00,5,419.9,0,Linked live river forecast reach,0.18254853412508965
MP0261_Nohta,Nohta,Damoh,Ganga,Yamuna,23.68638888888889,79.56666666666666,440943151,6,2026-08-16T09:00:00+00:00,5,432.7,0,Linked live river forecast reach,0.18254853412508965
MP0261_Nohta,Nohta,Damoh,Ganga,Yamuna,23.68638888888889,79.56666666666666,440943151,6,2026-08-16T12:00:00+00:00,5,443.3,0,Linked live river forecast reach,0.18254853412508965
MP0261_Nohta,Nohta,Damoh,Ganga,Yamuna,23.68638888888889,79.56666666666666,440943151,6,2026-08-16T15:00:00+00:00,6,455.4,0,Linked live river forecast reach,0.18254853412508965
MP0261_Nohta,Nohta,Damoh,Ganga,Yamuna,23.68638888888889,79.56666666666666,440943151,6,2026-08-16T18:00:00+00:00,6,469.5,0,Linked live river forecast reach,0.18254853412508965
MP0261_Nohta,Nohta,Damoh,Ganga,Yamuna,23.68638888888889,79.56666666666666,440943151,6,2026-08-16T21:00:00+00:00,6,477.4,0,Linked live river forecast reach,0.18254853412508965
MP0261_Nohta,Nohta,Damoh,Ganga,Yamuna,23.68638888888889,79.56666666666666,440943151,6,2026-08-17T00:00:00+00:00,6,471.9,0,Linked live river forecast reach,0.18254853412508965
MP0261_Nohta,Nohta,Damoh,Ganga,Yamuna,23.68638888888889,79.56666666666666,440943151,6,2026-08-17T03:00:00+00:00,6,458.3,0,Linked live river forecast reach,0.18254853412508965
MP0261_Nohta,Nohta,Damoh,Ganga,Yamuna,23.68638888888889,79.56666666666666,440943151,6,2026-08-17T06:00:00+00:00,6,445.5,0,Linked live river forecast reach,0.18254853412508965
MP0261_Nohta,Nohta,Damoh,Ganga,Yamuna,23.68638888888889,79.56666666666666,440943151,6,2026-08-17T09:00:00+00:00,6,432.0,0,Linked live river forecast reach,0.18254853412508965
MP0261_Nohta,Nohta,Damoh,Ganga,Yamuna,23.68638888888889,79.56666666666666,440943151,6,2026-08-17T12:00:00+00:00,6,415.1,0,Linked live river forecast reach,0.18254853412508965
MP0261_Nohta,Nohta,Damoh,Ganga,Yamuna,23.68638888888889,79.56666666666666,440943151,6,2026-08-17T15:00:00+00:00,7,399.2,0,Linked live river forecast reach,0.18254853412508965
MP0262_Kopra,Kopra,Damoh,Ganga,Yamuna,23.941111111111113,79.41305555555556,440936260,4,2026-08-10T15:00:00+00:00,0,43.5,0,Linked live river forecast reach,641.6728502088492
MP0262_Kopra,Kopra,Damoh,Ganga,Yamuna,23.941111111111113,79.41305555555556,440936260,4,2026-08-10T18:00:00+00:00,0,46.5,0,Linked live river forecast reach,641.6728502088492
MP0262_Kopra,Kopra,Damoh,Ganga,Yamuna,23.941111111111113,79.41305555555556,440936260,4,2026-08-10T21:00:00+00:00,0,48.6,0,Linked live river forecast reach,641.6728502088492
MP0262_Kopra,Kopra,Damoh,Ganga,Yamuna,23.941111111111113,79.41305555555556,440936260,4,2026-08-11T00:00:00+00:00,0,48.9,0,Linked live river forecast reach,641.6728502088492
MP0262_Kopra,Kopra,Damoh,Ganga,Yamuna,23.941111111111113,79.41305555555556,440936260,4,2026-08-11T03:00:00+00:00,0,47.3,0,Linked live river forecast reach,641.6728502088492
MP0262_Kopra,Kopra,Damoh,Ganga,Yamuna,23.941111111111113,79.41305555555556,440936260,4,2026-08-11T06:00:00+00:00,0,46.0,0,Linked live river forecast reach,641.6728502088492
MP0262_Kopra,Kopra,Damoh,Ganga,Yamuna,23.941111111111113,79.41305555555556,440936260,4,2026-08-11T09:00:00+00:00,0,44.2,0,Linked live river forecast reach,641.6728502088492
MP0262_Kopra,Kopra,Damoh,Ganga,Yamuna,23.941111111111113,79.41305555555556,440936260,4,2026-08-11T12:00:00+00:00,0,44.2,0,Linked live river forecast reach,641.6728502088492
MP0262_Kopra,Kopra,Damoh,Ganga,Yamuna,23.941111111111113,79.41305555555556,440936260,4,2026-08-11T15:00:00+00:00,1,43.5,0,Linked live river forecast reach,641.6728502088492
MP0262_Kopra,Kopra,Damoh,Ganga,Yamuna,23.941111111111113,79.41305555555556,440936260,4,2026-08-11T18:00:00+00:00,1,42.9,0,Linked live river forecast reach,641.6728502088492
MP0262_Kopra,Kopra,Damoh,Ganga,Yamuna,23.941111111111113,79.41305555555556,440936260,4,2026-08-11T21:00:00+00:00,1,41.8,0,Linked live river forecast reach,641.6728502088492
MP0262_Kopra,Kopra,Damoh,Ganga,Yamuna,23.941111111111113,79.41305555555556,440936260,4,2026-08-12T00:00:00+00:00,1,40.1,0,Linked live river forecast reach,641.6728502088492
MP0262_Kopra,Kopra,Damoh,Ganga,Yamuna,23.941111111111113,79.41305555555556,440936260,4,2026-08-12T03:00:00+00:00,1,36.1,0,Linked live river forecast reach,641.6728502088492
MP0262_Kopra,Kopra,Damoh,Ganga,Yamuna,23.941111111111113,79.41305555555556,440936260,4,2026-08-12T06:00:00+00:00,1,31.8,0,Linked live river forecast reach,641.6728502088492
MP0262_Kopra,Kopra,Damoh,Ganga,Yamuna,23.941111111111113,79.41305555555556,440936260,4,2026-08-12T09:00:00+00:00,1,27.4,0,Linked live river forecast reach,641.6728502088492
MP0262_Kopra,Kopra,Damoh,Ganga,Yamuna,23.941111111111113,79.41305555555556,440936260,4,2026-08-12T12:00:00+00:00,1,24.1,0,Linked live river forecast reach,641.6728502088492
MP0262_Kopra,Kopra,Damoh,Ganga,Yamuna,23.941111111111113,79.41305555555556,440936260,4,2026-08-12T15:00:00+00:00,2,22.9,0,Linked live river forecast reach,641.6728502088492
MP0262_Kopra,Kopra,Damoh,Ganga,Yamuna,23.941111111111113,79.41305555555556,440936260,4,2026-08-12T18:00:00+00:00,2,21.8,0,Linked live river forecast reach,641.6728502088492
MP0262_Kopra,Kopra,Damoh,Ganga,Yamuna,23.941111111111113,79.41305555555556,440936260,4,2026-08-12T21:00:00+00:00,2,21.2,0,Linked live river forecast reach,641.6728502088492
MP0262_Kopra,Kopra,Damoh,Ganga,Yamuna,23.941111111111113,79.41305555555556,440936260,4,2026-08-13T00:00:00+00:00,2,20.0,0,Linked live river forecast reach,641.6728502088492
MP0262_Kopra,Kopra,Damoh,Ganga,Yamuna,23.941111111111113,79.41305555555556,440936260,4,2026-08-13T03:00:00+00:00,2,18.6,0,Linked live river forecast reach,641.6728502088492
MP0262_Kopra,Kopra,Damoh,Ganga,Yamuna,23.941111111111113,79.41305555555556,440936260,4,2026-08-13T06:00:00+00:00,2,17.5,0,Linked live river forecast reach,641.6728502088492
MP0262_Kopra,Kopra,Damoh,Ganga,Yamuna,23.941111111111113,79.41305555555556,440936260,4,2026-08-13T09:00:00+00:00,2,17.0,0,Linked live river forecast reach,641.6728502088492
MP0262_Kopra,Kopra,Damoh,Ganga,Yamuna,23.941111111111113,79.41305555555556,440936260,4,2026-08-13T12:00:00+00:00,2,16.8,0,Linked live river forecast reach,641.6728502088492
MP0262_Kopra,Kopra,Damoh,Ganga,Yamuna,23.941111111111113,79.41305555555556,440936260,4,2026-08-13T15:00:00+00:00,3,17.5,0,Linked live river forecast reach,641.6728502088492
MP0262_Kopra,Kopra,Damoh,Ganga,Yamuna,23.941111111111113,79.41305555555556,440936260,4,2026-08-13T18:00:00+00:00,3,21.1,0,Linked live river forecast reach,641.6728502088492
MP0262_Kopra,Kopra,Damoh,Ganga,Yamuna,23.941111111111113,79.41305555555556,440936260,4,2026-08-13T21:00:00+00:00,3,32.2,0,Linked live river forecast reach,641.6728502088492
MP0262_Kopra,Kopra,Damoh,Ganga,Yamuna,23.941111111111113,79.41305555555556,440936260,4,2026-08-14T00:00:00+00:00,3,32.7,0,Linked live river forecast reach,641.6728502088492
MP0262_Kopra,Kopra,Damoh,Ganga,Yamuna,23.941111111111113,79.41305555555556,440936260,4,2026-08-14T03:00:00+00:00,3,36.7,0,Linked live river forecast reach,641.6728502088492
MP0262_Kopra,Kopra,Damoh,Ganga,Yamuna,23.941111111111113,79.41305555555556,440936260,4,2026-08-14T06:00:00+00:00,3,37.3,0,Linked live river forecast reach,641.6728502088492
MP0262_Kopra,Kopra,Damoh,Ganga,Yamuna,23.941111111111113,79.41305555555556,440936260,4,2026-08-14T09:00:00+00:00,3,34.5,0,Linked live river forecast reach,641.6728502088492
MP0262_Kopra,Kopra,Damoh,Ganga,Yamuna,23.941111111111113,79.41305555555556,440936260,4,2026-08-14T12:00:00+00:00,3,31.8,0,Linked live river forecast reach,641.6728502088492
MP0262_Kopra,Kopra,Damoh,Ganga,Yamuna,23.941111111111113,79.41305555555556,440936260,4,2026-08-14T15:00:00+00:00,4,32.5,0,Linked live river forecast reach,641.6728502088492
MP0262_Kopra,Kopra,Damoh,Ganga,Yamuna,23.941111111111113,79.41305555555556,440936260,4,2026-08-14T18:00:00+00:00,4,32.7,0,Linked live river forecast reach,641.6728502088492
MP0262_Kopra,Kopra,Damoh,Ganga,Yamuna,23.941111111111113,79.41305555555556,440936260,4,2026-08-14T21:00:00+00:00,4,34.3,0,Linked live river forecast reach,641.6728502088492
MP0262_Kopra,Kopra,Damoh,Ganga,Yamuna,23.941111111111113,79.41305555555556,440936260,4,2026-08-15T00:00:00+00:00,4,35.0,0,Linked live river forecast reach,641.6728502088492
MP0262_Kopra,Kopra,Damoh,Ganga,Yamuna,23.941111111111113,79.41305555555556,440936260,4,2026-08-15T03:00:00+00:00,4,36.5,0,Linked live river forecast reach,641.6728502088492
MP0262_Kopra,Kopra,Damoh,Ganga,Yamuna,23.941111111111113,79.41305555555556,440936260,4,2026-08-15T06:00:00+00:00,4,40.8,0,Linked live river forecast reach,641.6728502088492
MP0262_Kopra,Kopra,Damoh,Ganga,Yamuna,23.941111111111113,79.41305555555556,440936260,4,2026-08-15T09:00:00+00:00,4,49.2,0,Linked live river forecast reach,641.6728502088492
MP0262_Kopra,Kopra,Damoh,Ganga,Yamuna,23.941111111111113,79.41305555555556,440936260,4,2026-08-15T12:00:00+00:00,4,56.1,0,Linked live river forecast reach,641.6728502088492
MP0262_Kopra,Kopra,Damoh,Ganga,Yamuna,23.941111111111113,79.41305555555556,440936260,4,2026-08-15T15:00:00+00:00,5,62.6,0,Linked live river forecast reach,641.6728502088492
MP0262_Kopra,Kopra,Damoh,Ganga,Yamuna,23.941111111111113,79.41305555555556,440936260,4,2026-08-15T18:00:00+00:00,5,68.1,0,Linked live river forecast reach,641.6728502088492
MP0262_Kopra,Kopra,Damoh,Ganga,Yamuna,23.941111111111113,79.41305555555556,440936260,4,2026-08-15T21:00:00+00:00,5,73.7,0,Linked live river forecast reach,641.6728502088492
MP0262_Kopra,Kopra,Damoh,Ganga,Yamuna,23.941111111111113,79.41305555555556,440936260,4,2026-08-16T00:00:00+00:00,5,82.7,0,Linked live river forecast reach,641.6728502088492
MP0262_Kopra,Kopra,Damoh,Ganga,Yamuna,23.941111111111113,79.41305555555556,440936260,4,2026-08-16T03:00:00+00:00,5,92.2,0,Linked live river forecast reach,641.6728502088492
MP0262_Kopra,Kopra,Damoh,Ganga,Yamuna,23.941111111111113,79.41305555555556,440936260,4,2026-08-16T06:00:00+00:00,5,100.0,0,Linked live river forecast reach,641.6728502088492
MP0262_Kopra,Kopra,Damoh,Ganga,Yamuna,23.941111111111113,79.41305555555556,440936260,4,2026-08-16T09:00:00+00:00,5,108.2,0,Linked live river forecast reach,641.6728502088492
MP0262_Kopra,Kopra,Damoh,Ganga,Yamuna,23.941111111111113,79.41305555555556,440936260,4,2026-08-16T12:00:00+00:00,5,113.4,0,Linked live river forecast reach,641.6728502088492
MP0262_Kopra,Kopra,Damoh,Ganga,Yamuna,23.941111111111113,79.41305555555556,440936260,4,2026-08-16T15:00:00+00:00,6,117.0,0,Linked live river forecast reach,641.6728502088492
MP0262_Kopra,Kopra,Damoh,Ganga,Yamuna,23.941111111111113,79.41305555555556,440936260,4,2026-08-16T18:00:00+00:00,6,120.4,0,Linked live river forecast reach,641.6728502088492
MP0262_Kopra,Kopra,Damoh,Ganga,Yamuna,23.941111111111113,79.41305555555556,440936260,4,2026-08-16T21:00:00+00:00,6,120.1,0,Linked live river forecast reach,641.6728502088492
MP0262_Kopra,Kopra,Damoh,Ganga,Yamuna,23.941111111111113,79.41305555555556,440936260,4,2026-08-17T00:00:00+00:00,6,118.6,0,Linked live river forecast reach,641.6728502088492
MP0262_Kopra,Kopra,Damoh,Ganga,Yamuna,23.941111111111113,79.41305555555556,440936260,4,2026-08-17T03:00:00+00:00,6,115.3,0,Linked live river forecast reach,641.6728502088492
MP0262_Kopra,Kopra,Damoh,Ganga,Yamuna,23.941111111111113,79.41305555555556,440936260,4,2026-08-17T06:00:00+00:00,6,107.5,0,Linked live river forecast reach,641.6728502088492
MP0262_Kopra,Kopra,Damoh,Ganga,Yamuna,23.941111111111113,79.41305555555556,440936260,4,2026-08-17T09:00:00+00:00,6,100.0,0,Linked live river forecast reach,641.6728502088492
MP0262_Kopra,Kopra,Damoh,Ganga,Yamuna,23.941111111111113,79.41305555555556,440936260,4,2026-08-17T12:00:00+00:00,6,92.3,0,Linked live river forecast reach,641.6728502088492
MP0262_Kopra,Kopra,Damoh,Ganga,Yamuna,23.941111111111113,79.41305555555556,440936260,4,2026-08-17T15:00:00+00:00,7,86.2,0,Linked live river forecast reach,641.6728502088492
MP0262_Niwri,Niwari,Sagar,Ganga,Yamuna,24.066111111111113,79.15694444444445,441006428,3,2026-08-10T15:00:00+00:00,0,41.7,0,Linked live river forecast reach,132.55697091224346
MP0262_Niwri,Niwari,Sagar,Ganga,Yamuna,24.066111111111113,79.15694444444445,441006428,3,2026-08-10T18:00:00+00:00,0,43.3,0,Linked live river forecast reach,132.55697091224346
MP0262_Niwri,Niwari,Sagar,Ganga,Yamuna,24.066111111111113,79.15694444444445,441006428,3,2026-08-10T21:00:00+00:00,0,45.8,0,Linked live river forecast reach,132.55697091224346
MP0262_Niwri,Niwari,Sagar,Ganga,Yamuna,24.066111111111113,79.15694444444445,441006428,3,2026-08-11T00:00:00+00:00,0,47.2,0,Linked live river forecast reach,132.55697091224346
MP0262_Niwri,Niwari,Sagar,Ganga,Yamuna,24.066111111111113,79.15694444444445,441006428,3,2026-08-11T03:00:00+00:00,0,49.0,0,Linked live river forecast reach,132.55697091224346
MP0262_Niwri,Niwari,Sagar,Ganga,Yamuna,24.066111111111113,79.15694444444445,441006428,3,2026-08-11T06:00:00+00:00,0,51.7,0,Linked live river forecast reach,132.55697091224346
MP0262_Niwri,Niwari,Sagar,Ganga,Yamuna,24.066111111111113,79.15694444444445,441006428,3,2026-08-11T09:00:00+00:00,0,55.2,0,Linked live river forecast reach,132.55697091224346
MP0262_Niwri,Niwari,Sagar,Ganga,Yamuna,24.066111111111113,79.15694444444445,441006428,3,2026-08-11T12:00:00+00:00,0,59.4,0,Linked live river forecast reach,132.55697091224346
MP0262_Niwri,Niwari,Sagar,Ganga,Yamuna,24.066111111111113,79.15694444444445,441006428,3,2026-08-11T15:00:00+00:00,1,65.1,0,Linked live river forecast reach,132.55697091224346
MP0262_Niwri,Niwari,Sagar,Ganga,Yamuna,24.066111111111113,79.15694444444445,441006428,3,2026-08-11T18:00:00+00:00,1,71.9,0,Linked live river forecast reach,132.55697091224346
MP0262_Niwri,Niwari,Sagar,Ganga,Yamuna,24.066111111111113,79.15694444444445,441006428,3,2026-08-11T21:00:00+00:00,1,77.5,0,Linked live river forecast reach,132.55697091224346
MP0262_Niwri,Niwari,Sagar,Ganga,Yamuna,24.066111111111113,79.15694444444445,441006428,3,2026-08-12T00:00:00+00:00,1,80.0,0,Linked live river forecast reach,132.55697091224346
MP0262_Niwri,Niwari,Sagar,Ganga,Yamuna,24.066111111111113,79.15694444444445,441006428,3,2026-08-12T03:00:00+00:00,1,79.7,0,Linked live river forecast reach,132.55697091224346
MP0262_Niwri,Niwari,Sagar,Ganga,Yamuna,24.066111111111113,79.15694444444445,441006428,3,2026-08-12T06:00:00+00:00,1,78.8,0,Linked live river forecast reach,132.55697091224346
MP0262_Niwri,Niwari,Sagar,Ganga,Yamuna,24.066111111111113,79.15694444444445,441006428,3,2026-08-12T09:00:00+00:00,1,77.7,0,Linked live river forecast reach,132.55697091224346
MP0262_Niwri,Niwari,Sagar,Ganga,Yamuna,24.066111111111113,79.15694444444445,441006428,3,2026-08-12T12:00:00+00:00,1,76.2,0,Linked live river forecast reach,132.55697091224346
MP0262_Niwri,Niwari,Sagar,Ganga,Yamuna,24.066111111111113,79.15694444444445,441006428,3,2026-08-12T15:00:00+00:00,2,74.8,0,Linked live river forecast reach,132.55697091224346
MP0262_Niwri,Niwari,Sagar,Ganga,Yamuna,24.066111111111113,79.15694444444445,441006428,3,2026-08-12T18:00:00+00:00,2,74.5,0,Linked live river forecast reach,132.55697091224346
MP0262_Niwri,Niwari,Sagar,Ganga,Yamuna,24.066111111111113,79.15694444444445,441006428,3,2026-08-12T21:00:00+00:00,2,73.9,0,Linked live river forecast reach,132.55697091224346
MP0262_Niwri,Niwari,Sagar,Ganga,Yamuna,24.066111111111113,79.15694444444445,441006428,3,2026-08-13T00:00:00+00:00,2,70.1,0,Linked live river forecast reach,132.55697091224346
MP0262_Niwri,Niwari,Sagar,Ganga,Yamuna,24.066111111111113,79.15694444444445,441006428,3,2026-08-13T03:00:00+00:00,2,65.7,0,Linked live river forecast reach,132.55697091224346
MP0262_Niwri,Niwari,Sagar,Ganga,Yamuna,24.066111111111113,79.15694444444445,441006428,3,2026-08-13T06:00:00+00:00,2,61.5,0,Linked live river forecast reach,132.55697091224346
MP0262_Niwri,Niwari,Sagar,Ganga,Yamuna,24.066111111111113,79.15694444444445,441006428,3,2026-08-13T09:00:00+00:00,2,57.7,0,Linked live river forecast reach,132.55697091224346
MP0262_Niwri,Niwari,Sagar,Ganga,Yamuna,24.066111111111113,79.15694444444445,441006428,3,2026-08-13T12:00:00+00:00,2,53.7,0,Linked live river forecast reach,132.55697091224346
MP0262_Niwri,Niwari,Sagar,Ganga,Yamuna,24.066111111111113,79.15694444444445,441006428,3,2026-08-13T15:00:00+00:00,3,50.2,0,Linked live river forecast reach,132.55697091224346
MP0262_Niwri,Niwari,Sagar,Ganga,Yamuna,24.066111111111113,79.15694444444445,441006428,3,2026-08-13T18:00:00+00:00,3,48.6,0,Linked live river forecast reach,132.55697091224346
MP0262_Niwri,Niwari,Sagar,Ganga,Yamuna,24.066111111111113,79.15694444444445,441006428,3,2026-08-13T21:00:00+00:00,3,48.8,0,Linked live river forecast reach,132.55697091224346
MP0262_Niwri,Niwari,Sagar,Ganga,Yamuna,24.066111111111113,79.15694444444445,441006428,3,2026-08-14T00:00:00+00:00,3,46.6,0,Linked live river forecast reach,132.55697091224346
MP0262_Niwri,Niwari,Sagar,Ganga,Yamuna,24.066111111111113,79.15694444444445,441006428,3,2026-08-14T03:00:00+00:00,3,51.0,0,Linked live river forecast reach,132.55697091224346
MP0262_Niwri,Niwari,Sagar,Ganga,Yamuna,24.066111111111113,79.15694444444445,441006428,3,2026-08-14T06:00:00+00:00,3,59.4,0,Linked live river forecast reach,132.55697091224346
MP0262_Niwri,Niwari,Sagar,Ganga,Yamuna,24.066111111111113,79.15694444444445,441006428,3,2026-08-14T09:00:00+00:00,3,57.8,0,Linked live river forecast reach,132.55697091224346
MP0262_Niwri,Niwari,Sagar,Ganga,Yamuna,24.066111111111113,79.15694444444445,441006428,3,2026-08-14T12:00:00+00:00,3,51.7,0,Linked live river forecast reach,132.55697091224346
MP0262_Niwri,Niwari,Sagar,Ganga,Yamuna,24.066111111111113,79.15694444444445,441006428,3,2026-08-14T15:00:00+00:00,4,47.6,0,Linked live river forecast reach,132.55697091224346
MP0262_Niwri,Niwari,Sagar,Ganga,Yamuna,24.066111111111113,79.15694444444445,441006428,3,2026-08-14T18:00:00+00:00,4,48.7,0,Linked live river forecast reach,132.55697091224346
MP0262_Niwri,Niwari,Sagar,Ganga,Yamuna,24.066111111111113,79.15694444444445,441006428,3,2026-08-14T21:00:00+00:00,4,50.3,0,Linked live river forecast reach,132.55697091224346
MP0262_Niwri,Niwari,Sagar,Ganga,Yamuna,24.066111111111113,79.15694444444445,441006428,3,2026-08-15T00:00:00+00:00,4,49.3,0,Linked live river forecast reach,132.55697091224346
MP0262_Niwri,Niwari,Sagar,Ganga,Yamuna,24.066111111111113,79.15694444444445,441006428,3,2026-08-15T03:00:00+00:00,4,48.9,0,Linked live river forecast reach,132.55697091224346
MP0262_Niwri,Niwari,Sagar,Ganga,Yamuna,24.066111111111113,79.15694444444445,441006428,3,2026-08-15T06:00:00+00:00,4,50.1,0,Linked live river forecast reach,132.55697091224346
MP0262_Niwri,Niwari,Sagar,Ganga,Yamuna,24.066111111111113,79.15694444444445,441006428,3,2026-08-15T09:00:00+00:00,4,54.5,0,Linked live river forecast reach,132.55697091224346
MP0262_Niwri,Niwari,Sagar,Ganga,Yamuna,24.066111111111113,79.15694444444445,441006428,3,2026-08-15T12:00:00+00:00,4,60.8,0,Linked live river forecast reach,132.55697091224346
MP0262_Niwri,Niwari,Sagar,Ganga,Yamuna,24.066111111111113,79.15694444444445,441006428,3,2026-08-15T15:00:00+00:00,5,65.4,0,Linked live river forecast reach,132.55697091224346
MP0262_Niwri,Niwari,Sagar,Ganga,Yamuna,24.066111111111113,79.15694444444445,441006428,3,2026-08-15T18:00:00+00:00,5,68.1,0,Linked live river forecast reach,132.55697091224346
MP0262_Niwri,Niwari,Sagar,Ganga,Yamuna,24.066111111111113,79.15694444444445,441006428,3,2026-08-15T21:00:00+00:00,5,71.5,0,Linked live river forecast reach,132.55697091224346
MP0262_Niwri,Niwari,Sagar,Ganga,Yamuna,24.066111111111113,79.15694444444445,441006428,3,2026-08-16T00:00:00+00:00,5,76.6,0,Linked live river forecast reach,132.55697091224346
MP0262_Niwri,Niwari,Sagar,Ganga,Yamuna,24.066111111111113,79.15694444444445,441006428,3,2026-08-16T03:00:00+00:00,5,80.7,0,Linked live river forecast reach,132.55697091224346
MP0262_Niwri,Niwari,Sagar,Ganga,Yamuna,24.066111111111113,79.15694444444445,441006428,3,2026-08-16T06:00:00+00:00,5,84.0,0,Linked live river forecast reach,132.55697091224346
MP0262_Niwri,Niwari,Sagar,Ganga,Yamuna,24.066111111111113,79.15694444444445,441006428,3,2026-08-16T09:00:00+00:00,5,86.4,0,Linked live river forecast reach,132.55697091224346
MP0262_Niwri,Niwari,Sagar,Ganga,Yamuna,24.066111111111113,79.15694444444445,441006428,3,2026-08-16T12:00:00+00:00,5,87.9,0,Linked live river forecast reach,132.55697091224346
MP0262_Niwri,Niwari,Sagar,Ganga,Yamuna,24.066111111111113,79.15694444444445,441006428,3,2026-08-16T15:00:00+00:00,6,91.9,0,Linked live river forecast reach,132.55697091224346
MP0262_Niwri,Niwari,Sagar,Ganga,Yamuna,24.066111111111113,79.15694444444445,441006428,3,2026-08-16T18:00:00+00:00,6,99.0,0,Linked live river forecast reach,132.55697091224346
MP0262_Niwri,Niwari,Sagar,Ganga,Yamuna,24.066111111111113,79.15694444444445,441006428,3,2026-08-16T21:00:00+00:00,6,104.6,0,Linked live river forecast reach,132.55697091224346
MP0262_Niwri,Niwari,Sagar,Ganga,Yamuna,24.066111111111113,79.15694444444445,441006428,3,2026-08-17T00:00:00+00:00,6,106.5,0,Linked live river forecast reach,132.55697091224346
MP0262_Niwri,Niwari,Sagar,Ganga,Yamuna,24.066111111111113,79.15694444444445,441006428,3,2026-08-17T03:00:00+00:00,6,110.2,0,Linked live river forecast reach,132.55697091224346
MP0262_Niwri,Niwari,Sagar,Ganga,Yamuna,24.066111111111113,79.15694444444445,441006428,3,2026-08-17T06:00:00+00:00,6,117.1,0,Linked live river forecast reach,132.55697091224346
MP0262_Niwri,Niwari,Sagar,Ganga,Yamuna,24.066111111111113,79.15694444444445,441006428,3,2026-08-17T09:00:00+00:00,6,120.8,0,Linked live river forecast reach,132.55697091224346
MP0262_Niwri,Niwari,Sagar,Ganga,Yamuna,24.066111111111113,79.15694444444445,441006428,3,2026-08-17T12:00:00+00:00,6,119.8,0,Linked live river forecast reach,132.55697091224346
MP0262_Niwri,Niwari,Sagar,Ganga,Yamuna,24.066111111111113,79.15694444444445,441006428,3,2026-08-17T15:00:00+00:00,7,117.1,0,Linked live river forecast reach,132.55697091224346
MP0262_Sonar,Sonar,Damoh,Ganga,Yamuna,24.00722222222222,79.40055555555556,441035329,5,2026-08-10T15:00:00+00:00,0,313.1,0,Linked live river forecast reach,13.812899553867265
MP0262_Sonar,Sonar,Damoh,Ganga,Yamuna,24.00722222222222,79.40055555555556,441035329,5,2026-08-10T18:00:00+00:00,0,337.6,0,Linked live river forecast reach,13.812899553867265
MP0262_Sonar,Sonar,Damoh,Ganga,Yamuna,24.00722222222222,79.40055555555556,441035329,5,2026-08-10T21:00:00+00:00,0,362.0,0,Linked live river forecast reach,13.812899553867265
MP0262_Sonar,Sonar,Damoh,Ganga,Yamuna,24.00722222222222,79.40055555555556,441035329,5,2026-08-11T00:00:00+00:00,0,389.2,0,Linked live river forecast reach,13.812899553867265
MP0262_Sonar,Sonar,Damoh,Ganga,Yamuna,24.00722222222222,79.40055555555556,441035329,5,2026-08-11T03:00:00+00:00,0,410.4,0,Linked live river forecast reach,13.812899553867265
MP0262_Sonar,Sonar,Damoh,Ganga,Yamuna,24.00722222222222,79.40055555555556,441035329,5,2026-08-11T06:00:00+00:00,0,428.7,0,Linked live river forecast reach,13.812899553867265
MP0262_Sonar,Sonar,Damoh,Ganga,Yamuna,24.00722222222222,79.40055555555556,441035329,5,2026-08-11T09:00:00+00:00,0,444.4,0,Linked live river forecast reach,13.812899553867265
MP0262_Sonar,Sonar,Damoh,Ganga,Yamuna,24.00722222222222,79.40055555555556,441035329,5,2026-08-11T12:00:00+00:00,0,449.1,0,Linked live river forecast reach,13.812899553867265
MP0262_Sonar,Sonar,Damoh,Ganga,Yamuna,24.00722222222222,79.40055555555556,441035329,5,2026-08-11T15:00:00+00:00,1,443.3,0,Linked live river forecast reach,13.812899553867265
MP0262_Sonar,Sonar,Damoh,Ganga,Yamuna,24.00722222222222,79.40055555555556,441035329,5,2026-08-11T18:00:00+00:00,1,436.1,0,Linked live river forecast reach,13.812899553867265
MP0262_Sonar,Sonar,Damoh,Ganga,Yamuna,24.00722222222222,79.40055555555556,441035329,5,2026-08-11T21:00:00+00:00,1,423.7,0,Linked live river forecast reach,13.812899553867265
MP0262_Sonar,Sonar,Damoh,Ganga,Yamuna,24.00722222222222,79.40055555555556,441035329,5,2026-08-12T00:00:00+00:00,1,409.8,0,Linked live river forecast reach,13.812899553867265
MP0262_Sonar,Sonar,Damoh,Ganga,Yamuna,24.00722222222222,79.40055555555556,441035329,5,2026-08-12T03:00:00+00:00,1,399.9,0,Linked live river forecast reach,13.812899553867265
MP0262_Sonar,Sonar,Damoh,Ganga,Yamuna,24.00722222222222,79.40055555555556,441035329,5,2026-08-12T06:00:00+00:00,1,395.5,0,Linked live river forecast reach,13.812899553867265
MP0262_Sonar,Sonar,Damoh,Ganga,Yamuna,24.00722222222222,79.40055555555556,441035329,5,2026-08-12T09:00:00+00:00,1,394.9,0,Linked live river forecast reach,13.812899553867265
MP0262_Sonar,Sonar,Damoh,Ganga,Yamuna,24.00722222222222,79.40055555555556,441035329,5,2026-08-12T12:00:00+00:00,1,394.7,0,Linked live river forecast reach,13.812899553867265
MP0262_Sonar,Sonar,Damoh,Ganga,Yamuna,24.00722222222222,79.40055555555556,441035329,5,2026-08-12T15:00:00+00:00,2,393.8,0,Linked live river forecast reach,13.812899553867265
MP0262_Sonar,Sonar,Damoh,Ganga,Yamuna,24.00722222222222,79.40055555555556,441035329,5,2026-08-12T18:00:00+00:00,2,393.1,0,Linked live river forecast reach,13.812899553867265
MP0262_Sonar,Sonar,Damoh,Ganga,Yamuna,24.00722222222222,79.40055555555556,441035329,5,2026-08-12T21:00:00+00:00,2,390.7,0,Linked live river forecast reach,13.812899553867265
MP0262_Sonar,Sonar,Damoh,Ganga,Yamuna,24.00722222222222,79.40055555555556,441035329,5,2026-08-13T00:00:00+00:00,2,386.9,0,Linked live river forecast reach,13.812899553867265
MP0262_Sonar,Sonar,Damoh,Ganga,Yamuna,24.00722222222222,79.40055555555556,441035329,5,2026-08-13T03:00:00+00:00,2,380.5,0,Linked live river forecast reach,13.812899553867265
MP0262_Sonar,Sonar,Damoh,Ganga,Yamuna,24.00722222222222,79.40055555555556,441035329,5,2026-08-13T06:00:00+00:00,2,371.7,0,Linked live river forecast reach,13.812899553867265
MP0262_Sonar,Sonar,Damoh,Ganga,Yamuna,24.00722222222222,79.40055555555556,441035329,5,2026-08-13T09:00:00+00:00,2,363.0,0,Linked live river forecast reach,13.812899553867265
MP0262_Sonar,Sonar,Damoh,Ganga,Yamuna,24.00722222222222,79.40055555555556,441035329,5,2026-08-13T12:00:00+00:00,2,353.5,0,Linked live river forecast reach,13.812899553867265
MP0262_Sonar,Sonar,Damoh,Ganga,Yamuna,24.00722222222222,79.40055555555556,441035329,5,2026-08-13T15:00:00+00:00,3,341.7,0,Linked live river forecast reach,13.812899553867265
MP0262_Sonar,Sonar,Damoh,Ganga,Yamuna,24.00722222222222,79.40055555555556,441035329,5,2026-08-13T18:00:00+00:00,3,328.6,0,Linked live river forecast reach,13.812899553867265
MP0262_Sonar,Sonar,Damoh,Ganga,Yamuna,24.00722222222222,79.40055555555556,441035329,5,2026-08-13T21:00:00+00:00,3,315.1,0,Linked live river forecast reach,13.812899553867265
MP0262_Sonar,Sonar,Damoh,Ganga,Yamuna,24.00722222222222,79.40055555555556,441035329,5,2026-08-14T00:00:00+00:00,3,301.6,0,Linked live river forecast reach,13.812899553867265
MP0262_Sonar,Sonar,Damoh,Ganga,Yamuna,24.00722222222222,79.40055555555556,441035329,5,2026-08-14T03:00:00+00:00,3,287.3,0,Linked live river forecast reach,13.812899553867265
MP0262_Sonar,Sonar,Damoh,Ganga,Yamuna,24.00722222222222,79.40055555555556,441035329,5,2026-08-14T06:00:00+00:00,3,272.9,0,Linked live river forecast reach,13.812899553867265
MP0262_Sonar,Sonar,Damoh,Ganga,Yamuna,24.00722222222222,79.40055555555556,441035329,5,2026-08-14T09:00:00+00:00,3,259.3,0,Linked live river forecast reach,13.812899553867265
MP0262_Sonar,Sonar,Damoh,Ganga,Yamuna,24.00722222222222,79.40055555555556,441035329,5,2026-08-14T12:00:00+00:00,3,246.0,0,Linked live river forecast reach,13.812899553867265
MP0262_Sonar,Sonar,Damoh,Ganga,Yamuna,24.00722222222222,79.40055555555556,441035329,5,2026-08-14T15:00:00+00:00,4,234.0,0,Linked live river forecast reach,13.812899553867265
MP0262_Sonar,Sonar,Damoh,Ganga,Yamuna,24.00722222222222,79.40055555555556,441035329,5,2026-08-14T18:00:00+00:00,4,224.7,0,Linked live river forecast reach,13.812899553867265
MP0262_Sonar,Sonar,Damoh,Ganga,Yamuna,24.00722222222222,79.40055555555556,441035329,5,2026-08-14T21:00:00+00:00,4,216.6,0,Linked live river forecast reach,13.812899553867265
MP0262_Sonar,Sonar,Damoh,Ganga,Yamuna,24.00722222222222,79.40055555555556,441035329,5,2026-08-15T00:00:00+00:00,4,209.1,0,Linked live river forecast reach,13.812899553867265
MP0262_Sonar,Sonar,Damoh,Ganga,Yamuna,24.00722222222222,79.40055555555556,441035329,5,2026-08-15T03:00:00+00:00,4,202.7,0,Linked live river forecast reach,13.812899553867265
MP0262_Sonar,Sonar,Damoh,Ganga,Yamuna,24.00722222222222,79.40055555555556,441035329,5,2026-08-15T06:00:00+00:00,4,196.9,0,Linked live river forecast reach,13.812899553867265
MP0262_Sonar,Sonar,Damoh,Ganga,Yamuna,24.00722222222222,79.40055555555556,441035329,5,2026-08-15T09:00:00+00:00,4,192.8,0,Linked live river forecast reach,13.812899553867265
MP0262_Sonar,Sonar,Damoh,Ganga,Yamuna,24.00722222222222,79.40055555555556,441035329,5,2026-08-15T12:00:00+00:00,4,190.3,0,Linked live river forecast reach,13.812899553867265
MP0262_Sonar,Sonar,Damoh,Ganga,Yamuna,24.00722222222222,79.40055555555556,441035329,5,2026-08-15T15:00:00+00:00,5,189.4,0,Linked live river forecast reach,13.812899553867265
MP0262_Sonar,Sonar,Damoh,Ganga,Yamuna,24.00722222222222,79.40055555555556,441035329,5,2026-08-15T18:00:00+00:00,5,192.0,0,Linked live river forecast reach,13.812899553867265
MP0262_Sonar,Sonar,Damoh,Ganga,Yamuna,24.00722222222222,79.40055555555556,441035329,5,2026-08-15T21:00:00+00:00,5,198.0,0,Linked live river forecast reach,13.812899553867265
MP0262_Sonar,Sonar,Damoh,Ganga,Yamuna,24.00722222222222,79.40055555555556,441035329,5,2026-08-16T00:00:00+00:00,5,209.1,0,Linked live river forecast reach,13.812899553867265
MP0262_Sonar,Sonar,Damoh,Ganga,Yamuna,24.00722222222222,79.40055555555556,441035329,5,2026-08-16T03:00:00+00:00,5,219.8,0,Linked live river forecast reach,13.812899553867265
MP0262_Sonar,Sonar,Damoh,Ganga,Yamuna,24.00722222222222,79.40055555555556,441035329,5,2026-08-16T06:00:00+00:00,5,226.5,0,Linked live river forecast reach,13.812899553867265
MP0262_Sonar,Sonar,Damoh,Ganga,Yamuna,24.00722222222222,79.40055555555556,441035329,5,2026-08-16T09:00:00+00:00,5,231.1,0,Linked live river forecast reach,13.812899553867265
MP0262_Sonar,Sonar,Damoh,Ganga,Yamuna,24.00722222222222,79.40055555555556,441035329,5,2026-08-16T12:00:00+00:00,5,231.8,0,Linked live river forecast reach,13.812899553867265
MP0262_Sonar,Sonar,Damoh,Ganga,Yamuna,24.00722222222222,79.40055555555556,441035329,5,2026-08-16T15:00:00+00:00,6,230.8,0,Linked live river forecast reach,13.812899553867265
MP0262_Sonar,Sonar,Damoh,Ganga,Yamuna,24.00722222222222,79.40055555555556,441035329,5,2026-08-16T18:00:00+00:00,6,230.5,0,Linked live river forecast reach,13.812899553867265
MP0262_Sonar,Sonar,Damoh,Ganga,Yamuna,24.00722222222222,79.40055555555556,441035329,5,2026-08-16T21:00:00+00:00,6,230.2,0,Linked live river forecast reach,13.812899553867265
MP0262_Sonar,Sonar,Damoh,Ganga,Yamuna,24.00722222222222,79.40055555555556,441035329,5,2026-08-17T00:00:00+00:00,6,230.0,0,Linked live river forecast reach,13.812899553867265
MP0262_Sonar,Sonar,Damoh,Ganga,Yamuna,24.00722222222222,79.40055555555556,441035329,5,2026-08-17T03:00:00+00:00,6,230.7,0,Linked live river forecast reach,13.812899553867265
MP0262_Sonar,Sonar,Damoh,Ganga,Yamuna,24.00722222222222,79.40055555555556,441035329,5,2026-08-17T06:00:00+00:00,6,234.2,0,Linked live river forecast reach,13.812899553867265
MP0262_Sonar,Sonar,Damoh,Ganga,Yamuna,24.00722222222222,79.40055555555556,441035329,5,2026-08-17T09:00:00+00:00,6,241.7,0,Linked live river forecast reach,13.812899553867265
MP0262_Sonar,Sonar,Damoh,Ganga,Yamuna,24.00722222222222,79.40055555555556,441035329,5,2026-08-17T12:00:00+00:00,6,253.4,0,Linked live river forecast reach,13.812899553867265
MP0262_Sonar,Sonar,Damoh,Ganga,Yamuna,24.00722222222222,79.40055555555556,441035329,5,2026-08-17T15:00:00+00:00,7,260.8,0,Linked live river forecast reach,13.812899553867265
MP0263_Tigra,Tigra,Panna,Ganga,Yamuna,24.295833333333334,79.9625,441022932,5,2026-08-10T15:00:00+00:00,0,399.4,0,Linked live river forecast reach,411.5856606157459
MP0263_Tigra,Tigra,Panna,Ganga,Yamuna,24.295833333333334,79.9625,441022932,5,2026-08-10T18:00:00+00:00,0,449.0,0,Linked live river forecast reach,411.5856606157459
MP0263_Tigra,Tigra,Panna,Ganga,Yamuna,24.295833333333334,79.9625,441022932,5,2026-08-10T21:00:00+00:00,0,485.0,0,Linked live river forecast reach,411.5856606157459
MP0263_Tigra,Tigra,Panna,Ganga,Yamuna,24.295833333333334,79.9625,441022932,5,2026-08-11T00:00:00+00:00,0,495.5,0,Linked live river forecast reach,411.5856606157459
MP0263_Tigra,Tigra,Panna,Ganga,Yamuna,24.295833333333334,79.9625,441022932,5,2026-08-11T03:00:00+00:00,0,489.7,0,Linked live river forecast reach,411.5856606157459
MP0263_Tigra,Tigra,Panna,Ganga,Yamuna,24.295833333333334,79.9625,441022932,5,2026-08-11T06:00:00+00:00,0,471.8,0,Linked live river forecast reach,411.5856606157459
MP0263_Tigra,Tigra,Panna,Ganga,Yamuna,24.295833333333334,79.9625,441022932,5,2026-08-11T09:00:00+00:00,0,447.6,0,Linked live river forecast reach,411.5856606157459
MP0263_Tigra,Tigra,Panna,Ganga,Yamuna,24.295833333333334,79.9625,441022932,5,2026-08-11T12:00:00+00:00,0,431.1,0,Linked live river forecast reach,411.5856606157459
MP0263_Tigra,Tigra,Panna,Ganga,Yamuna,24.295833333333334,79.9625,441022932,5,2026-08-11T15:00:00+00:00,1,424.6,0,Linked live river forecast reach,411.5856606157459
MP0263_Tigra,Tigra,Panna,Ganga,Yamuna,24.295833333333334,79.9625,441022932,5,2026-08-11T18:00:00+00:00,1,418.1,0,Linked live river forecast reach,411.5856606157459
MP0263_Tigra,Tigra,Panna,Ganga,Yamuna,24.295833333333334,79.9625,441022932,5,2026-08-11T21:00:00+00:00,1,400.6,0,Linked live river forecast reach,411.5856606157459
MP0263_Tigra,Tigra,Panna,Ganga,Yamuna,24.295833333333334,79.9625,441022932,5,2026-08-12T00:00:00+00:00,1,378.6,0,Linked live river forecast reach,411.5856606157459
MP0263_Tigra,Tigra,Panna,Ganga,Yamuna,24.295833333333334,79.9625,441022932,5,2026-08-12T03:00:00+00:00,1,348.6,0,Linked live river forecast reach,411.5856606157459
MP0263_Tigra,Tigra,Panna,Ganga,Yamuna,24.295833333333334,79.9625,441022932,5,2026-08-12T06:00:00+00:00,1,313.1,0,Linked live river forecast reach,411.5856606157459
MP0263_Tigra,Tigra,Panna,Ganga,Yamuna,24.295833333333334,79.9625,441022932,5,2026-08-12T09:00:00+00:00,1,282.0,0,Linked live river forecast reach,411.5856606157459
MP0263_Tigra,Tigra,Panna,Ganga,Yamuna,24.295833333333334,79.9625,441022932,5,2026-08-12T12:00:00+00:00,1,257.4,0,Linked live river forecast reach,411.5856606157459
MP0263_Tigra,Tigra,Panna,Ganga,Yamuna,24.295833333333334,79.9625,441022932,5,2026-08-12T15:00:00+00:00,2,237.9,0,Linked live river forecast reach,411.5856606157459
MP0263_Tigra,Tigra,Panna,Ganga,Yamuna,24.295833333333334,79.9625,441022932,5,2026-08-12T18:00:00+00:00,2,221.0,0,Linked live river forecast reach,411.5856606157459
MP0263_Tigra,Tigra,Panna,Ganga,Yamuna,24.295833333333334,79.9625,441022932,5,2026-08-12T21:00:00+00:00,2,205.0,0,Linked live river forecast reach,411.5856606157459
MP0263_Tigra,Tigra,Panna,Ganga,Yamuna,24.295833333333334,79.9625,441022932,5,2026-08-13T00:00:00+00:00,2,187.7,0,Linked live river forecast reach,411.5856606157459
MP0263_Tigra,Tigra,Panna,Ganga,Yamuna,24.295833333333334,79.9625,441022932,5,2026-08-13T03:00:00+00:00,2,172.2,0,Linked live river forecast reach,411.5856606157459
MP0263_Tigra,Tigra,Panna,Ganga,Yamuna,24.295833333333334,79.9625,441022932,5,2026-08-13T06:00:00+00:00,2,160.4,0,Linked live river forecast reach,411.5856606157459
MP0263_Tigra,Tigra,Panna,Ganga,Yamuna,24.295833333333334,79.9625,441022932,5,2026-08-13T09:00:00+00:00,2,150.0,0,Linked live river forecast reach,411.5856606157459
MP0263_Tigra,Tigra,Panna,Ganga,Yamuna,24.295833333333334,79.9625,441022932,5,2026-08-13T12:00:00+00:00,2,141.8,0,Linked live river forecast reach,411.5856606157459
MP0263_Tigra,Tigra,Panna,Ganga,Yamuna,24.295833333333334,79.9625,441022932,5,2026-08-13T15:00:00+00:00,3,140.8,0,Linked live river forecast reach,411.5856606157459
MP0263_Tigra,Tigra,Panna,Ganga,Yamuna,24.295833333333334,79.9625,441022932,5,2026-08-13T18:00:00+00:00,3,143.2,0,Linked live river forecast reach,411.5856606157459
MP0263_Tigra,Tigra,Panna,Ganga,Yamuna,24.295833333333334,79.9625,441022932,5,2026-08-13T21:00:00+00:00,3,147.9,0,Linked live river forecast reach,411.5856606157459
MP0263_Tigra,Tigra,Panna,Ganga,Yamuna,24.295833333333334,79.9625,441022932,5,2026-08-14T00:00:00+00:00,3,156.4,0,Linked live river forecast reach,411.5856606157459
MP0263_Tigra,Tigra,Panna,Ganga,Yamuna,24.295833333333334,79.9625,441022932,5,2026-08-14T03:00:00+00:00,3,156.3,0,Linked live river forecast reach,411.5856606157459
MP0263_Tigra,Tigra,Panna,Ganga,Yamuna,24.295833333333334,79.9625,441022932,5,2026-08-14T06:00:00+00:00,3,156.3,0,Linked live river forecast reach,411.5856606157459
MP0263_Tigra,Tigra,Panna,Ganga,Yamuna,24.295833333333334,79.9625,441022932,5,2026-08-14T09:00:00+00:00,3,158.4,0,Linked live river forecast reach,411.5856606157459
MP0263_Tigra,Tigra,Panna,Ganga,Yamuna,24.295833333333334,79.9625,441022932,5,2026-08-14T12:00:00+00:00,3,162.4,0,Linked live river forecast reach,411.5856606157459
MP0263_Tigra,Tigra,Panna,Ganga,Yamuna,24.295833333333334,79.9625,441022932,5,2026-08-14T15:00:00+00:00,4,167.6,0,Linked live river forecast reach,411.5856606157459
MP0263_Tigra,Tigra,Panna,Ganga,Yamuna,24.295833333333334,79.9625,441022932,5,2026-08-14T18:00:00+00:00,4,171.9,0,Linked live river forecast reach,411.5856606157459
MP0263_Tigra,Tigra,Panna,Ganga,Yamuna,24.295833333333334,79.9625,441022932,5,2026-08-14T21:00:00+00:00,4,176.7,0,Linked live river forecast reach,411.5856606157459
MP0263_Tigra,Tigra,Panna,Ganga,Yamuna,24.295833333333334,79.9625,441022932,5,2026-08-15T00:00:00+00:00,4,180.6,0,Linked live river forecast reach,411.5856606157459
MP0263_Tigra,Tigra,Panna,Ganga,Yamuna,24.295833333333334,79.9625,441022932,5,2026-08-15T03:00:00+00:00,4,183.2,0,Linked live river forecast reach,411.5856606157459
MP0263_Tigra,Tigra,Panna,Ganga,Yamuna,24.295833333333334,79.9625,441022932,5,2026-08-15T06:00:00+00:00,4,185.6,0,Linked live river forecast reach,411.5856606157459
MP0263_Tigra,Tigra,Panna,Ganga,Yamuna,24.295833333333334,79.9625,441022932,5,2026-08-15T09:00:00+00:00,4,185.5,0,Linked live river forecast reach,411.5856606157459
MP0263_Tigra,Tigra,Panna,Ganga,Yamuna,24.295833333333334,79.9625,441022932,5,2026-08-15T12:00:00+00:00,4,182.9,0,Linked live river forecast reach,411.5856606157459
MP0263_Tigra,Tigra,Panna,Ganga,Yamuna,24.295833333333334,79.9625,441022932,5,2026-08-15T15:00:00+00:00,5,180.2,0,Linked live river forecast reach,411.5856606157459
MP0263_Tigra,Tigra,Panna,Ganga,Yamuna,24.295833333333334,79.9625,441022932,5,2026-08-15T18:00:00+00:00,5,177.4,0,Linked live river forecast reach,411.5856606157459
MP0263_Tigra,Tigra,Panna,Ganga,Yamuna,24.295833333333334,79.9625,441022932,5,2026-08-15T21:00:00+00:00,5,175.4,0,Linked live river forecast reach,411.5856606157459
MP0263_Tigra,Tigra,Panna,Ganga,Yamuna,24.295833333333334,79.9625,441022932,5,2026-08-16T00:00:00+00:00,5,177.0,0,Linked live river forecast reach,411.5856606157459
MP0263_Tigra,Tigra,Panna,Ganga,Yamuna,24.295833333333334,79.9625,441022932,5,2026-08-16T03:00:00+00:00,5,179.9,0,Linked live river forecast reach,411.5856606157459
MP0263_Tigra,Tigra,Panna,Ganga,Yamuna,24.295833333333334,79.9625,441022932,5,2026-08-16T06:00:00+00:00,5,184.4,0,Linked live river forecast reach,411.5856606157459
MP0263_Tigra,Tigra,Panna,Ganga,Yamuna,24.295833333333334,79.9625,441022932,5,2026-08-16T09:00:00+00:00,5,191.8,0,Linked live river forecast reach,411.5856606157459
MP0263_Tigra,Tigra,Panna,Ganga,Yamuna,24.295833333333334,79.9625,441022932,5,2026-08-16T12:00:00+00:00,5,196.9,0,Linked live river forecast reach,411.5856606157459
MP0263_Tigra,Tigra,Panna,Ganga,Yamuna,24.295833333333334,79.9625,441022932,5,2026-08-16T15:00:00+00:00,6,200.7,0,Linked live river forecast reach,411.5856606157459
MP0263_Tigra,Tigra,Panna,Ganga,Yamuna,24.295833333333334,79.9625,441022932,5,2026-08-16T18:00:00+00:00,6,204.0,0,Linked live river forecast reach,411.5856606157459
MP0263_Tigra,Tigra,Panna,Ganga,Yamuna,24.295833333333334,79.9625,441022932,5,2026-08-16T21:00:00+00:00,6,206.8,0,Linked live river forecast reach,411.5856606157459
MP0263_Tigra,Tigra,Panna,Ganga,Yamuna,24.295833333333334,79.9625,441022932,5,2026-08-17T00:00:00+00:00,6,210.4,0,Linked live river forecast reach,411.5856606157459
MP0263_Tigra,Tigra,Panna,Ganga,Yamuna,24.295833333333334,79.9625,441022932,5,2026-08-17T03:00:00+00:00,6,223.6,0,Linked live river forecast reach,411.5856606157459
MP0263_Tigra,Tigra,Panna,Ganga,Yamuna,24.295833333333334,79.9625,441022932,5,2026-08-17T06:00:00+00:00,6,244.9,0,Linked live river forecast reach,411.5856606157459
MP0263_Tigra,Tigra,Panna,Ganga,Yamuna,24.295833333333334,79.9625,441022932,5,2026-08-17T09:00:00+00:00,6,253.0,0,Linked live river forecast reach,411.5856606157459
MP0263_Tigra,Tigra,Panna,Ganga,Yamuna,24.295833333333334,79.9625,441022932,5,2026-08-17T12:00:00+00:00,6,258.8,0,Linked live river forecast reach,411.5856606157459
MP0263_Tigra,Tigra,Panna,Ganga,Yamuna,24.295833333333334,79.9625,441022932,5,2026-08-17T15:00:00+00:00,7,277.9,0,Linked live river forecast reach,411.5856606157459
MP0264_Mrhsn,Mirhasan,Panna,Ganga,Yamuna,24.1825,80.04027777777777,440275769,2,2026-08-10T15:00:00+00:00,0,2.8,0,Linked live river forecast reach,1618.7008239304184
023MP01Vjpur,Bijaypur,Sheopur,Ganga,Yamuna,26.05,77.46666666666667,440954055,3,2026-08-10T15:00:00+00:00,0,2.0,0,Linked live river forecast reach,1011.3430044526784
023MP01Vjpur,Bijaypur,Sheopur,Ganga,Yamuna,26.05,77.46666666666667,440954055,3,2026-08-10T18:00:00+00:00,0,3.1,0,Linked live river forecast reach,1011.3430044526784
023MP01Vjpur,Bijaypur,Sheopur,Ganga,Yamuna,26.05,77.46666666666667,440954055,3,2026-08-10T21:00:00+00:00,0,4.0,0,Linked live river forecast reach,1011.3430044526784
023MP01Vjpur,Bijaypur,Sheopur,Ganga,Yamuna,26.05,77.46666666666667,440954055,3,2026-08-11T00:00:00+00:00,0,3.8,0,Linked live river forecast reach,1011.3430044526784
023MP01Vjpur,Bijaypur,Sheopur,Ganga,Yamuna,26.05,77.46666666666667,440954055,3,2026-08-11T03:00:00+00:00,0,3.8,0,Linked live river forecast reach,1011.3430044526784
023MP01Vjpur,Bijaypur,Sheopur,Ganga,Yamuna,26.05,77.46666666666667,440954055,3,2026-08-11T06:00:00+00:00,0,3.8,0,Linked live river forecast reach,1011.3430044526784
023MP01Vjpur,Bijaypur,Sheopur,Ganga,Yamuna,26.05,77.46666666666667,440954055,3,2026-08-11T09:00:00+00:00,0,3.6,0,Linked live river forecast reach,1011.3430044526784
023MP01Vjpur,Bijaypur,Sheopur,Ganga,Yamuna,26.05,77.46666666666667,440954055,3,2026-08-11T12:00:00+00:00,0,4.4,0,Linked live river forecast reach,1011.3430044526784
023MP01Vjpur,Bijaypur,Sheopur,Ganga,Yamuna,26.05,77.46666666666667,440954055,3,2026-08-11T15:00:00+00:00,1,7.3,0,Linked live river forecast reach,1011.3430044526784
023MP01Vjpur,Bijaypur,Sheopur,Ganga,Yamuna,26.05,77.46666666666667,440954055,3,2026-08-11T18:00:00+00:00,1,9.7,0,Linked live river forecast reach,1011.3430044526784
023MP01Vjpur,Bijaypur,Sheopur,Ganga,Yamuna,26.05,77.46666666666667,440954055,3,2026-08-11T21:00:00+00:00,1,9.1,0,Linked live river forecast reach,1011.3430044526784
023MP01Vjpur,Bijaypur,Sheopur,Ganga,Yamuna,26.05,77.46666666666667,440954055,3,2026-08-12T00:00:00+00:00,1,6.6,0,Linked live river forecast reach,1011.3430044526784
023MP01Vjpur,Bijaypur,Sheopur,Ganga,Yamuna,26.05,77.46666666666667,440954055,3,2026-08-12T03:00:00+00:00,1,3.6,0,Linked live river forecast reach,1011.3430044526784
023MP01Vjpur,Bijaypur,Sheopur,Ganga,Yamuna,26.05,77.46666666666667,440954055,3,2026-08-12T06:00:00+00:00,1,1.8,0,Linked live river forecast reach,1011.3430044526784
023MP01Vjpur,Bijaypur,Sheopur,Ganga,Yamuna,26.05,77.46666666666667,440954055,3,2026-08-12T09:00:00+00:00,1,1.5,0,Linked live river forecast reach,1011.3430044526784
023MP01Vjpur,Bijaypur,Sheopur,Ganga,Yamuna,26.05,77.46666666666667,440954055,3,2026-08-12T12:00:00+00:00,1,2.2,0,Linked live river forecast reach,1011.3430044526784
023MP01Vjpur,Bijaypur,Sheopur,Ganga,Yamuna,26.05,77.46666666666667,440954055,3,2026-08-12T15:00:00+00:00,2,3.3,0,Linked live river forecast reach,1011.3430044526784
023MP01Vjpur,Bijaypur,Sheopur,Ganga,Yamuna,26.05,77.46666666666667,440954055,3,2026-08-12T18:00:00+00:00,2,3.1,0,Linked live river forecast reach,1011.3430044526784
023MP01Vjpur,Bijaypur,Sheopur,Ganga,Yamuna,26.05,77.46666666666667,440954055,3,2026-08-12T21:00:00+00:00,2,2.5,0,Linked live river forecast reach,1011.3430044526784
023MP01Vjpur,Bijaypur,Sheopur,Ganga,Yamuna,26.05,77.46666666666667,440954055,3,2026-08-13T00:00:00+00:00,2,1.8,0,Linked live river forecast reach,1011.3430044526784
023MP01Vjpur,Bijaypur,Sheopur,Ganga,Yamuna,26.05,77.46666666666667,440954055,3,2026-08-13T03:00:00+00:00,2,1.6,0,Linked live river forecast reach,1011.3430044526784
023MP01Vjpur,Bijaypur,Sheopur,Ganga,Yamuna,26.05,77.46666666666667,440954055,3,2026-08-13T06:00:00+00:00,2,1.8,0,Linked live river forecast reach,1011.3430044526784
023MP01Vjpur,Bijaypur,Sheopur,Ganga,Yamuna,26.05,77.46666666666667,440954055,3,2026-08-13T09:00:00+00:00,2,1.4,0,Linked live river forecast reach,1011.3430044526784
023MP01Vjpur,Bijaypur,Sheopur,Ganga,Yamuna,26.05,77.46666666666667,440954055,3,2026-08-13T12:00:00+00:00,2,1.7,0,Linked live river forecast reach,1011.3430044526784
023MP01Vjpur,Bijaypur,Sheopur,Ganga,Yamuna,26.05,77.46666666666667,440954055,3,2026-08-13T15:00:00+00:00,3,2.1,0,Linked live river forecast reach,1011.3430044526784
023MP01Vjpur,Bijaypur,Sheopur,Ganga,Yamuna,26.05,77.46666666666667,440954055,3,2026-08-13T18:00:00+00:00,3,2.0,0,Linked live river forecast reach,1011.3430044526784
023MP01Vjpur,Bijaypur,Sheopur,Ganga,Yamuna,26.05,77.46666666666667,440954055,3,2026-08-13T21:00:00+00:00,3,2.1,0,Linked live river forecast reach,1011.3430044526784
023MP01Vjpur,Bijaypur,Sheopur,Ganga,Yamuna,26.05,77.46666666666667,440954055,3,2026-08-14T00:00:00+00:00,3,1.6,0,Linked live river forecast reach,1011.3430044526784
023MP01Vjpur,Bijaypur,Sheopur,Ganga,Yamuna,26.05,77.46666666666667,440954055,3,2026-08-14T03:00:00+00:00,3,1.6,0,Linked live river forecast reach,1011.3430044526784
023MP01Vjpur,Bijaypur,Sheopur,Ganga,Yamuna,26.05,77.46666666666667,440954055,3,2026-08-14T06:00:00+00:00,3,2.2,0,Linked live river forecast reach,1011.3430044526784
023MP01Vjpur,Bijaypur,Sheopur,Ganga,Yamuna,26.05,77.46666666666667,440954055,3,2026-08-14T09:00:00+00:00,3,2.4,0,Linked live river forecast reach,1011.3430044526784
023MP01Vjpur,Bijaypur,Sheopur,Ganga,Yamuna,26.05,77.46666666666667,440954055,3,2026-08-14T12:00:00+00:00,3,2.9,0,Linked live river forecast reach,1011.3430044526784
023MP01Vjpur,Bijaypur,Sheopur,Ganga,Yamuna,26.05,77.46666666666667,440954055,3,2026-08-14T15:00:00+00:00,4,3.1,0,Linked live river forecast reach,1011.3430044526784
023MP01Vjpur,Bijaypur,Sheopur,Ganga,Yamuna,26.05,77.46666666666667,440954055,3,2026-08-14T18:00:00+00:00,4,2.8,0,Linked live river forecast reach,1011.3430044526784
023MP01Vjpur,Bijaypur,Sheopur,Ganga,Yamuna,26.05,77.46666666666667,440954055,3,2026-08-14T21:00:00+00:00,4,2.6,0,Linked live river forecast reach,1011.3430044526784
023MP01Vjpur,Bijaypur,Sheopur,Ganga,Yamuna,26.05,77.46666666666667,440954055,3,2026-08-15T00:00:00+00:00,4,2.6,0,Linked live river forecast reach,1011.3430044526784
023MP01Vjpur,Bijaypur,Sheopur,Ganga,Yamuna,26.05,77.46666666666667,440954055,3,2026-08-15T03:00:00+00:00,4,2.3,0,Linked live river forecast reach,1011.3430044526784
023MP01Vjpur,Bijaypur,Sheopur,Ganga,Yamuna,26.05,77.46666666666667,440954055,3,2026-08-15T06:00:00+00:00,4,2.5,0,Linked live river forecast reach,1011.3430044526784
023MP01Vjpur,Bijaypur,Sheopur,Ganga,Yamuna,26.05,77.46666666666667,440954055,3,2026-08-15T09:00:00+00:00,4,2.7,0,Linked live river forecast reach,1011.3430044526784
023MP01Vjpur,Bijaypur,Sheopur,Ganga,Yamuna,26.05,77.46666666666667,440954055,3,2026-08-15T12:00:00+00:00,4,3.6,0,Linked live river forecast reach,1011.3430044526784
023MP01Vjpur,Bijaypur,Sheopur,Ganga,Yamuna,26.05,77.46666666666667,440954055,3,2026-08-15T15:00:00+00:00,5,4.5,0,Linked live river forecast reach,1011.3430044526784
023MP01Vjpur,Bijaypur,Sheopur,Ganga,Yamuna,26.05,77.46666666666667,440954055,3,2026-08-15T18:00:00+00:00,5,4.4,0,Linked live river forecast reach,1011.3430044526784
023MP01Vjpur,Bijaypur,Sheopur,Ganga,Yamuna,26.05,77.46666666666667,440954055,3,2026-08-15T21:00:00+00:00,5,4.1,0,Linked live river forecast reach,1011.3430044526784
023MP01Vjpur,Bijaypur,Sheopur,Ganga,Yamuna,26.05,77.46666666666667,440954055,3,2026-08-16T00:00:00+00:00,5,4.1,0,Linked live river forecast reach,1011.3430044526784
023MP01Vjpur,Bijaypur,Sheopur,Ganga,Yamuna,26.05,77.46666666666667,440954055,3,2026-08-16T03:00:00+00:00,5,4.3,0,Linked live river forecast reach,1011.3430044526784
023MP01Vjpur,Bijaypur,Sheopur,Ganga,Yamuna,26.05,77.46666666666667,440954055,3,2026-08-16T06:00:00+00:00,5,4.7,0,Linked live river forecast reach,1011.3430044526784
023MP01Vjpur,Bijaypur,Sheopur,Ganga,Yamuna,26.05,77.46666666666667,440954055,3,2026-08-16T09:00:00+00:00,5,4.8,0,Linked live river forecast reach,1011.3430044526784
023MP01Vjpur,Bijaypur,Sheopur,Ganga,Yamuna,26.05,77.46666666666667,440954055,3,2026-08-16T12:00:00+00:00,5,3.5,0,Linked live river forecast reach,1011.3430044526784
023MP01Vjpur,Bijaypur,Sheopur,Ganga,Yamuna,26.05,77.46666666666667,440954055,3,2026-08-16T15:00:00+00:00,6,2.6,0,Linked live river forecast reach,1011.3430044526784
023MP01Vjpur,Bijaypur,Sheopur,Ganga,Yamuna,26.05,77.46666666666667,440954055,3,2026-08-16T18:00:00+00:00,6,2.9,0,Linked live river forecast reach,1011.3430044526784
023MP01Vjpur,Bijaypur,Sheopur,Ganga,Yamuna,26.05,77.46666666666667,440954055,3,2026-08-16T21:00:00+00:00,6,3.1,0,Linked live river forecast reach,1011.3430044526784
023MP01Vjpur,Bijaypur,Sheopur,Ganga,Yamuna,26.05,77.46666666666667,440954055,3,2026-08-17T00:00:00+00:00,6,2.4,0,Linked live river forecast reach,1011.3430044526784
023MP01Vjpur,Bijaypur,Sheopur,Ganga,Yamuna,26.05,77.46666666666667,440954055,3,2026-08-17T03:00:00+00:00,6,2.0,0,Linked live river forecast reach,1011.3430044526784
023MP01Vjpur,Bijaypur,Sheopur,Ganga,Yamuna,26.05,77.46666666666667,440954055,3,2026-08-17T06:00:00+00:00,6,2.2,0,Linked live river forecast reach,1011.3430044526784
023MP01Vjpur,Bijaypur,Sheopur,Ganga,Yamuna,26.05,77.46666666666667,440954055,3,2026-08-17T09:00:00+00:00,6,2.3,0,Linked live river forecast reach,1011.3430044526784
023MP01Vjpur,Bijaypur,Sheopur,Ganga,Yamuna,26.05,77.46666666666667,440954055,3,2026-08-17T12:00:00+00:00,6,1.6,0,Linked live river forecast reach,1011.3430044526784
023MP01Vjpur,Bijaypur,Sheopur,Ganga,Yamuna,26.05,77.46666666666667,440954055,3,2026-08-17T15:00:00+00:00,7,0.9,0,Linked live river forecast reach,1011.3430044526784
MP0230_Budra,Budhara,Morena,Ganga,Yamuna,26.636111111111113,78.435,441132909,6,2026-08-10T15:00:00+00:00,0,420.4,0,Linked live river forecast reach,12.739629587158563
MP0230_Budra,Budhara,Morena,Ganga,Yamuna,26.636111111111113,78.435,441132909,6,2026-08-10T18:00:00+00:00,0,429.7,0,Linked live river forecast reach,12.739629587158563
MP0230_Budra,Budhara,Morena,Ganga,Yamuna,26.636111111111113,78.435,441132909,6,2026-08-10T21:00:00+00:00,0,434.1,0,Linked live river forecast reach,12.739629587158563
MP0230_Budra,Budhara,Morena,Ganga,Yamuna,26.636111111111113,78.435,441132909,6,2026-08-11T00:00:00+00:00,0,432.4,0,Linked live river forecast reach,12.739629587158563
MP0230_Budra,Budhara,Morena,Ganga,Yamuna,26.636111111111113,78.435,441132909,6,2026-08-11T03:00:00+00:00,0,425.1,0,Linked live river forecast reach,12.739629587158563
MP0230_Budra,Budhara,Morena,Ganga,Yamuna,26.636111111111113,78.435,441132909,6,2026-08-11T06:00:00+00:00,0,412.0,0,Linked live river forecast reach,12.739629587158563
MP0230_Budra,Budhara,Morena,Ganga,Yamuna,26.636111111111113,78.435,441132909,6,2026-08-11T09:00:00+00:00,0,392.9,0,Linked live river forecast reach,12.739629587158563
MP0230_Budra,Budhara,Morena,Ganga,Yamuna,26.636111111111113,78.435,441132909,6,2026-08-11T12:00:00+00:00,0,370.4,0,Linked live river forecast reach,12.739629587158563
MP0230_Budra,Budhara,Morena,Ganga,Yamuna,26.636111111111113,78.435,441132909,6,2026-08-11T15:00:00+00:00,1,345.6,0,Linked live river forecast reach,12.739629587158563
MP0230_Budra,Budhara,Morena,Ganga,Yamuna,26.636111111111113,78.435,441132909,6,2026-08-11T18:00:00+00:00,1,320.1,0,Linked live river forecast reach,12.739629587158563
MP0230_Budra,Budhara,Morena,Ganga,Yamuna,26.636111111111113,78.435,441132909,6,2026-08-11T21:00:00+00:00,1,295.3,0,Linked live river forecast reach,12.739629587158563
MP0230_Budra,Budhara,Morena,Ganga,Yamuna,26.636111111111113,78.435,441132909,6,2026-08-12T00:00:00+00:00,1,272.1,0,Linked live river forecast reach,12.739629587158563
MP0230_Budra,Budhara,Morena,Ganga,Yamuna,26.636111111111113,78.435,441132909,6,2026-08-12T03:00:00+00:00,1,251.5,0,Linked live river forecast reach,12.739629587158563
MP0230_Budra,Budhara,Morena,Ganga,Yamuna,26.636111111111113,78.435,441132909,6,2026-08-12T06:00:00+00:00,1,233.6,0,Linked live river forecast reach,12.739629587158563
MP0230_Budra,Budhara,Morena,Ganga,Yamuna,26.636111111111113,78.435,441132909,6,2026-08-12T09:00:00+00:00,1,218.4,0,Linked live river forecast reach,12.739629587158563
MP0230_Budra,Budhara,Morena,Ganga,Yamuna,26.636111111111113,78.435,441132909,6,2026-08-12T12:00:00+00:00,1,206.0,0,Linked live river forecast reach,12.739629587158563
MP0230_Budra,Budhara,Morena,Ganga,Yamuna,26.636111111111113,78.435,441132909,6,2026-08-12T15:00:00+00:00,2,196.1,0,Linked live river forecast reach,12.739629587158563
MP0230_Budra,Budhara,Morena,Ganga,Yamuna,26.636111111111113,78.435,441132909,6,2026-08-12T18:00:00+00:00,2,188.4,0,Linked live river forecast reach,12.739629587158563
MP0230_Budra,Budhara,Morena,Ganga,Yamuna,26.636111111111113,78.435,441132909,6,2026-08-12T21:00:00+00:00,2,182.5,0,Linked live river forecast reach,12.739629587158563
MP0230_Budra,Budhara,Morena,Ganga,Yamuna,26.636111111111113,78.435,441132909,6,2026-08-13T00:00:00+00:00,2,178.1,0,Linked live river forecast reach,12.739629587158563
MP0230_Budra,Budhara,Morena,Ganga,Yamuna,26.636111111111113,78.435,441132909,6,2026-08-13T03:00:00+00:00,2,174.8,0,Linked live river forecast reach,12.739629587158563
MP0230_Budra,Budhara,Morena,Ganga,Yamuna,26.636111111111113,78.435,441132909,6,2026-08-13T06:00:00+00:00,2,172.5,0,Linked live river forecast reach,12.739629587158563
MP0230_Budra,Budhara,Morena,Ganga,Yamuna,26.636111111111113,78.435,441132909,6,2026-08-13T09:00:00+00:00,2,170.5,0,Linked live river forecast reach,12.739629587158563
MP0230_Budra,Budhara,Morena,Ganga,Yamuna,26.636111111111113,78.435,441132909,6,2026-08-13T12:00:00+00:00,2,168.4,0,Linked live river forecast reach,12.739629587158563
MP0230_Budra,Budhara,Morena,Ganga,Yamuna,26.636111111111113,78.435,441132909,6,2026-08-13T15:00:00+00:00,3,166.2,0,Linked live river forecast reach,12.739629587158563
MP0230_Budra,Budhara,Morena,Ganga,Yamuna,26.636111111111113,78.435,441132909,6,2026-08-13T18:00:00+00:00,3,163.4,0,Linked live river forecast reach,12.739629587158563
MP0230_Budra,Budhara,Morena,Ganga,Yamuna,26.636111111111113,78.435,441132909,6,2026-08-13T21:00:00+00:00,3,160.1,0,Linked live river forecast reach,12.739629587158563
MP0230_Budra,Budhara,Morena,Ganga,Yamuna,26.636111111111113,78.435,441132909,6,2026-08-14T00:00:00+00:00,3,156.0,0,Linked live river forecast reach,12.739629587158563
MP0230_Budra,Budhara,Morena,Ganga,Yamuna,26.636111111111113,78.435,441132909,6,2026-08-14T03:00:00+00:00,3,152.0,0,Linked live river forecast reach,12.739629587158563
MP0230_Budra,Budhara,Morena,Ganga,Yamuna,26.636111111111113,78.435,441132909,6,2026-08-14T06:00:00+00:00,3,148.2,0,Linked live river forecast reach,12.739629587158563
MP0230_Budra,Budhara,Morena,Ganga,Yamuna,26.636111111111113,78.435,441132909,6,2026-08-14T09:00:00+00:00,3,144.7,0,Linked live river forecast reach,12.739629587158563
MP0230_Budra,Budhara,Morena,Ganga,Yamuna,26.636111111111113,78.435,441132909,6,2026-08-14T12:00:00+00:00,3,141.6,0,Linked live river forecast reach,12.739629587158563
MP0230_Budra,Budhara,Morena,Ganga,Yamuna,26.636111111111113,78.435,441132909,6,2026-08-14T15:00:00+00:00,4,137.9,0,Linked live river forecast reach,12.739629587158563
MP0230_Budra,Budhara,Morena,Ganga,Yamuna,26.636111111111113,78.435,441132909,6,2026-08-14T18:00:00+00:00,4,134.7,0,Linked live river forecast reach,12.739629587158563
MP0230_Budra,Budhara,Morena,Ganga,Yamuna,26.636111111111113,78.435,441132909,6,2026-08-14T21:00:00+00:00,4,132.0,0,Linked live river forecast reach,12.739629587158563
MP0230_Budra,Budhara,Morena,Ganga,Yamuna,26.636111111111113,78.435,441132909,6,2026-08-15T00:00:00+00:00,4,128.9,0,Linked live river forecast reach,12.739629587158563
MP0230_Budra,Budhara,Morena,Ganga,Yamuna,26.636111111111113,78.435,441132909,6,2026-08-15T03:00:00+00:00,4,126.7,0,Linked live river forecast reach,12.739629587158563
MP0230_Budra,Budhara,Morena,Ganga,Yamuna,26.636111111111113,78.435,441132909,6,2026-08-15T06:00:00+00:00,4,125.2,0,Linked live river forecast reach,12.739629587158563
MP0230_Budra,Budhara,Morena,Ganga,Yamuna,26.636111111111113,78.435,441132909,6,2026-08-15T09:00:00+00:00,4,123.8,0,Linked live river forecast reach,12.739629587158563
MP0230_Budra,Budhara,Morena,Ganga,Yamuna,26.636111111111113,78.435,441132909,6,2026-08-15T12:00:00+00:00,4,122.9,0,Linked live river forecast reach,12.739629587158563
MP0230_Budra,Budhara,Morena,Ganga,Yamuna,26.636111111111113,78.435,441132909,6,2026-08-15T15:00:00+00:00,5,122.7,0,Linked live river forecast reach,12.739629587158563
MP0230_Budra,Budhara,Morena,Ganga,Yamuna,26.636111111111113,78.435,441132909,6,2026-08-15T18:00:00+00:00,5,122.9,0,Linked live river forecast reach,12.739629587158563
MP0230_Budra,Budhara,Morena,Ganga,Yamuna,26.636111111111113,78.435,441132909,6,2026-08-15T21:00:00+00:00,5,123.5,0,Linked live river forecast reach,12.739629587158563
MP0230_Budra,Budhara,Morena,Ganga,Yamuna,26.636111111111113,78.435,441132909,6,2026-08-16T00:00:00+00:00,5,125.1,0,Linked live river forecast reach,12.739629587158563
MP0230_Budra,Budhara,Morena,Ganga,Yamuna,26.636111111111113,78.435,441132909,6,2026-08-16T03:00:00+00:00,5,127.3,0,Linked live river forecast reach,12.739629587158563
MP0230_Budra,Budhara,Morena,Ganga,Yamuna,26.636111111111113,78.435,441132909,6,2026-08-16T06:00:00+00:00,5,129.8,0,Linked live river forecast reach,12.739629587158563
MP0230_Budra,Budhara,Morena,Ganga,Yamuna,26.636111111111113,78.435,441132909,6,2026-08-16T09:00:00+00:00,5,133.2,0,Linked live river forecast reach,12.739629587158563
MP0230_Budra,Budhara,Morena,Ganga,Yamuna,26.636111111111113,78.435,441132909,6,2026-08-16T12:00:00+00:00,5,137.0,0,Linked live river forecast reach,12.739629587158563
MP0230_Budra,Budhara,Morena,Ganga,Yamuna,26.636111111111113,78.435,441132909,6,2026-08-16T15:00:00+00:00,6,141.4,0,Linked live river forecast reach,12.739629587158563
MP0230_Budra,Budhara,Morena,Ganga,Yamuna,26.636111111111113,78.435,441132909,6,2026-08-16T18:00:00+00:00,6,146.1,0,Linked live river forecast reach,12.739629587158563
MP0230_Budra,Budhara,Morena,Ganga,Yamuna,26.636111111111113,78.435,441132909,6,2026-08-16T21:00:00+00:00,6,149.7,0,Linked live river forecast reach,12.739629587158563
MP0230_Budra,Budhara,Morena,Ganga,Yamuna,26.636111111111113,78.435,441132909,6,2026-08-17T00:00:00+00:00,6,152.3,0,Linked live river forecast reach,12.739629587158563
MP0230_Budra,Budhara,Morena,Ganga,Yamuna,26.636111111111113,78.435,441132909,6,2026-08-17T03:00:00+00:00,6,154.6,0,Linked live river forecast reach,12.739629587158563
MP0230_Budra,Budhara,Morena,Ganga,Yamuna,26.636111111111113,78.435,441132909,6,2026-08-17T06:00:00+00:00,6,155.8,0,Linked live river forecast reach,12.739629587158563
MP0230_Budra,Budhara,Morena,Ganga,Yamuna,26.636111111111113,78.435,441132909,6,2026-08-17T09:00:00+00:00,6,156.0,0,Linked live river forecast reach,12.739629587158563
MP0230_Budra,Budhara,Morena,Ganga,Yamuna,26.636111111111113,78.435,441132909,6,2026-08-17T12:00:00+00:00,6,155.3,0,Linked live river forecast reach,12.739629587158563
MP0230_Budra,Budhara,Morena,Ganga,Yamuna,26.636111111111113,78.435,441132909,6,2026-08-17T15:00:00+00:00,7,154.3,0,Linked live river forecast reach,12.739629587158563
MP0230_Didi,Didi,Bhind,Ganga,Yamuna,26.608333333333334,78.825,441048975,3,2026-08-10T15:00:00+00:00,0,1.0,0,Linked live river forecast reach,1665.2812894878923
MP0230_Didi,Didi,Bhind,Ganga,Yamuna,26.608333333333334,78.825,441048975,3,2026-08-10T18:00:00+00:00,0,2.2,0,Linked live river forecast reach,1665.2812894878923
MP0230_Didi,Didi,Bhind,Ganga,Yamuna,26.608333333333334,78.825,441048975,3,2026-08-10T21:00:00+00:00,0,3.2,0,Linked live river forecast reach,1665.2812894878923
MP0230_Didi,Didi,Bhind,Ganga,Yamuna,26.608333333333334,78.825,441048975,3,2026-08-11T00:00:00+00:00,0,3.2,0,Linked live river forecast reach,1665.2812894878923
MP0230_Didi,Didi,Bhind,Ganga,Yamuna,26.608333333333334,78.825,441048975,3,2026-08-11T03:00:00+00:00,0,2.4,0,Linked live river forecast reach,1665.2812894878923
MP0230_Didi,Didi,Bhind,Ganga,Yamuna,26.608333333333334,78.825,441048975,3,2026-08-11T06:00:00+00:00,0,1.7,0,Linked live river forecast reach,1665.2812894878923
MP0230_Didi,Didi,Bhind,Ganga,Yamuna,26.608333333333334,78.825,441048975,3,2026-08-11T09:00:00+00:00,0,1.2,0,Linked live river forecast reach,1665.2812894878923
MP0230_Didi,Didi,Bhind,Ganga,Yamuna,26.608333333333334,78.825,441048975,3,2026-08-11T12:00:00+00:00,0,1.0,0,Linked live river forecast reach,1665.2812894878923
MP0230_Didi,Didi,Bhind,Ganga,Yamuna,26.608333333333334,78.825,441048975,3,2026-08-11T15:00:00+00:00,1,1.1,0,Linked live river forecast reach,1665.2812894878923
MP0230_Didi,Didi,Bhind,Ganga,Yamuna,26.608333333333334,78.825,441048975,3,2026-08-11T18:00:00+00:00,1,1.3,0,Linked live river forecast reach,1665.2812894878923
MP0230_Didi,Didi,Bhind,Ganga,Yamuna,26.608333333333334,78.825,441048975,3,2026-08-11T21:00:00+00:00,1,1.4,0,Linked live river forecast reach,1665.2812894878923
MP0230_Didi,Didi,Bhind,Ganga,Yamuna,26.608333333333334,78.825,441048975,3,2026-08-12T00:00:00+00:00,1,1.3,0,Linked live river forecast reach,1665.2812894878923
MP0230_Didi,Didi,Bhind,Ganga,Yamuna,26.608333333333334,78.825,441048975,3,2026-08-12T03:00:00+00:00,1,1.1,0,Linked live river forecast reach,1665.2812894878923
MP0230_Didi,Didi,Bhind,Ganga,Yamuna,26.608333333333334,78.825,441048975,3,2026-08-12T06:00:00+00:00,1,0.8,0,Linked live river forecast reach,1665.2812894878923
MP0230_Didi,Didi,Bhind,Ganga,Yamuna,26.608333333333334,78.825,441048975,3,2026-08-12T09:00:00+00:00,1,0.6,0,Linked live river forecast reach,1665.2812894878923
MP0230_Didi,Didi,Bhind,Ganga,Yamuna,26.608333333333334,78.825,441048975,3,2026-08-12T12:00:00+00:00,1,0.5,0,Linked live river forecast reach,1665.2812894878923
MP0230_Didi,Didi,Bhind,Ganga,Yamuna,26.608333333333334,78.825,441048975,3,2026-08-12T15:00:00+00:00,2,0.5,0,Linked live river forecast reach,1665.2812894878923
MP0230_Didi,Didi,Bhind,Ganga,Yamuna,26.608333333333334,78.825,441048975,3,2026-08-12T18:00:00+00:00,2,0.5,0,Linked live river forecast reach,1665.2812894878923
MP0230_Didi,Didi,Bhind,Ganga,Yamuna,26.608333333333334,78.825,441048975,3,2026-08-12T21:00:00+00:00,2,0.4,0,Linked live river forecast reach,1665.2812894878923
MP0230_Didi,Didi,Bhind,Ganga,Yamuna,26.608333333333334,78.825,441048975,3,2026-08-13T00:00:00+00:00,2,0.4,0,Linked live river forecast reach,1665.2812894878923
MP0230_Didi,Didi,Bhind,Ganga,Yamuna,26.608333333333334,78.825,441048975,3,2026-08-13T03:00:00+00:00,2,0.4,0,Linked live river forecast reach,1665.2812894878923
MP0230_Didi,Didi,Bhind,Ganga,Yamuna,26.608333333333334,78.825,441048975,3,2026-08-13T06:00:00+00:00,2,0.5,0,Linked live river forecast reach,1665.2812894878923
MP0230_Didi,Didi,Bhind,Ganga,Yamuna,26.608333333333334,78.825,441048975,3,2026-08-13T09:00:00+00:00,2,0.5,0,Linked live river forecast reach,1665.2812894878923
MP0230_Didi,Didi,Bhind,Ganga,Yamuna,26.608333333333334,78.825,441048975,3,2026-08-13T12:00:00+00:00,2,0.7,0,Linked live river forecast reach,1665.2812894878923
MP0230_Didi,Didi,Bhind,Ganga,Yamuna,26.608333333333334,78.825,441048975,3,2026-08-13T15:00:00+00:00,3,1.1,0,Linked live river forecast reach,1665.2812894878923
MP0230_Didi,Didi,Bhind,Ganga,Yamuna,26.608333333333334,78.825,441048975,3,2026-08-13T18:00:00+00:00,3,1.7,0,Linked live river forecast reach,1665.2812894878923
MP0230_Didi,Didi,Bhind,Ganga,Yamuna,26.608333333333334,78.825,441048975,3,2026-08-13T21:00:00+00:00,3,2.0,0,Linked live river forecast reach,1665.2812894878923
MP0230_Didi,Didi,Bhind,Ganga,Yamuna,26.608333333333334,78.825,441048975,3,2026-08-14T00:00:00+00:00,3,1.6,0,Linked live river forecast reach,1665.2812894878923
MP0230_Didi,Didi,Bhind,Ganga,Yamuna,26.608333333333334,78.825,441048975,3,2026-08-14T03:00:00+00:00,3,1.1,0,Linked live river forecast reach,1665.2812894878923
MP0230_Didi,Didi,Bhind,Ganga,Yamuna,26.608333333333334,78.825,441048975,3,2026-08-14T06:00:00+00:00,3,0.7,0,Linked live river forecast reach,1665.2812894878923
MP0230_Didi,Didi,Bhind,Ganga,Yamuna,26.608333333333334,78.825,441048975,3,2026-08-14T09:00:00+00:00,3,0.6,0,Linked live river forecast reach,1665.2812894878923
MP0230_Didi,Didi,Bhind,Ganga,Yamuna,26.608333333333334,78.825,441048975,3,2026-08-14T12:00:00+00:00,3,0.7,0,Linked live river forecast reach,1665.2812894878923
MP0230_Didi,Didi,Bhind,Ganga,Yamuna,26.608333333333334,78.825,441048975,3,2026-08-14T15:00:00+00:00,4,1.0,0,Linked live river forecast reach,1665.2812894878923
MP0230_Didi,Didi,Bhind,Ganga,Yamuna,26.608333333333334,78.825,441048975,3,2026-08-14T18:00:00+00:00,4,1.2,0,Linked live river forecast reach,1665.2812894878923
MP0230_Didi,Didi,Bhind,Ganga,Yamuna,26.608333333333334,78.825,441048975,3,2026-08-14T21:00:00+00:00,4,1.6,0,Linked live river forecast reach,1665.2812894878923
MP0230_Didi,Didi,Bhind,Ganga,Yamuna,26.608333333333334,78.825,441048975,3,2026-08-15T00:00:00+00:00,4,2.4,0,Linked live river forecast reach,1665.2812894878923
MP0230_Didi,Didi,Bhind,Ganga,Yamuna,26.608333333333334,78.825,441048975,3,2026-08-15T03:00:00+00:00,4,3.0,0,Linked live river forecast reach,1665.2812894878923
MP0230_Didi,Didi,Bhind,Ganga,Yamuna,26.608333333333334,78.825,441048975,3,2026-08-15T06:00:00+00:00,4,2.8,0,Linked live river forecast reach,1665.2812894878923
MP0230_Didi,Didi,Bhind,Ganga,Yamuna,26.608333333333334,78.825,441048975,3,2026-08-15T09:00:00+00:00,4,2.2,0,Linked live river forecast reach,1665.2812894878923
MP0230_Didi,Didi,Bhind,Ganga,Yamuna,26.608333333333334,78.825,441048975,3,2026-08-15T12:00:00+00:00,4,1.7,0,Linked live river forecast reach,1665.2812894878923
MP0230_Didi,Didi,Bhind,Ganga,Yamuna,26.608333333333334,78.825,441048975,3,2026-08-15T15:00:00+00:00,5,1.3,0,Linked live river forecast reach,1665.2812894878923
MP0230_Didi,Didi,Bhind,Ganga,Yamuna,26.608333333333334,78.825,441048975,3,2026-08-15T18:00:00+00:00,5,1.3,0,Linked live river forecast reach,1665.2812894878923
MP0230_Didi,Didi,Bhind,Ganga,Yamuna,26.608333333333334,78.825,441048975,3,2026-08-15T21:00:00+00:00,5,1.3,0,Linked live river forecast reach,1665.2812894878923
MP0230_Didi,Didi,Bhind,Ganga,Yamuna,26.608333333333334,78.825,441048975,3,2026-08-16T00:00:00+00:00,5,1.6,0,Linked live river forecast reach,1665.2812894878923
MP0230_Didi,Didi,Bhind,Ganga,Yamuna,26.608333333333334,78.825,441048975,3,2026-08-16T03:00:00+00:00,5,2.0,0,Linked live river forecast reach,1665.2812894878923
MP0230_Didi,Didi,Bhind,Ganga,Yamuna,26.608333333333334,78.825,441048975,3,2026-08-16T06:00:00+00:00,5,2.2,0,Linked live river forecast reach,1665.2812894878923
MP0230_Didi,Didi,Bhind,Ganga,Yamuna,26.608333333333334,78.825,441048975,3,2026-08-16T09:00:00+00:00,5,2.3,0,Linked live river forecast reach,1665.2812894878923
MP0230_Didi,Didi,Bhind,Ganga,Yamuna,26.608333333333334,78.825,441048975,3,2026-08-16T12:00:00+00:00,5,2.0,0,Linked live river forecast reach,1665.2812894878923
MP0230_Didi,Didi,Bhind,Ganga,Yamuna,26.608333333333334,78.825,441048975,3,2026-08-16T15:00:00+00:00,6,1.5,0,Linked live river forecast reach,1665.2812894878923
MP0230_Didi,Didi,Bhind,Ganga,Yamuna,26.608333333333334,78.825,441048975,3,2026-08-16T18:00:00+00:00,6,1.4,0,Linked live river forecast reach,1665.2812894878923
MP0230_Didi,Didi,Bhind,Ganga,Yamuna,26.608333333333334,78.825,441048975,3,2026-08-16T21:00:00+00:00,6,1.4,0,Linked live river forecast reach,1665.2812894878923
MP0230_Didi,Didi,Bhind,Ganga,Yamuna,26.608333333333334,78.825,441048975,3,2026-08-17T00:00:00+00:00,6,1.2,0,Linked live river forecast reach,1665.2812894878923
MP0230_Didi,Didi,Bhind,Ganga,Yamuna,26.608333333333334,78.825,441048975,3,2026-08-17T03:00:00+00:00,6,1.1,0,Linked live river forecast reach,1665.2812894878923
MP0230_Didi,Didi,Bhind,Ganga,Yamuna,26.608333333333334,78.825,441048975,3,2026-08-17T06:00:00+00:00,6,1.1,0,Linked live river forecast reach,1665.2812894878923
MP0230_Didi,Didi,Bhind,Ganga,Yamuna,26.608333333333334,78.825,441048975,3,2026-08-17T09:00:00+00:00,6,1.0,0,Linked live river forecast reach,1665.2812894878923
MP0230_Didi,Didi,Bhind,Ganga,Yamuna,26.608333333333334,78.825,441048975,3,2026-08-17T12:00:00+00:00,6,0.8,0,Linked live river forecast reach,1665.2812894878923
MP0230_Didi,Didi,Bhind,Ganga,Yamuna,26.608333333333334,78.825,441048975,3,2026-08-17T15:00:00+00:00,7,0.6,0,Linked live river forecast reach,1665.2812894878923
MP0230_Dimni,Dimni,Morena,Ganga,Yamuna,26.6,78.16472222222222,441105390,5,2026-08-10T15:00:00+00:00,0,160.7,0,Linked live river forecast reach,845.645440825395
MP0230_Dimni,Dimni,Morena,Ganga,Yamuna,26.6,78.16472222222222,441105390,5,2026-08-10T18:00:00+00:00,0,160.0,0,Linked live river forecast reach,845.645440825395
MP0230_Dimni,Dimni,Morena,Ganga,Yamuna,26.6,78.16472222222222,441105390,5,2026-08-10T21:00:00+00:00,0,158.5,0,Linked live river forecast reach,845.645440825395
MP0230_Dimni,Dimni,Morena,Ganga,Yamuna,26.6,78.16472222222222,441105390,5,2026-08-11T00:00:00+00:00,0,155.7,0,Linked live river forecast reach,845.645440825395
MP0230_Dimni,Dimni,Morena,Ganga,Yamuna,26.6,78.16472222222222,441105390,5,2026-08-11T03:00:00+00:00,0,151.8,0,Linked live river forecast reach,845.645440825395
MP0230_Dimni,Dimni,Morena,Ganga,Yamuna,26.6,78.16472222222222,441105390,5,2026-08-11T06:00:00+00:00,0,147.6,0,Linked live river forecast reach,845.645440825395
MP0230_Dimni,Dimni,Morena,Ganga,Yamuna,26.6,78.16472222222222,441105390,5,2026-08-11T09:00:00+00:00,0,142.7,0,Linked live river forecast reach,845.645440825395
MP0230_Dimni,Dimni,Morena,Ganga,Yamuna,26.6,78.16472222222222,441105390,5,2026-08-11T12:00:00+00:00,0,137.7,0,Linked live river forecast reach,845.645440825395
MP0230_Dimni,Dimni,Morena,Ganga,Yamuna,26.6,78.16472222222222,441105390,5,2026-08-11T15:00:00+00:00,1,132.8,0,Linked live river forecast reach,845.645440825395
MP0230_Dimni,Dimni,Morena,Ganga,Yamuna,26.6,78.16472222222222,441105390,5,2026-08-11T18:00:00+00:00,1,128.2,0,Linked live river forecast reach,845.645440825395
MP0230_Dimni,Dimni,Morena,Ganga,Yamuna,26.6,78.16472222222222,441105390,5,2026-08-11T21:00:00+00:00,1,123.2,0,Linked live river forecast reach,845.645440825395
MP0230_Dimni,Dimni,Morena,Ganga,Yamuna,26.6,78.16472222222222,441105390,5,2026-08-12T00:00:00+00:00,1,118.1,0,Linked live river forecast reach,845.645440825395
MP0230_Dimni,Dimni,Morena,Ganga,Yamuna,26.6,78.16472222222222,441105390,5,2026-08-12T03:00:00+00:00,1,113.0,0,Linked live river forecast reach,845.645440825395
MP0230_Dimni,Dimni,Morena,Ganga,Yamuna,26.6,78.16472222222222,441105390,5,2026-08-12T06:00:00+00:00,1,107.8,0,Linked live river forecast reach,845.645440825395
MP0230_Dimni,Dimni,Morena,Ganga,Yamuna,26.6,78.16472222222222,441105390,5,2026-08-12T09:00:00+00:00,1,102.4,0,Linked live river forecast reach,845.645440825395
MP0230_Dimni,Dimni,Morena,Ganga,Yamuna,26.6,78.16472222222222,441105390,5,2026-08-12T12:00:00+00:00,1,97.3,0,Linked live river forecast reach,845.645440825395
MP0230_Dimni,Dimni,Morena,Ganga,Yamuna,26.6,78.16472222222222,441105390,5,2026-08-12T15:00:00+00:00,2,92.3,0,Linked live river forecast reach,845.645440825395
MP0230_Dimni,Dimni,Morena,Ganga,Yamuna,26.6,78.16472222222222,441105390,5,2026-08-12T18:00:00+00:00,2,87.4,0,Linked live river forecast reach,845.645440825395
MP0230_Dimni,Dimni,Morena,Ganga,Yamuna,26.6,78.16472222222222,441105390,5,2026-08-12T21:00:00+00:00,2,82.8,0,Linked live river forecast reach,845.645440825395
MP0230_Dimni,Dimni,Morena,Ganga,Yamuna,26.6,78.16472222222222,441105390,5,2026-08-13T00:00:00+00:00,2,78.6,0,Linked live river forecast reach,845.645440825395
MP0230_Dimni,Dimni,Morena,Ganga,Yamuna,26.6,78.16472222222222,441105390,5,2026-08-13T03:00:00+00:00,2,74.6,0,Linked live river forecast reach,845.645440825395
MP0230_Dimni,Dimni,Morena,Ganga,Yamuna,26.6,78.16472222222222,441105390,5,2026-08-13T06:00:00+00:00,2,71.4,0,Linked live river forecast reach,845.645440825395
MP0230_Dimni,Dimni,Morena,Ganga,Yamuna,26.6,78.16472222222222,441105390,5,2026-08-13T09:00:00+00:00,2,69.1,0,Linked live river forecast reach,845.645440825395
MP0230_Dimni,Dimni,Morena,Ganga,Yamuna,26.6,78.16472222222222,441105390,5,2026-08-13T12:00:00+00:00,2,67.6,0,Linked live river forecast reach,845.645440825395
MP0230_Dimni,Dimni,Morena,Ganga,Yamuna,26.6,78.16472222222222,441105390,5,2026-08-13T15:00:00+00:00,3,67.2,0,Linked live river forecast reach,845.645440825395
MP0230_Dimni,Dimni,Morena,Ganga,Yamuna,26.6,78.16472222222222,441105390,5,2026-08-13T18:00:00+00:00,3,67.7,0,Linked live river forecast reach,845.645440825395
MP0230_Dimni,Dimni,Morena,Ganga,Yamuna,26.6,78.16472222222222,441105390,5,2026-08-13T21:00:00+00:00,3,68.2,0,Linked live river forecast reach,845.645440825395
MP0230_Dimni,Dimni,Morena,Ganga,Yamuna,26.6,78.16472222222222,441105390,5,2026-08-14T00:00:00+00:00,3,68.7,0,Linked live river forecast reach,845.645440825395
MP0230_Dimni,Dimni,Morena,Ganga,Yamuna,26.6,78.16472222222222,441105390,5,2026-08-14T03:00:00+00:00,3,69.4,0,Linked live river forecast reach,845.645440825395
MP0230_Dimni,Dimni,Morena,Ganga,Yamuna,26.6,78.16472222222222,441105390,5,2026-08-14T06:00:00+00:00,3,70.6,0,Linked live river forecast reach,845.645440825395
MP0230_Dimni,Dimni,Morena,Ganga,Yamuna,26.6,78.16472222222222,441105390,5,2026-08-14T09:00:00+00:00,3,72.5,0,Linked live river forecast reach,845.645440825395
MP0230_Dimni,Dimni,Morena,Ganga,Yamuna,26.6,78.16472222222222,441105390,5,2026-08-14T12:00:00+00:00,3,74.4,0,Linked live river forecast reach,845.645440825395
MP0230_Dimni,Dimni,Morena,Ganga,Yamuna,26.6,78.16472222222222,441105390,5,2026-08-14T15:00:00+00:00,4,75.5,0,Linked live river forecast reach,845.645440825395
MP0230_Dimni,Dimni,Morena,Ganga,Yamuna,26.6,78.16472222222222,441105390,5,2026-08-14T18:00:00+00:00,4,76.8,0,Linked live river forecast reach,845.645440825395
MP0230_Dimni,Dimni,Morena,Ganga,Yamuna,26.6,78.16472222222222,441105390,5,2026-08-14T21:00:00+00:00,4,78.1,0,Linked live river forecast reach,845.645440825395
MP0230_Dimni,Dimni,Morena,Ganga,Yamuna,26.6,78.16472222222222,441105390,5,2026-08-15T00:00:00+00:00,4,79.0,0,Linked live river forecast reach,845.645440825395
MP0230_Dimni,Dimni,Morena,Ganga,Yamuna,26.6,78.16472222222222,441105390,5,2026-08-15T03:00:00+00:00,4,79.2,0,Linked live river forecast reach,845.645440825395
MP0230_Dimni,Dimni,Morena,Ganga,Yamuna,26.6,78.16472222222222,441105390,5,2026-08-15T06:00:00+00:00,4,79.6,0,Linked live river forecast reach,845.645440825395
MP0230_Dimni,Dimni,Morena,Ganga,Yamuna,26.6,78.16472222222222,441105390,5,2026-08-15T09:00:00+00:00,4,79.8,0,Linked live river forecast reach,845.645440825395
MP0230_Dimni,Dimni,Morena,Ganga,Yamuna,26.6,78.16472222222222,441105390,5,2026-08-15T12:00:00+00:00,4,79.1,0,Linked live river forecast reach,845.645440825395
MP0230_Dimni,Dimni,Morena,Ganga,Yamuna,26.6,78.16472222222222,441105390,5,2026-08-15T15:00:00+00:00,5,78.3,0,Linked live river forecast reach,845.645440825395
MP0230_Dimni,Dimni,Morena,Ganga,Yamuna,26.6,78.16472222222222,441105390,5,2026-08-15T18:00:00+00:00,5,77.4,0,Linked live river forecast reach,845.645440825395
MP0230_Dimni,Dimni,Morena,Ganga,Yamuna,26.6,78.16472222222222,441105390,5,2026-08-15T21:00:00+00:00,5,75.8,0,Linked live river forecast reach,845.645440825395
MP0230_Dimni,Dimni,Morena,Ganga,Yamuna,26.6,78.16472222222222,441105390,5,2026-08-16T00:00:00+00:00,5,73.5,0,Linked live river forecast reach,845.645440825395
MP0230_Dimni,Dimni,Morena,Ganga,Yamuna,26.6,78.16472222222222,441105390,5,2026-08-16T03:00:00+00:00,5,70.6,0,Linked live river forecast reach,845.645440825395
MP0230_Dimni,Dimni,Morena,Ganga,Yamuna,26.6,78.16472222222222,441105390,5,2026-08-16T06:00:00+00:00,5,67.5,0,Linked live river forecast reach,845.645440825395
MP0230_Dimni,Dimni,Morena,Ganga,Yamuna,26.6,78.16472222222222,441105390,5,2026-08-16T09:00:00+00:00,5,64.8,0,Linked live river forecast reach,845.645440825395
MP0230_Dimni,Dimni,Morena,Ganga,Yamuna,26.6,78.16472222222222,441105390,5,2026-08-16T12:00:00+00:00,5,62.6,0,Linked live river forecast reach,845.645440825395
MP0230_Dimni,Dimni,Morena,Ganga,Yamuna,26.6,78.16472222222222,441105390,5,2026-08-16T15:00:00+00:00,6,61.3,0,Linked live river forecast reach,845.645440825395
MP0230_Dimni,Dimni,Morena,Ganga,Yamuna,26.6,78.16472222222222,441105390,5,2026-08-16T18:00:00+00:00,6,60.8,0,Linked live river forecast reach,845.645440825395
MP0230_Dimni,Dimni,Morena,Ganga,Yamuna,26.6,78.16472222222222,441105390,5,2026-08-16T21:00:00+00:00,6,60.6,0,Linked live river forecast reach,845.645440825395
MP0230_Dimni,Dimni,Morena,Ganga,Yamuna,26.6,78.16472222222222,441105390,5,2026-08-17T00:00:00+00:00,6,60.4,0,Linked live river forecast reach,845.645440825395
MP0230_Dimni,Dimni,Morena,Ganga,Yamuna,26.6,78.16472222222222,441105390,5,2026-08-17T03:00:00+00:00,6,60.3,0,Linked live river forecast reach,845.645440825395
MP0230_Dimni,Dimni,Morena,Ganga,Yamuna,26.6,78.16472222222222,441105390,5,2026-08-17T06:00:00+00:00,6,60.1,0,Linked live river forecast reach,845.645440825395
MP0230_Dimni,Dimni,Morena,Ganga,Yamuna,26.6,78.16472222222222,441105390,5,2026-08-17T09:00:00+00:00,6,60.1,0,Linked live river forecast reach,845.645440825395
MP0230_Dimni,Dimni,Morena,Ganga,Yamuna,26.6,78.16472222222222,441105390,5,2026-08-17T12:00:00+00:00,6,60.2,0,Linked live river forecast reach,845.645440825395
MP0230_Dimni,Dimni,Morena,Ganga,Yamuna,26.6,78.16472222222222,441105390,5,2026-08-17T15:00:00+00:00,7,60.6,0,Linked live river forecast reach,845.645440825395
MP0230_LMCAQ,LMC_AQ,Morena,Ganga,Yamuna,26.216666666666665,77.63333333333334,440725631,2,2026-08-10T15:00:00+00:00,0,1.0,0,Linked live river forecast reach,297.13525113649666
MP0230_LMCAQ,LMC_AQ,Morena,Ganga,Yamuna,26.216666666666665,77.63333333333334,440725631,2,2026-08-10T18:00:00+00:00,0,2.0,0,Linked live river forecast reach,297.13525113649666
MP0230_LMCAQ,LMC_AQ,Morena,Ganga,Yamuna,26.216666666666665,77.63333333333334,440725631,2,2026-08-10T21:00:00+00:00,0,2.6,0,Linked live river forecast reach,297.13525113649666
MP0230_LMCAQ,LMC_AQ,Morena,Ganga,Yamuna,26.216666666666665,77.63333333333334,440725631,2,2026-08-11T00:00:00+00:00,0,2.2,0,Linked live river forecast reach,297.13525113649666
MP0230_LMCAQ,LMC_AQ,Morena,Ganga,Yamuna,26.216666666666665,77.63333333333334,440725631,2,2026-08-11T03:00:00+00:00,0,2.4,0,Linked live river forecast reach,297.13525113649666
MP0230_LMCAQ,LMC_AQ,Morena,Ganga,Yamuna,26.216666666666665,77.63333333333334,440725631,2,2026-08-11T06:00:00+00:00,0,1.5,0,Linked live river forecast reach,297.13525113649666
MP0230_LMCAQ,LMC_AQ,Morena,Ganga,Yamuna,26.216666666666665,77.63333333333334,440725631,2,2026-08-11T09:00:00+00:00,0,1.8,0,Linked live river forecast reach,297.13525113649666
MP0230_LMCAQ,LMC_AQ,Morena,Ganga,Yamuna,26.216666666666665,77.63333333333334,440725631,2,2026-08-11T12:00:00+00:00,0,3.4,0,Linked live river forecast reach,297.13525113649666
MP0230_LMCAQ,LMC_AQ,Morena,Ganga,Yamuna,26.216666666666665,77.63333333333334,440725631,2,2026-08-11T15:00:00+00:00,1,4.5,0,Linked live river forecast reach,297.13525113649666
MP0230_LMCAQ,LMC_AQ,Morena,Ganga,Yamuna,26.216666666666665,77.63333333333334,440725631,2,2026-08-11T18:00:00+00:00,1,4.8,0,Linked live river forecast reach,297.13525113649666
MP0230_LMCAQ,LMC_AQ,Morena,Ganga,Yamuna,26.216666666666665,77.63333333333334,440725631,2,2026-08-11T21:00:00+00:00,1,3.5,0,Linked live river forecast reach,297.13525113649666
MP0230_LMCAQ,LMC_AQ,Morena,Ganga,Yamuna,26.216666666666665,77.63333333333334,440725631,2,2026-08-12T00:00:00+00:00,1,1.7,0,Linked live river forecast reach,297.13525113649666
MP0230_LMCAQ,LMC_AQ,Morena,Ganga,Yamuna,26.216666666666665,77.63333333333334,440725631,2,2026-08-12T03:00:00+00:00,1,0.6,0,Linked live river forecast reach,297.13525113649666
MP0230_LMCAQ,LMC_AQ,Morena,Ganga,Yamuna,26.216666666666665,77.63333333333334,440725631,2,2026-08-12T06:00:00+00:00,1,0.3,0,Linked live river forecast reach,297.13525113649666
MP0230_LMCAQ,LMC_AQ,Morena,Ganga,Yamuna,26.216666666666665,77.63333333333334,440725631,2,2026-08-12T09:00:00+00:00,1,0.3,0,Linked live river forecast reach,297.13525113649666
MP0230_LMCAQ,LMC_AQ,Morena,Ganga,Yamuna,26.216666666666665,77.63333333333334,440725631,2,2026-08-12T12:00:00+00:00,1,0.7,0,Linked live river forecast reach,297.13525113649666
MP0230_LMCAQ,LMC_AQ,Morena,Ganga,Yamuna,26.216666666666665,77.63333333333334,440725631,2,2026-08-12T15:00:00+00:00,2,0.9,0,Linked live river forecast reach,297.13525113649666
MP0230_LMCAQ,LMC_AQ,Morena,Ganga,Yamuna,26.216666666666665,77.63333333333334,440725631,2,2026-08-12T18:00:00+00:00,2,0.7,0,Linked live river forecast reach,297.13525113649666
MP0230_LMCAQ,LMC_AQ,Morena,Ganga,Yamuna,26.216666666666665,77.63333333333334,440725631,2,2026-08-12T21:00:00+00:00,2,0.8,0,Linked live river forecast reach,297.13525113649666
MP0230_LMCAQ,LMC_AQ,Morena,Ganga,Yamuna,26.216666666666665,77.63333333333334,440725631,2,2026-08-13T00:00:00+00:00,2,0.6,0,Linked live river forecast reach,297.13525113649666
MP0230_LMCAQ,LMC_AQ,Morena,Ganga,Yamuna,26.216666666666665,77.63333333333334,440725631,2,2026-08-13T03:00:00+00:00,2,0.6,0,Linked live river forecast reach,297.13525113649666
MP0230_LMCAQ,LMC_AQ,Morena,Ganga,Yamuna,26.216666666666665,77.63333333333334,440725631,2,2026-08-13T06:00:00+00:00,2,0.7,0,Linked live river forecast reach,297.13525113649666
MP0230_LMCAQ,LMC_AQ,Morena,Ganga,Yamuna,26.216666666666665,77.63333333333334,440725631,2,2026-08-13T09:00:00+00:00,2,0.8,0,Linked live river forecast reach,297.13525113649666
MP0230_LMCAQ,LMC_AQ,Morena,Ganga,Yamuna,26.216666666666665,77.63333333333334,440725631,2,2026-08-13T12:00:00+00:00,2,1.3,0,Linked live river forecast reach,297.13525113649666
MP0230_LMCAQ,LMC_AQ,Morena,Ganga,Yamuna,26.216666666666665,77.63333333333334,440725631,2,2026-08-13T15:00:00+00:00,3,1.3,0,Linked live river forecast reach,297.13525113649666
MP0230_LMCAQ,LMC_AQ,Morena,Ganga,Yamuna,26.216666666666665,77.63333333333334,440725631,2,2026-08-13T18:00:00+00:00,3,1.5,0,Linked live river forecast reach,297.13525113649666
MP0230_LMCAQ,LMC_AQ,Morena,Ganga,Yamuna,26.216666666666665,77.63333333333334,440725631,2,2026-08-13T21:00:00+00:00,3,1.4,0,Linked live river forecast reach,297.13525113649666
MP0230_LMCAQ,LMC_AQ,Morena,Ganga,Yamuna,26.216666666666665,77.63333333333334,440725631,2,2026-08-14T00:00:00+00:00,3,0.9,0,Linked live river forecast reach,297.13525113649666
MP0230_LMCAQ,LMC_AQ,Morena,Ganga,Yamuna,26.216666666666665,77.63333333333334,440725631,2,2026-08-14T03:00:00+00:00,3,1.2,0,Linked live river forecast reach,297.13525113649666
MP0230_LMCAQ,LMC_AQ,Morena,Ganga,Yamuna,26.216666666666665,77.63333333333334,440725631,2,2026-08-14T06:00:00+00:00,3,1.4,0,Linked live river forecast reach,297.13525113649666
MP0230_LMCAQ,LMC_AQ,Morena,Ganga,Yamuna,26.216666666666665,77.63333333333334,440725631,2,2026-08-14T09:00:00+00:00,3,2.0,0,Linked live river forecast reach,297.13525113649666
MP0230_LMCAQ,LMC_AQ,Morena,Ganga,Yamuna,26.216666666666665,77.63333333333334,440725631,2,2026-08-14T12:00:00+00:00,3,2.9,0,Linked live river forecast reach,297.13525113649666
MP0230_LMCAQ,LMC_AQ,Morena,Ganga,Yamuna,26.216666666666665,77.63333333333334,440725631,2,2026-08-14T15:00:00+00:00,4,2.3,0,Linked live river forecast reach,297.13525113649666
MP0230_LMCAQ,LMC_AQ,Morena,Ganga,Yamuna,26.216666666666665,77.63333333333334,440725631,2,2026-08-14T18:00:00+00:00,4,2.2,0,Linked live river forecast reach,297.13525113649666
MP0230_LMCAQ,LMC_AQ,Morena,Ganga,Yamuna,26.216666666666665,77.63333333333334,440725631,2,2026-08-14T21:00:00+00:00,4,2.2,0,Linked live river forecast reach,297.13525113649666
MP0230_LMCAQ,LMC_AQ,Morena,Ganga,Yamuna,26.216666666666665,77.63333333333334,440725631,2,2026-08-15T00:00:00+00:00,4,1.8,0,Linked live river forecast reach,297.13525113649666
MP0230_LMCAQ,LMC_AQ,Morena,Ganga,Yamuna,26.216666666666665,77.63333333333334,440725631,2,2026-08-15T03:00:00+00:00,4,2.3,0,Linked live river forecast reach,297.13525113649666
MP0230_LMCAQ,LMC_AQ,Morena,Ganga,Yamuna,26.216666666666665,77.63333333333334,440725631,2,2026-08-15T06:00:00+00:00,4,2.7,0,Linked live river forecast reach,297.13525113649666
MP0230_LMCAQ,LMC_AQ,Morena,Ganga,Yamuna,26.216666666666665,77.63333333333334,440725631,2,2026-08-15T09:00:00+00:00,4,3.2,0,Linked live river forecast reach,297.13525113649666
MP0230_LMCAQ,LMC_AQ,Morena,Ganga,Yamuna,26.216666666666665,77.63333333333334,440725631,2,2026-08-15T12:00:00+00:00,4,4.1,0,Linked live river forecast reach,297.13525113649666
MP0230_LMCAQ,LMC_AQ,Morena,Ganga,Yamuna,26.216666666666665,77.63333333333334,440725631,2,2026-08-15T15:00:00+00:00,5,3.9,0,Linked live river forecast reach,297.13525113649666
MP0230_LMCAQ,LMC_AQ,Morena,Ganga,Yamuna,26.216666666666665,77.63333333333334,440725631,2,2026-08-15T18:00:00+00:00,5,2.7,0,Linked live river forecast reach,297.13525113649666
MP0230_LMCAQ,LMC_AQ,Morena,Ganga,Yamuna,26.216666666666665,77.63333333333334,440725631,2,2026-08-15T21:00:00+00:00,5,2.6,0,Linked live river forecast reach,297.13525113649666
MP0230_LMCAQ,LMC_AQ,Morena,Ganga,Yamuna,26.216666666666665,77.63333333333334,440725631,2,2026-08-16T00:00:00+00:00,5,3.0,0,Linked live river forecast reach,297.13525113649666
MP0230_LMCAQ,LMC_AQ,Morena,Ganga,Yamuna,26.216666666666665,77.63333333333334,440725631,2,2026-08-16T03:00:00+00:00,5,3.0,0,Linked live river forecast reach,297.13525113649666
MP0230_LMCAQ,LMC_AQ,Morena,Ganga,Yamuna,26.216666666666665,77.63333333333334,440725631,2,2026-08-16T06:00:00+00:00,5,2.9,0,Linked live river forecast reach,297.13525113649666
MP0230_LMCAQ,LMC_AQ,Morena,Ganga,Yamuna,26.216666666666665,77.63333333333334,440725631,2,2026-08-16T09:00:00+00:00,5,2.1,0,Linked live river forecast reach,297.13525113649666
MP0230_LMCAQ,LMC_AQ,Morena,Ganga,Yamuna,26.216666666666665,77.63333333333334,440725631,2,2026-08-16T12:00:00+00:00,5,0.9,0,Linked live river forecast reach,297.13525113649666
MP0230_LMCAQ,LMC_AQ,Morena,Ganga,Yamuna,26.216666666666665,77.63333333333334,440725631,2,2026-08-16T15:00:00+00:00,6,1.1,0,Linked live river forecast reach,297.13525113649666
MP0230_LMCAQ,LMC_AQ,Morena,Ganga,Yamuna,26.216666666666665,77.63333333333334,440725631,2,2026-08-16T18:00:00+00:00,6,2.1,0,Linked live river forecast reach,297.13525113649666
MP0230_LMCAQ,LMC_AQ,Morena,Ganga,Yamuna,26.216666666666665,77.63333333333334,440725631,2,2026-08-16T21:00:00+00:00,6,2.1,0,Linked live river forecast reach,297.13525113649666
MP0230_LMCAQ,LMC_AQ,Morena,Ganga,Yamuna,26.216666666666665,77.63333333333334,440725631,2,2026-08-17T00:00:00+00:00,6,1.5,0,Linked live river forecast reach,297.13525113649666
MP0230_LMCAQ,LMC_AQ,Morena,Ganga,Yamuna,26.216666666666665,77.63333333333334,440725631,2,2026-08-17T03:00:00+00:00,6,1.3,0,Linked live river forecast reach,297.13525113649666
MP0230_LMCAQ,LMC_AQ,Morena,Ganga,Yamuna,26.216666666666665,77.63333333333334,440725631,2,2026-08-17T06:00:00+00:00,6,1.3,0,Linked live river forecast reach,297.13525113649666
MP0230_LMCAQ,LMC_AQ,Morena,Ganga,Yamuna,26.216666666666665,77.63333333333334,440725631,2,2026-08-17T09:00:00+00:00,6,1.0,0,Linked live river forecast reach,297.13525113649666
MP0230_LMCAQ,LMC_AQ,Morena,Ganga,Yamuna,26.216666666666665,77.63333333333334,440725631,2,2026-08-17T12:00:00+00:00,6,0.6,0,Linked live river forecast reach,297.13525113649666
MP0230_LMCAQ,LMC_AQ,Morena,Ganga,Yamuna,26.216666666666665,77.63333333333334,440725631,2,2026-08-17T15:00:00+00:00,7,0.4,0,Linked live river forecast reach,297.13525113649666
MP0230_Vjpur,Vijaypur,Sheopur,Ganga,Yamuna,26.05,77.38333333333334,440615558,2,2026-08-10T15:00:00+00:00,0,1.2,0,Linked live river forecast reach,83.06632807234385
MP0240_Amola,Amola,Shivpuri,Ganga,Yamuna,25.425,77.80833333333334,440223426,2,2026-08-10T15:00:00+00:00,0,1.2,0,Linked live river forecast reach,2959.673471667251
MP0240_BEGWN,Begwan,Shivpuri,Ganga,Yamuna,25.645833333333332,78.1,441176984,5,2026-08-10T15:00:00+00:00,0,95.1,0,Linked live river forecast reach,882.1090179068464
MP0240_BEGWN,Begwan,Shivpuri,Ganga,Yamuna,25.645833333333332,78.1,441176984,5,2026-08-10T18:00:00+00:00,0,98.4,0,Linked live river forecast reach,882.1090179068464
MP0240_BEGWN,Begwan,Shivpuri,Ganga,Yamuna,25.645833333333332,78.1,441176984,5,2026-08-10T21:00:00+00:00,0,102.6,0,Linked live river forecast reach,882.1090179068464
MP0240_BEGWN,Begwan,Shivpuri,Ganga,Yamuna,25.645833333333332,78.1,441176984,5,2026-08-11T00:00:00+00:00,0,105.3,0,Linked live river forecast reach,882.1090179068464
MP0240_BEGWN,Begwan,Shivpuri,Ganga,Yamuna,25.645833333333332,78.1,441176984,5,2026-08-11T03:00:00+00:00,0,105.0,0,Linked live river forecast reach,882.1090179068464
MP0240_BEGWN,Begwan,Shivpuri,Ganga,Yamuna,25.645833333333332,78.1,441176984,5,2026-08-11T06:00:00+00:00,0,103.3,0,Linked live river forecast reach,882.1090179068464
MP0240_BEGWN,Begwan,Shivpuri,Ganga,Yamuna,25.645833333333332,78.1,441176984,5,2026-08-11T09:00:00+00:00,0,104.6,0,Linked live river forecast reach,882.1090179068464
MP0240_BEGWN,Begwan,Shivpuri,Ganga,Yamuna,25.645833333333332,78.1,441176984,5,2026-08-11T12:00:00+00:00,0,109.4,0,Linked live river forecast reach,882.1090179068464
MP0240_BEGWN,Begwan,Shivpuri,Ganga,Yamuna,25.645833333333332,78.1,441176984,5,2026-08-11T15:00:00+00:00,1,116.8,0,Linked live river forecast reach,882.1090179068464
MP0240_BEGWN,Begwan,Shivpuri,Ganga,Yamuna,25.645833333333332,78.1,441176984,5,2026-08-11T18:00:00+00:00,1,127.3,0,Linked live river forecast reach,882.1090179068464
MP0240_BEGWN,Begwan,Shivpuri,Ganga,Yamuna,25.645833333333332,78.1,441176984,5,2026-08-11T21:00:00+00:00,1,138.4,0,Linked live river forecast reach,882.1090179068464
MP0240_BEGWN,Begwan,Shivpuri,Ganga,Yamuna,25.645833333333332,78.1,441176984,5,2026-08-12T00:00:00+00:00,1,148.3,0,Linked live river forecast reach,882.1090179068464
MP0240_BEGWN,Begwan,Shivpuri,Ganga,Yamuna,25.645833333333332,78.1,441176984,5,2026-08-12T03:00:00+00:00,1,155.4,0,Linked live river forecast reach,882.1090179068464
MP0240_BEGWN,Begwan,Shivpuri,Ganga,Yamuna,25.645833333333332,78.1,441176984,5,2026-08-12T06:00:00+00:00,1,159.3,0,Linked live river forecast reach,882.1090179068464
MP0240_BEGWN,Begwan,Shivpuri,Ganga,Yamuna,25.645833333333332,78.1,441176984,5,2026-08-12T09:00:00+00:00,1,162.7,0,Linked live river forecast reach,882.1090179068464
MP0240_BEGWN,Begwan,Shivpuri,Ganga,Yamuna,25.645833333333332,78.1,441176984,5,2026-08-12T12:00:00+00:00,1,167.4,0,Linked live river forecast reach,882.1090179068464
MP0240_BEGWN,Begwan,Shivpuri,Ganga,Yamuna,25.645833333333332,78.1,441176984,5,2026-08-12T15:00:00+00:00,2,175.6,0,Linked live river forecast reach,882.1090179068464
MP0240_BEGWN,Begwan,Shivpuri,Ganga,Yamuna,25.645833333333332,78.1,441176984,5,2026-08-12T18:00:00+00:00,2,187.5,0,Linked live river forecast reach,882.1090179068464
MP0240_BEGWN,Begwan,Shivpuri,Ganga,Yamuna,25.645833333333332,78.1,441176984,5,2026-08-12T21:00:00+00:00,2,199.9,0,Linked live river forecast reach,882.1090179068464
MP0240_BEGWN,Begwan,Shivpuri,Ganga,Yamuna,25.645833333333332,78.1,441176984,5,2026-08-13T00:00:00+00:00,2,209.8,0,Linked live river forecast reach,882.1090179068464
MP0240_BEGWN,Begwan,Shivpuri,Ganga,Yamuna,25.645833333333332,78.1,441176984,5,2026-08-13T03:00:00+00:00,2,218.0,0,Linked live river forecast reach,882.1090179068464
MP0240_BEGWN,Begwan,Shivpuri,Ganga,Yamuna,25.645833333333332,78.1,441176984,5,2026-08-13T06:00:00+00:00,2,225.3,0,Linked live river forecast reach,882.1090179068464
MP0240_BEGWN,Begwan,Shivpuri,Ganga,Yamuna,25.645833333333332,78.1,441176984,5,2026-08-13T09:00:00+00:00,2,233.1,0,Linked live river forecast reach,882.1090179068464
MP0240_BEGWN,Begwan,Shivpuri,Ganga,Yamuna,25.645833333333332,78.1,441176984,5,2026-08-13T12:00:00+00:00,2,242.0,0,Linked live river forecast reach,882.1090179068464
MP0240_BEGWN,Begwan,Shivpuri,Ganga,Yamuna,25.645833333333332,78.1,441176984,5,2026-08-13T15:00:00+00:00,3,251.4,0,Linked live river forecast reach,882.1090179068464
MP0240_BEGWN,Begwan,Shivpuri,Ganga,Yamuna,25.645833333333332,78.1,441176984,5,2026-08-13T18:00:00+00:00,3,261.2,0,Linked live river forecast reach,882.1090179068464
MP0240_BEGWN,Begwan,Shivpuri,Ganga,Yamuna,25.645833333333332,78.1,441176984,5,2026-08-13T21:00:00+00:00,3,269.2,0,Linked live river forecast reach,882.1090179068464
MP0240_BEGWN,Begwan,Shivpuri,Ganga,Yamuna,25.645833333333332,78.1,441176984,5,2026-08-14T00:00:00+00:00,3,274.6,0,Linked live river forecast reach,882.1090179068464
MP0240_BEGWN,Begwan,Shivpuri,Ganga,Yamuna,25.645833333333332,78.1,441176984,5,2026-08-14T03:00:00+00:00,3,278.7,0,Linked live river forecast reach,882.1090179068464
MP0240_BEGWN,Begwan,Shivpuri,Ganga,Yamuna,25.645833333333332,78.1,441176984,5,2026-08-14T06:00:00+00:00,3,282.3,0,Linked live river forecast reach,882.1090179068464
MP0240_BEGWN,Begwan,Shivpuri,Ganga,Yamuna,25.645833333333332,78.1,441176984,5,2026-08-14T09:00:00+00:00,3,287.1,0,Linked live river forecast reach,882.1090179068464
MP0240_BEGWN,Begwan,Shivpuri,Ganga,Yamuna,25.645833333333332,78.1,441176984,5,2026-08-14T12:00:00+00:00,3,295.5,0,Linked live river forecast reach,882.1090179068464
MP0240_BEGWN,Begwan,Shivpuri,Ganga,Yamuna,25.645833333333332,78.1,441176984,5,2026-08-14T15:00:00+00:00,4,307.8,0,Linked live river forecast reach,882.1090179068464
MP0240_BEGWN,Begwan,Shivpuri,Ganga,Yamuna,25.645833333333332,78.1,441176984,5,2026-08-14T18:00:00+00:00,4,319.7,0,Linked live river forecast reach,882.1090179068464
MP0240_BEGWN,Begwan,Shivpuri,Ganga,Yamuna,25.645833333333332,78.1,441176984,5,2026-08-14T21:00:00+00:00,4,329.1,0,Linked live river forecast reach,882.1090179068464
MP0240_BEGWN,Begwan,Shivpuri,Ganga,Yamuna,25.645833333333332,78.1,441176984,5,2026-08-15T00:00:00+00:00,4,335.7,0,Linked live river forecast reach,882.1090179068464
MP0240_BEGWN,Begwan,Shivpuri,Ganga,Yamuna,25.645833333333332,78.1,441176984,5,2026-08-15T03:00:00+00:00,4,337.9,0,Linked live river forecast reach,882.1090179068464
MP0240_BEGWN,Begwan,Shivpuri,Ganga,Yamuna,25.645833333333332,78.1,441176984,5,2026-08-15T06:00:00+00:00,4,337.3,0,Linked live river forecast reach,882.1090179068464
MP0240_BEGWN,Begwan,Shivpuri,Ganga,Yamuna,25.645833333333332,78.1,441176984,5,2026-08-15T09:00:00+00:00,4,334.7,0,Linked live river forecast reach,882.1090179068464
MP0240_BEGWN,Begwan,Shivpuri,Ganga,Yamuna,25.645833333333332,78.1,441176984,5,2026-08-15T12:00:00+00:00,4,329.9,0,Linked live river forecast reach,882.1090179068464
MP0240_BEGWN,Begwan,Shivpuri,Ganga,Yamuna,25.645833333333332,78.1,441176984,5,2026-08-15T15:00:00+00:00,5,323.8,0,Linked live river forecast reach,882.1090179068464
MP0240_BEGWN,Begwan,Shivpuri,Ganga,Yamuna,25.645833333333332,78.1,441176984,5,2026-08-15T18:00:00+00:00,5,316.6,0,Linked live river forecast reach,882.1090179068464
MP0240_BEGWN,Begwan,Shivpuri,Ganga,Yamuna,25.645833333333332,78.1,441176984,5,2026-08-15T21:00:00+00:00,5,308.8,0,Linked live river forecast reach,882.1090179068464
MP0240_BEGWN,Begwan,Shivpuri,Ganga,Yamuna,25.645833333333332,78.1,441176984,5,2026-08-16T00:00:00+00:00,5,301.1,0,Linked live river forecast reach,882.1090179068464
MP0240_BEGWN,Begwan,Shivpuri,Ganga,Yamuna,25.645833333333332,78.1,441176984,5,2026-08-16T03:00:00+00:00,5,293.1,0,Linked live river forecast reach,882.1090179068464
MP0240_BEGWN,Begwan,Shivpuri,Ganga,Yamuna,25.645833333333332,78.1,441176984,5,2026-08-16T06:00:00+00:00,5,285.2,0,Linked live river forecast reach,882.1090179068464
MP0240_BEGWN,Begwan,Shivpuri,Ganga,Yamuna,25.645833333333332,78.1,441176984,5,2026-08-16T09:00:00+00:00,5,279.0,0,Linked live river forecast reach,882.1090179068464
MP0240_BEGWN,Begwan,Shivpuri,Ganga,Yamuna,25.645833333333332,78.1,441176984,5,2026-08-16T12:00:00+00:00,5,276.0,0,Linked live river forecast reach,882.1090179068464
MP0240_BEGWN,Begwan,Shivpuri,Ganga,Yamuna,25.645833333333332,78.1,441176984,5,2026-08-16T15:00:00+00:00,6,275.1,0,Linked live river forecast reach,882.1090179068464
MP0240_BEGWN,Begwan,Shivpuri,Ganga,Yamuna,25.645833333333332,78.1,441176984,5,2026-08-16T18:00:00+00:00,6,274.8,0,Linked live river forecast reach,882.1090179068464
MP0240_BEGWN,Begwan,Shivpuri,Ganga,Yamuna,25.645833333333332,78.1,441176984,5,2026-08-16T21:00:00+00:00,6,274.3,0,Linked live river forecast reach,882.1090179068464
MP0240_BEGWN,Begwan,Shivpuri,Ganga,Yamuna,25.645833333333332,78.1,441176984,5,2026-08-17T00:00:00+00:00,6,273.8,0,Linked live river forecast reach,882.1090179068464
MP0240_BEGWN,Begwan,Shivpuri,Ganga,Yamuna,25.645833333333332,78.1,441176984,5,2026-08-17T03:00:00+00:00,6,273.2,0,Linked live river forecast reach,882.1090179068464
MP0240_BEGWN,Begwan,Shivpuri,Ganga,Yamuna,25.645833333333332,78.1,441176984,5,2026-08-17T06:00:00+00:00,6,272.4,0,Linked live river forecast reach,882.1090179068464
MP0240_BEGWN,Begwan,Shivpuri,Ganga,Yamuna,25.645833333333332,78.1,441176984,5,2026-08-17T09:00:00+00:00,6,270.9,0,Linked live river forecast reach,882.1090179068464
MP0240_BEGWN,Begwan,Shivpuri,Ganga,Yamuna,25.645833333333332,78.1,441176984,5,2026-08-17T12:00:00+00:00,6,268.6,0,Linked live river forecast reach,882.1090179068464
MP0240_BEGWN,Begwan,Shivpuri,Ganga,Yamuna,25.645833333333332,78.1,441176984,5,2026-08-17T15:00:00+00:00,7,265.4,0,Linked live river forecast reach,882.1090179068464
MP0240_Bhtgt,Behtaghat,Ashok Nagar,Ganga,Yamuna,24.657777777777778,77.48666666666666,440998149,4,2026-08-10T15:00:00+00:00,0,162.0,0,Linked live river forecast reach,666.9556762947345
MP0240_Bhtgt,Behtaghat,Ashok Nagar,Ganga,Yamuna,24.657777777777778,77.48666666666666,440998149,4,2026-08-10T18:00:00+00:00,0,181.3,0,Linked live river forecast reach,666.9556762947345
MP0240_Bhtgt,Behtaghat,Ashok Nagar,Ganga,Yamuna,24.657777777777778,77.48666666666666,440998149,4,2026-08-10T21:00:00+00:00,0,194.2,0,Linked live river forecast reach,666.9556762947345
MP0240_Bhtgt,Behtaghat,Ashok Nagar,Ganga,Yamuna,24.657777777777778,77.48666666666666,440998149,4,2026-08-11T00:00:00+00:00,0,201.8,0,Linked live river forecast reach,666.9556762947345
MP0240_Bhtgt,Behtaghat,Ashok Nagar,Ganga,Yamuna,24.657777777777778,77.48666666666666,440998149,4,2026-08-11T03:00:00+00:00,0,205.6,0,Linked live river forecast reach,666.9556762947345
MP0240_Bhtgt,Behtaghat,Ashok Nagar,Ganga,Yamuna,24.657777777777778,77.48666666666666,440998149,4,2026-08-11T06:00:00+00:00,0,205.6,0,Linked live river forecast reach,666.9556762947345
MP0240_Bhtgt,Behtaghat,Ashok Nagar,Ganga,Yamuna,24.657777777777778,77.48666666666666,440998149,4,2026-08-11T09:00:00+00:00,0,199.8,0,Linked live river forecast reach,666.9556762947345
MP0240_Bhtgt,Behtaghat,Ashok Nagar,Ganga,Yamuna,24.657777777777778,77.48666666666666,440998149,4,2026-08-11T12:00:00+00:00,0,190.1,0,Linked live river forecast reach,666.9556762947345
MP0240_Bhtgt,Behtaghat,Ashok Nagar,Ganga,Yamuna,24.657777777777778,77.48666666666666,440998149,4,2026-08-11T15:00:00+00:00,1,179.5,0,Linked live river forecast reach,666.9556762947345
MP0240_Bhtgt,Behtaghat,Ashok Nagar,Ganga,Yamuna,24.657777777777778,77.48666666666666,440998149,4,2026-08-11T18:00:00+00:00,1,172.0,0,Linked live river forecast reach,666.9556762947345
MP0240_Bhtgt,Behtaghat,Ashok Nagar,Ganga,Yamuna,24.657777777777778,77.48666666666666,440998149,4,2026-08-11T21:00:00+00:00,1,165.0,0,Linked live river forecast reach,666.9556762947345
MP0240_Bhtgt,Behtaghat,Ashok Nagar,Ganga,Yamuna,24.657777777777778,77.48666666666666,440998149,4,2026-08-12T00:00:00+00:00,1,158.8,0,Linked live river forecast reach,666.9556762947345
MP0240_Bhtgt,Behtaghat,Ashok Nagar,Ganga,Yamuna,24.657777777777778,77.48666666666666,440998149,4,2026-08-12T03:00:00+00:00,1,154.6,0,Linked live river forecast reach,666.9556762947345
MP0240_Bhtgt,Behtaghat,Ashok Nagar,Ganga,Yamuna,24.657777777777778,77.48666666666666,440998149,4,2026-08-12T06:00:00+00:00,1,149.6,0,Linked live river forecast reach,666.9556762947345
MP0240_Bhtgt,Behtaghat,Ashok Nagar,Ganga,Yamuna,24.657777777777778,77.48666666666666,440998149,4,2026-08-12T09:00:00+00:00,1,141.8,0,Linked live river forecast reach,666.9556762947345
MP0240_Bhtgt,Behtaghat,Ashok Nagar,Ganga,Yamuna,24.657777777777778,77.48666666666666,440998149,4,2026-08-12T12:00:00+00:00,1,137.5,0,Linked live river forecast reach,666.9556762947345
MP0240_Bhtgt,Behtaghat,Ashok Nagar,Ganga,Yamuna,24.657777777777778,77.48666666666666,440998149,4,2026-08-12T15:00:00+00:00,2,138.6,0,Linked live river forecast reach,666.9556762947345
MP0240_Bhtgt,Behtaghat,Ashok Nagar,Ganga,Yamuna,24.657777777777778,77.48666666666666,440998149,4,2026-08-12T18:00:00+00:00,2,141.1,0,Linked live river forecast reach,666.9556762947345
MP0240_Bhtgt,Behtaghat,Ashok Nagar,Ganga,Yamuna,24.657777777777778,77.48666666666666,440998149,4,2026-08-12T21:00:00+00:00,2,142.3,0,Linked live river forecast reach,666.9556762947345
MP0240_Bhtgt,Behtaghat,Ashok Nagar,Ganga,Yamuna,24.657777777777778,77.48666666666666,440998149,4,2026-08-13T00:00:00+00:00,2,142.6,0,Linked live river forecast reach,666.9556762947345
MP0240_Bhtgt,Behtaghat,Ashok Nagar,Ganga,Yamuna,24.657777777777778,77.48666666666666,440998149,4,2026-08-13T03:00:00+00:00,2,143.4,0,Linked live river forecast reach,666.9556762947345
MP0240_Bhtgt,Behtaghat,Ashok Nagar,Ganga,Yamuna,24.657777777777778,77.48666666666666,440998149,4,2026-08-13T06:00:00+00:00,2,145.5,0,Linked live river forecast reach,666.9556762947345
MP0240_Bhtgt,Behtaghat,Ashok Nagar,Ganga,Yamuna,24.657777777777778,77.48666666666666,440998149,4,2026-08-13T09:00:00+00:00,2,145.1,0,Linked live river forecast reach,666.9556762947345
MP0240_Bhtgt,Behtaghat,Ashok Nagar,Ganga,Yamuna,24.657777777777778,77.48666666666666,440998149,4,2026-08-13T12:00:00+00:00,2,140.4,0,Linked live river forecast reach,666.9556762947345
MP0240_Bhtgt,Behtaghat,Ashok Nagar,Ganga,Yamuna,24.657777777777778,77.48666666666666,440998149,4,2026-08-13T15:00:00+00:00,3,135.0,0,Linked live river forecast reach,666.9556762947345
MP0240_Bhtgt,Behtaghat,Ashok Nagar,Ganga,Yamuna,24.657777777777778,77.48666666666666,440998149,4,2026-08-13T18:00:00+00:00,3,130.8,0,Linked live river forecast reach,666.9556762947345
MP0240_Bhtgt,Behtaghat,Ashok Nagar,Ganga,Yamuna,24.657777777777778,77.48666666666666,440998149,4,2026-08-13T21:00:00+00:00,3,126.2,0,Linked live river forecast reach,666.9556762947345
MP0240_Bhtgt,Behtaghat,Ashok Nagar,Ganga,Yamuna,24.657777777777778,77.48666666666666,440998149,4,2026-08-14T00:00:00+00:00,3,119.4,0,Linked live river forecast reach,666.9556762947345
MP0240_Bhtgt,Behtaghat,Ashok Nagar,Ganga,Yamuna,24.657777777777778,77.48666666666666,440998149,4,2026-08-14T03:00:00+00:00,3,111.3,0,Linked live river forecast reach,666.9556762947345
MP0240_Bhtgt,Behtaghat,Ashok Nagar,Ganga,Yamuna,24.657777777777778,77.48666666666666,440998149,4,2026-08-14T06:00:00+00:00,3,103.4,0,Linked live river forecast reach,666.9556762947345
MP0240_Bhtgt,Behtaghat,Ashok Nagar,Ganga,Yamuna,24.657777777777778,77.48666666666666,440998149,4,2026-08-14T09:00:00+00:00,3,94.9,0,Linked live river forecast reach,666.9556762947345
MP0240_Bhtgt,Behtaghat,Ashok Nagar,Ganga,Yamuna,24.657777777777778,77.48666666666666,440998149,4,2026-08-14T12:00:00+00:00,3,87.4,0,Linked live river forecast reach,666.9556762947345
MP0240_Bhtgt,Behtaghat,Ashok Nagar,Ganga,Yamuna,24.657777777777778,77.48666666666666,440998149,4,2026-08-14T15:00:00+00:00,4,82.6,0,Linked live river forecast reach,666.9556762947345
MP0240_Bhtgt,Behtaghat,Ashok Nagar,Ganga,Yamuna,24.657777777777778,77.48666666666666,440998149,4,2026-08-14T18:00:00+00:00,4,79.6,0,Linked live river forecast reach,666.9556762947345
MP0240_Bhtgt,Behtaghat,Ashok Nagar,Ganga,Yamuna,24.657777777777778,77.48666666666666,440998149,4,2026-08-14T21:00:00+00:00,4,77.1,0,Linked live river forecast reach,666.9556762947345
MP0240_Bhtgt,Behtaghat,Ashok Nagar,Ganga,Yamuna,24.657777777777778,77.48666666666666,440998149,4,2026-08-15T00:00:00+00:00,4,76.2,0,Linked live river forecast reach,666.9556762947345
MP0240_Bhtgt,Behtaghat,Ashok Nagar,Ganga,Yamuna,24.657777777777778,77.48666666666666,440998149,4,2026-08-15T03:00:00+00:00,4,76.7,0,Linked live river forecast reach,666.9556762947345
MP0240_Bhtgt,Behtaghat,Ashok Nagar,Ganga,Yamuna,24.657777777777778,77.48666666666666,440998149,4,2026-08-15T06:00:00+00:00,4,77.3,0,Linked live river forecast reach,666.9556762947345
MP0240_Bhtgt,Behtaghat,Ashok Nagar,Ganga,Yamuna,24.657777777777778,77.48666666666666,440998149,4,2026-08-15T09:00:00+00:00,4,79.2,0,Linked live river forecast reach,666.9556762947345
MP0240_Bhtgt,Behtaghat,Ashok Nagar,Ganga,Yamuna,24.657777777777778,77.48666666666666,440998149,4,2026-08-15T12:00:00+00:00,4,85.7,0,Linked live river forecast reach,666.9556762947345
MP0240_Bhtgt,Behtaghat,Ashok Nagar,Ganga,Yamuna,24.657777777777778,77.48666666666666,440998149,4,2026-08-15T15:00:00+00:00,5,95.7,0,Linked live river forecast reach,666.9556762947345
MP0240_Bhtgt,Behtaghat,Ashok Nagar,Ganga,Yamuna,24.657777777777778,77.48666666666666,440998149,4,2026-08-15T18:00:00+00:00,5,104.3,0,Linked live river forecast reach,666.9556762947345
MP0240_Bhtgt,Behtaghat,Ashok Nagar,Ganga,Yamuna,24.657777777777778,77.48666666666666,440998149,4,2026-08-15T21:00:00+00:00,5,110.4,0,Linked live river forecast reach,666.9556762947345
MP0240_Bhtgt,Behtaghat,Ashok Nagar,Ganga,Yamuna,24.657777777777778,77.48666666666666,440998149,4,2026-08-16T00:00:00+00:00,5,114.6,0,Linked live river forecast reach,666.9556762947345
MP0240_Bhtgt,Behtaghat,Ashok Nagar,Ganga,Yamuna,24.657777777777778,77.48666666666666,440998149,4,2026-08-16T03:00:00+00:00,5,115.9,0,Linked live river forecast reach,666.9556762947345
MP0240_Bhtgt,Behtaghat,Ashok Nagar,Ganga,Yamuna,24.657777777777778,77.48666666666666,440998149,4,2026-08-16T06:00:00+00:00,5,115.5,0,Linked live river forecast reach,666.9556762947345
MP0240_Bhtgt,Behtaghat,Ashok Nagar,Ganga,Yamuna,24.657777777777778,77.48666666666666,440998149,4,2026-08-16T09:00:00+00:00,5,116.8,0,Linked live river forecast reach,666.9556762947345
MP0240_Bhtgt,Behtaghat,Ashok Nagar,Ganga,Yamuna,24.657777777777778,77.48666666666666,440998149,4,2026-08-16T12:00:00+00:00,5,119.6,0,Linked live river forecast reach,666.9556762947345
MP0240_Bhtgt,Behtaghat,Ashok Nagar,Ganga,Yamuna,24.657777777777778,77.48666666666666,440998149,4,2026-08-16T15:00:00+00:00,6,121.3,0,Linked live river forecast reach,666.9556762947345
MP0240_Bhtgt,Behtaghat,Ashok Nagar,Ganga,Yamuna,24.657777777777778,77.48666666666666,440998149,4,2026-08-16T18:00:00+00:00,6,120.6,0,Linked live river forecast reach,666.9556762947345
MP0240_Bhtgt,Behtaghat,Ashok Nagar,Ganga,Yamuna,24.657777777777778,77.48666666666666,440998149,4,2026-08-16T21:00:00+00:00,6,118.8,0,Linked live river forecast reach,666.9556762947345
MP0240_Bhtgt,Behtaghat,Ashok Nagar,Ganga,Yamuna,24.657777777777778,77.48666666666666,440998149,4,2026-08-17T00:00:00+00:00,6,117.1,0,Linked live river forecast reach,666.9556762947345
MP0240_Bhtgt,Behtaghat,Ashok Nagar,Ganga,Yamuna,24.657777777777778,77.48666666666666,440998149,4,2026-08-17T03:00:00+00:00,6,116.2,0,Linked live river forecast reach,666.9556762947345
MP0240_Bhtgt,Behtaghat,Ashok Nagar,Ganga,Yamuna,24.657777777777778,77.48666666666666,440998149,4,2026-08-17T06:00:00+00:00,6,120.4,0,Linked live river forecast reach,666.9556762947345
MP0240_Bhtgt,Behtaghat,Ashok Nagar,Ganga,Yamuna,24.657777777777778,77.48666666666666,440998149,4,2026-08-17T09:00:00+00:00,6,128.5,0,Linked live river forecast reach,666.9556762947345
MP0240_Bhtgt,Behtaghat,Ashok Nagar,Ganga,Yamuna,24.657777777777778,77.48666666666666,440998149,4,2026-08-17T12:00:00+00:00,6,137.5,0,Linked live river forecast reach,666.9556762947345
MP0240_Bhtgt,Behtaghat,Ashok Nagar,Ganga,Yamuna,24.657777777777778,77.48666666666666,440998149,4,2026-08-17T15:00:00+00:00,7,144.3,0,Linked live river forecast reach,666.9556762947345
MP0240_Gorgt,Goraghat,Gwalior,Ganga,Yamuna,25.833333333333332,78.33916666666667,441004976,4,2026-08-10T15:00:00+00:00,0,17.7,0,Linked live river forecast reach,216.09916007744494
MP0240_Gorgt,Goraghat,Gwalior,Ganga,Yamuna,25.833333333333332,78.33916666666667,441004976,4,2026-08-10T18:00:00+00:00,0,18.8,0,Linked live river forecast reach,216.09916007744494
MP0240_Gorgt,Goraghat,Gwalior,Ganga,Yamuna,25.833333333333332,78.33916666666667,441004976,4,2026-08-10T21:00:00+00:00,0,18.6,0,Linked live river forecast reach,216.09916007744494
MP0240_Gorgt,Goraghat,Gwalior,Ganga,Yamuna,25.833333333333332,78.33916666666667,441004976,4,2026-08-11T00:00:00+00:00,0,17.3,0,Linked live river forecast reach,216.09916007744494
MP0240_Gorgt,Goraghat,Gwalior,Ganga,Yamuna,25.833333333333332,78.33916666666667,441004976,4,2026-08-11T03:00:00+00:00,0,16.2,0,Linked live river forecast reach,216.09916007744494
MP0240_Gorgt,Goraghat,Gwalior,Ganga,Yamuna,25.833333333333332,78.33916666666667,441004976,4,2026-08-11T06:00:00+00:00,0,16.6,0,Linked live river forecast reach,216.09916007744494
MP0240_Gorgt,Goraghat,Gwalior,Ganga,Yamuna,25.833333333333332,78.33916666666667,441004976,4,2026-08-11T09:00:00+00:00,0,18.7,0,Linked live river forecast reach,216.09916007744494
MP0240_Gorgt,Goraghat,Gwalior,Ganga,Yamuna,25.833333333333332,78.33916666666667,441004976,4,2026-08-11T12:00:00+00:00,0,22.2,0,Linked live river forecast reach,216.09916007744494
MP0240_Gorgt,Goraghat,Gwalior,Ganga,Yamuna,25.833333333333332,78.33916666666667,441004976,4,2026-08-11T15:00:00+00:00,1,26.2,0,Linked live river forecast reach,216.09916007744494
MP0240_Gorgt,Goraghat,Gwalior,Ganga,Yamuna,25.833333333333332,78.33916666666667,441004976,4,2026-08-11T18:00:00+00:00,1,29.4,0,Linked live river forecast reach,216.09916007744494
MP0240_Gorgt,Goraghat,Gwalior,Ganga,Yamuna,25.833333333333332,78.33916666666667,441004976,4,2026-08-11T21:00:00+00:00,1,30.9,0,Linked live river forecast reach,216.09916007744494
MP0240_Gorgt,Goraghat,Gwalior,Ganga,Yamuna,25.833333333333332,78.33916666666667,441004976,4,2026-08-12T00:00:00+00:00,1,30.9,0,Linked live river forecast reach,216.09916007744494
MP0240_Gorgt,Goraghat,Gwalior,Ganga,Yamuna,25.833333333333332,78.33916666666667,441004976,4,2026-08-12T03:00:00+00:00,1,30.2,0,Linked live river forecast reach,216.09916007744494
MP0240_Gorgt,Goraghat,Gwalior,Ganga,Yamuna,25.833333333333332,78.33916666666667,441004976,4,2026-08-12T06:00:00+00:00,1,29.8,0,Linked live river forecast reach,216.09916007744494
MP0240_Gorgt,Goraghat,Gwalior,Ganga,Yamuna,25.833333333333332,78.33916666666667,441004976,4,2026-08-12T09:00:00+00:00,1,29.7,0,Linked live river forecast reach,216.09916007744494
MP0240_Gorgt,Goraghat,Gwalior,Ganga,Yamuna,25.833333333333332,78.33916666666667,441004976,4,2026-08-12T12:00:00+00:00,1,29.4,0,Linked live river forecast reach,216.09916007744494
MP0240_Gorgt,Goraghat,Gwalior,Ganga,Yamuna,25.833333333333332,78.33916666666667,441004976,4,2026-08-12T15:00:00+00:00,2,28.0,0,Linked live river forecast reach,216.09916007744494
MP0240_Gorgt,Goraghat,Gwalior,Ganga,Yamuna,25.833333333333332,78.33916666666667,441004976,4,2026-08-12T18:00:00+00:00,2,24.8,0,Linked live river forecast reach,216.09916007744494
MP0240_Gorgt,Goraghat,Gwalior,Ganga,Yamuna,25.833333333333332,78.33916666666667,441004976,4,2026-08-12T21:00:00+00:00,2,20.4,0,Linked live river forecast reach,216.09916007744494
MP0240_Gorgt,Goraghat,Gwalior,Ganga,Yamuna,25.833333333333332,78.33916666666667,441004976,4,2026-08-13T00:00:00+00:00,2,15.7,0,Linked live river forecast reach,216.09916007744494
MP0240_Gorgt,Goraghat,Gwalior,Ganga,Yamuna,25.833333333333332,78.33916666666667,441004976,4,2026-08-13T03:00:00+00:00,2,11.9,0,Linked live river forecast reach,216.09916007744494
MP0240_Gorgt,Goraghat,Gwalior,Ganga,Yamuna,25.833333333333332,78.33916666666667,441004976,4,2026-08-13T06:00:00+00:00,2,9.5,0,Linked live river forecast reach,216.09916007744494
MP0240_Gorgt,Goraghat,Gwalior,Ganga,Yamuna,25.833333333333332,78.33916666666667,441004976,4,2026-08-13T09:00:00+00:00,2,8.5,0,Linked live river forecast reach,216.09916007744494
MP0240_Gorgt,Goraghat,Gwalior,Ganga,Yamuna,25.833333333333332,78.33916666666667,441004976,4,2026-08-13T12:00:00+00:00,2,8.3,0,Linked live river forecast reach,216.09916007744494
MP0240_Gorgt,Goraghat,Gwalior,Ganga,Yamuna,25.833333333333332,78.33916666666667,441004976,4,2026-08-13T15:00:00+00:00,3,8.7,0,Linked live river forecast reach,216.09916007744494
MP0240_Gorgt,Goraghat,Gwalior,Ganga,Yamuna,25.833333333333332,78.33916666666667,441004976,4,2026-08-13T18:00:00+00:00,3,9.1,0,Linked live river forecast reach,216.09916007744494
MP0240_Gorgt,Goraghat,Gwalior,Ganga,Yamuna,25.833333333333332,78.33916666666667,441004976,4,2026-08-13T21:00:00+00:00,3,9.2,0,Linked live river forecast reach,216.09916007744494
MP0240_Gorgt,Goraghat,Gwalior,Ganga,Yamuna,25.833333333333332,78.33916666666667,441004976,4,2026-08-14T00:00:00+00:00,3,9.5,0,Linked live river forecast reach,216.09916007744494
MP0240_Gorgt,Goraghat,Gwalior,Ganga,Yamuna,25.833333333333332,78.33916666666667,441004976,4,2026-08-14T03:00:00+00:00,3,10.8,0,Linked live river forecast reach,216.09916007744494
MP0240_Gorgt,Goraghat,Gwalior,Ganga,Yamuna,25.833333333333332,78.33916666666667,441004976,4,2026-08-14T06:00:00+00:00,3,13.3,0,Linked live river forecast reach,216.09916007744494
MP0240_Gorgt,Goraghat,Gwalior,Ganga,Yamuna,25.833333333333332,78.33916666666667,441004976,4,2026-08-14T09:00:00+00:00,3,15.7,0,Linked live river forecast reach,216.09916007744494
MP0240_Gorgt,Goraghat,Gwalior,Ganga,Yamuna,25.833333333333332,78.33916666666667,441004976,4,2026-08-14T12:00:00+00:00,3,17.9,0,Linked live river forecast reach,216.09916007744494
MP0240_Gorgt,Goraghat,Gwalior,Ganga,Yamuna,25.833333333333332,78.33916666666667,441004976,4,2026-08-14T15:00:00+00:00,4,19.5,0,Linked live river forecast reach,216.09916007744494
MP0240_Gorgt,Goraghat,Gwalior,Ganga,Yamuna,25.833333333333332,78.33916666666667,441004976,4,2026-08-14T18:00:00+00:00,4,20.3,0,Linked live river forecast reach,216.09916007744494
MP0240_Gorgt,Goraghat,Gwalior,Ganga,Yamuna,25.833333333333332,78.33916666666667,441004976,4,2026-08-14T21:00:00+00:00,4,20.5,0,Linked live river forecast reach,216.09916007744494
MP0240_Gorgt,Goraghat,Gwalior,Ganga,Yamuna,25.833333333333332,78.33916666666667,441004976,4,2026-08-15T00:00:00+00:00,4,21.1,0,Linked live river forecast reach,216.09916007744494
MP0240_Gorgt,Goraghat,Gwalior,Ganga,Yamuna,25.833333333333332,78.33916666666667,441004976,4,2026-08-15T03:00:00+00:00,4,22.1,0,Linked live river forecast reach,216.09916007744494
MP0240_Gorgt,Goraghat,Gwalior,Ganga,Yamuna,25.833333333333332,78.33916666666667,441004976,4,2026-08-15T06:00:00+00:00,4,24.2,0,Linked live river forecast reach,216.09916007744494
MP0240_Gorgt,Goraghat,Gwalior,Ganga,Yamuna,25.833333333333332,78.33916666666667,441004976,4,2026-08-15T09:00:00+00:00,4,26.0,0,Linked live river forecast reach,216.09916007744494
MP0240_Gorgt,Goraghat,Gwalior,Ganga,Yamuna,25.833333333333332,78.33916666666667,441004976,4,2026-08-15T12:00:00+00:00,4,28.9,0,Linked live river forecast reach,216.09916007744494
MP0240_Gorgt,Goraghat,Gwalior,Ganga,Yamuna,25.833333333333332,78.33916666666667,441004976,4,2026-08-15T15:00:00+00:00,5,32.9,0,Linked live river forecast reach,216.09916007744494
MP0240_Gorgt,Goraghat,Gwalior,Ganga,Yamuna,25.833333333333332,78.33916666666667,441004976,4,2026-08-15T18:00:00+00:00,5,38.0,0,Linked live river forecast reach,216.09916007744494
MP0240_Gorgt,Goraghat,Gwalior,Ganga,Yamuna,25.833333333333332,78.33916666666667,441004976,4,2026-08-15T21:00:00+00:00,5,42.6,0,Linked live river forecast reach,216.09916007744494
MP0240_Gorgt,Goraghat,Gwalior,Ganga,Yamuna,25.833333333333332,78.33916666666667,441004976,4,2026-08-16T00:00:00+00:00,5,44.5,0,Linked live river forecast reach,216.09916007744494
MP0240_Gorgt,Goraghat,Gwalior,Ganga,Yamuna,25.833333333333332,78.33916666666667,441004976,4,2026-08-16T03:00:00+00:00,5,44.0,0,Linked live river forecast reach,216.09916007744494
MP0240_Gorgt,Goraghat,Gwalior,Ganga,Yamuna,25.833333333333332,78.33916666666667,441004976,4,2026-08-16T06:00:00+00:00,5,42.1,0,Linked live river forecast reach,216.09916007744494
MP0240_Gorgt,Goraghat,Gwalior,Ganga,Yamuna,25.833333333333332,78.33916666666667,441004976,4,2026-08-16T09:00:00+00:00,5,39.2,0,Linked live river forecast reach,216.09916007744494
MP0240_Gorgt,Goraghat,Gwalior,Ganga,Yamuna,25.833333333333332,78.33916666666667,441004976,4,2026-08-16T12:00:00+00:00,5,36.0,0,Linked live river forecast reach,216.09916007744494
MP0240_Gorgt,Goraghat,Gwalior,Ganga,Yamuna,25.833333333333332,78.33916666666667,441004976,4,2026-08-16T15:00:00+00:00,6,32.8,0,Linked live river forecast reach,216.09916007744494
MP0240_Gorgt,Goraghat,Gwalior,Ganga,Yamuna,25.833333333333332,78.33916666666667,441004976,4,2026-08-16T18:00:00+00:00,6,29.8,0,Linked live river forecast reach,216.09916007744494
MP0240_Gorgt,Goraghat,Gwalior,Ganga,Yamuna,25.833333333333332,78.33916666666667,441004976,4,2026-08-16T21:00:00+00:00,6,27.5,0,Linked live river forecast reach,216.09916007744494
MP0240_Gorgt,Goraghat,Gwalior,Ganga,Yamuna,25.833333333333332,78.33916666666667,441004976,4,2026-08-17T00:00:00+00:00,6,25.5,0,Linked live river forecast reach,216.09916007744494
MP0240_Gorgt,Goraghat,Gwalior,Ganga,Yamuna,25.833333333333332,78.33916666666667,441004976,4,2026-08-17T03:00:00+00:00,6,23.5,0,Linked live river forecast reach,216.09916007744494
MP0240_Gorgt,Goraghat,Gwalior,Ganga,Yamuna,25.833333333333332,78.33916666666667,441004976,4,2026-08-17T06:00:00+00:00,6,21.6,0,Linked live river forecast reach,216.09916007744494
MP0240_Gorgt,Goraghat,Gwalior,Ganga,Yamuna,25.833333333333332,78.33916666666667,441004976,4,2026-08-17T09:00:00+00:00,6,19.7,0,Linked live river forecast reach,216.09916007744494
MP0240_Gorgt,Goraghat,Gwalior,Ganga,Yamuna,25.833333333333332,78.33916666666667,441004976,4,2026-08-17T12:00:00+00:00,6,17.8,0,Linked live river forecast reach,216.09916007744494
MP0240_Gorgt,Goraghat,Gwalior,Ganga,Yamuna,25.833333333333332,78.33916666666667,441004976,4,2026-08-17T15:00:00+00:00,7,16.3,0,Linked live river forecast reach,216.09916007744494
MP0240_Khera,Khera,Bhind,Ganga,Yamuna,26.416666666666668,78.91666666666667,441145302,6,2026-08-10T15:00:00+00:00,0,505.3,0,Linked live river forecast reach,599.5988967237872
MP0240_Khera,Khera,Bhind,Ganga,Yamuna,26.416666666666668,78.91666666666667,441145302,6,2026-08-10T18:00:00+00:00,0,517.6,0,Linked live river forecast reach,599.5988967237872
MP0240_Khera,Khera,Bhind,Ganga,Yamuna,26.416666666666668,78.91666666666667,441145302,6,2026-08-10T21:00:00+00:00,0,536.1,0,Linked live river forecast reach,599.5988967237872
MP0240_Khera,Khera,Bhind,Ganga,Yamuna,26.416666666666668,78.91666666666667,441145302,6,2026-08-11T00:00:00+00:00,0,561.0,0,Linked live river forecast reach,599.5988967237872
MP0240_Khera,Khera,Bhind,Ganga,Yamuna,26.416666666666668,78.91666666666667,441145302,6,2026-08-11T03:00:00+00:00,0,596.5,0,Linked live river forecast reach,599.5988967237872
MP0240_Khera,Khera,Bhind,Ganga,Yamuna,26.416666666666668,78.91666666666667,441145302,6,2026-08-11T06:00:00+00:00,0,645.5,0,Linked live river forecast reach,599.5988967237872
MP0240_Khera,Khera,Bhind,Ganga,Yamuna,26.416666666666668,78.91666666666667,441145302,6,2026-08-11T09:00:00+00:00,0,707.8,0,Linked live river forecast reach,599.5988967237872
MP0240_Khera,Khera,Bhind,Ganga,Yamuna,26.416666666666668,78.91666666666667,441145302,6,2026-08-11T12:00:00+00:00,0,775.5,0,Linked live river forecast reach,599.5988967237872
MP0240_Khera,Khera,Bhind,Ganga,Yamuna,26.416666666666668,78.91666666666667,441145302,6,2026-08-11T15:00:00+00:00,1,839.6,0,Linked live river forecast reach,599.5988967237872
MP0240_Khera,Khera,Bhind,Ganga,Yamuna,26.416666666666668,78.91666666666667,441145302,6,2026-08-11T18:00:00+00:00,1,888.8,0,Linked live river forecast reach,599.5988967237872
MP0240_Khera,Khera,Bhind,Ganga,Yamuna,26.416666666666668,78.91666666666667,441145302,6,2026-08-11T21:00:00+00:00,1,914.5,0,Linked live river forecast reach,599.5988967237872
MP0240_Khera,Khera,Bhind,Ganga,Yamuna,26.416666666666668,78.91666666666667,441145302,6,2026-08-12T00:00:00+00:00,1,915.7,0,Linked live river forecast reach,599.5988967237872
MP0240_Khera,Khera,Bhind,Ganga,Yamuna,26.416666666666668,78.91666666666667,441145302,6,2026-08-12T03:00:00+00:00,1,895.5,0,Linked live river forecast reach,599.5988967237872
MP0240_Khera,Khera,Bhind,Ganga,Yamuna,26.416666666666668,78.91666666666667,441145302,6,2026-08-12T06:00:00+00:00,1,859.1,0,Linked live river forecast reach,599.5988967237872
MP0240_Khera,Khera,Bhind,Ganga,Yamuna,26.416666666666668,78.91666666666667,441145302,6,2026-08-12T09:00:00+00:00,1,811.3,0,Linked live river forecast reach,599.5988967237872
MP0240_Khera,Khera,Bhind,Ganga,Yamuna,26.416666666666668,78.91666666666667,441145302,6,2026-08-12T12:00:00+00:00,1,756.2,0,Linked live river forecast reach,599.5988967237872
MP0240_Khera,Khera,Bhind,Ganga,Yamuna,26.416666666666668,78.91666666666667,441145302,6,2026-08-12T15:00:00+00:00,2,697.8,0,Linked live river forecast reach,599.5988967237872
MP0240_Khera,Khera,Bhind,Ganga,Yamuna,26.416666666666668,78.91666666666667,441145302,6,2026-08-12T18:00:00+00:00,2,639.3,0,Linked live river forecast reach,599.5988967237872
MP0240_Khera,Khera,Bhind,Ganga,Yamuna,26.416666666666668,78.91666666666667,441145302,6,2026-08-12T21:00:00+00:00,2,584.6,0,Linked live river forecast reach,599.5988967237872
MP0240_Khera,Khera,Bhind,Ganga,Yamuna,26.416666666666668,78.91666666666667,441145302,6,2026-08-13T00:00:00+00:00,2,536.7,0,Linked live river forecast reach,599.5988967237872
MP0240_Khera,Khera,Bhind,Ganga,Yamuna,26.416666666666668,78.91666666666667,441145302,6,2026-08-13T03:00:00+00:00,2,497.2,0,Linked live river forecast reach,599.5988967237872
MP0240_Khera,Khera,Bhind,Ganga,Yamuna,26.416666666666668,78.91666666666667,441145302,6,2026-08-13T06:00:00+00:00,2,465.8,0,Linked live river forecast reach,599.5988967237872
MP0240_Khera,Khera,Bhind,Ganga,Yamuna,26.416666666666668,78.91666666666667,441145302,6,2026-08-13T09:00:00+00:00,2,442.0,0,Linked live river forecast reach,599.5988967237872
MP0240_Khera,Khera,Bhind,Ganga,Yamuna,26.416666666666668,78.91666666666667,441145302,6,2026-08-13T12:00:00+00:00,2,424.3,0,Linked live river forecast reach,599.5988967237872
MP0240_Khera,Khera,Bhind,Ganga,Yamuna,26.416666666666668,78.91666666666667,441145302,6,2026-08-13T15:00:00+00:00,3,411.6,0,Linked live river forecast reach,599.5988967237872
MP0240_Khera,Khera,Bhind,Ganga,Yamuna,26.416666666666668,78.91666666666667,441145302,6,2026-08-13T18:00:00+00:00,3,403.9,0,Linked live river forecast reach,599.5988967237872
MP0240_Khera,Khera,Bhind,Ganga,Yamuna,26.416666666666668,78.91666666666667,441145302,6,2026-08-13T21:00:00+00:00,3,399.1,0,Linked live river forecast reach,599.5988967237872
MP0240_Khera,Khera,Bhind,Ganga,Yamuna,26.416666666666668,78.91666666666667,441145302,6,2026-08-14T00:00:00+00:00,3,396.1,0,Linked live river forecast reach,599.5988967237872
MP0240_Khera,Khera,Bhind,Ganga,Yamuna,26.416666666666668,78.91666666666667,441145302,6,2026-08-14T03:00:00+00:00,3,393.9,0,Linked live river forecast reach,599.5988967237872
MP0240_Khera,Khera,Bhind,Ganga,Yamuna,26.416666666666668,78.91666666666667,441145302,6,2026-08-14T06:00:00+00:00,3,392.1,0,Linked live river forecast reach,599.5988967237872
MP0240_Khera,Khera,Bhind,Ganga,Yamuna,26.416666666666668,78.91666666666667,441145302,6,2026-08-14T09:00:00+00:00,3,391.3,0,Linked live river forecast reach,599.5988967237872
MP0240_Khera,Khera,Bhind,Ganga,Yamuna,26.416666666666668,78.91666666666667,441145302,6,2026-08-14T12:00:00+00:00,3,390.6,0,Linked live river forecast reach,599.5988967237872
MP0240_Khera,Khera,Bhind,Ganga,Yamuna,26.416666666666668,78.91666666666667,441145302,6,2026-08-14T15:00:00+00:00,4,391.0,0,Linked live river forecast reach,599.5988967237872
MP0240_Khera,Khera,Bhind,Ganga,Yamuna,26.416666666666668,78.91666666666667,441145302,6,2026-08-14T18:00:00+00:00,4,393.3,0,Linked live river forecast reach,599.5988967237872
MP0240_Khera,Khera,Bhind,Ganga,Yamuna,26.416666666666668,78.91666666666667,441145302,6,2026-08-14T21:00:00+00:00,4,397.2,0,Linked live river forecast reach,599.5988967237872
MP0240_Khera,Khera,Bhind,Ganga,Yamuna,26.416666666666668,78.91666666666667,441145302,6,2026-08-15T00:00:00+00:00,4,401.4,0,Linked live river forecast reach,599.5988967237872
MP0240_Khera,Khera,Bhind,Ganga,Yamuna,26.416666666666668,78.91666666666667,441145302,6,2026-08-15T03:00:00+00:00,4,405.6,0,Linked live river forecast reach,599.5988967237872
MP0240_Khera,Khera,Bhind,Ganga,Yamuna,26.416666666666668,78.91666666666667,441145302,6,2026-08-15T06:00:00+00:00,4,409.8,0,Linked live river forecast reach,599.5988967237872
MP0240_Khera,Khera,Bhind,Ganga,Yamuna,26.416666666666668,78.91666666666667,441145302,6,2026-08-15T09:00:00+00:00,4,413.7,0,Linked live river forecast reach,599.5988967237872
MP0240_Khera,Khera,Bhind,Ganga,Yamuna,26.416666666666668,78.91666666666667,441145302,6,2026-08-15T12:00:00+00:00,4,416.5,0,Linked live river forecast reach,599.5988967237872
MP0240_Khera,Khera,Bhind,Ganga,Yamuna,26.416666666666668,78.91666666666667,441145302,6,2026-08-15T15:00:00+00:00,5,420.1,0,Linked live river forecast reach,599.5988967237872
MP0240_Khera,Khera,Bhind,Ganga,Yamuna,26.416666666666668,78.91666666666667,441145302,6,2026-08-15T18:00:00+00:00,5,424.4,0,Linked live river forecast reach,599.5988967237872
MP0240_Khera,Khera,Bhind,Ganga,Yamuna,26.416666666666668,78.91666666666667,441145302,6,2026-08-15T21:00:00+00:00,5,428.7,0,Linked live river forecast reach,599.5988967237872
MP0240_Khera,Khera,Bhind,Ganga,Yamuna,26.416666666666668,78.91666666666667,441145302,6,2026-08-16T00:00:00+00:00,5,433.1,0,Linked live river forecast reach,599.5988967237872
MP0240_Khera,Khera,Bhind,Ganga,Yamuna,26.416666666666668,78.91666666666667,441145302,6,2026-08-16T03:00:00+00:00,5,437.9,0,Linked live river forecast reach,599.5988967237872
MP0240_Khera,Khera,Bhind,Ganga,Yamuna,26.416666666666668,78.91666666666667,441145302,6,2026-08-16T06:00:00+00:00,5,444.1,0,Linked live river forecast reach,599.5988967237872
MP0240_Khera,Khera,Bhind,Ganga,Yamuna,26.416666666666668,78.91666666666667,441145302,6,2026-08-16T09:00:00+00:00,5,451.2,0,Linked live river forecast reach,599.5988967237872
MP0240_Khera,Khera,Bhind,Ganga,Yamuna,26.416666666666668,78.91666666666667,441145302,6,2026-08-16T12:00:00+00:00,5,459.0,0,Linked live river forecast reach,599.5988967237872
MP0240_Khera,Khera,Bhind,Ganga,Yamuna,26.416666666666668,78.91666666666667,441145302,6,2026-08-16T15:00:00+00:00,6,467.7,0,Linked live river forecast reach,599.5988967237872
MP0240_Khera,Khera,Bhind,Ganga,Yamuna,26.416666666666668,78.91666666666667,441145302,6,2026-08-16T18:00:00+00:00,6,477.2,0,Linked live river forecast reach,599.5988967237872
MP0240_Khera,Khera,Bhind,Ganga,Yamuna,26.416666666666668,78.91666666666667,441145302,6,2026-08-16T21:00:00+00:00,6,487.4,0,Linked live river forecast reach,599.5988967237872
MP0240_Khera,Khera,Bhind,Ganga,Yamuna,26.416666666666668,78.91666666666667,441145302,6,2026-08-17T00:00:00+00:00,6,498.0,0,Linked live river forecast reach,599.5988967237872
MP0240_Khera,Khera,Bhind,Ganga,Yamuna,26.416666666666668,78.91666666666667,441145302,6,2026-08-17T03:00:00+00:00,6,508.7,0,Linked live river forecast reach,599.5988967237872
MP0240_Khera,Khera,Bhind,Ganga,Yamuna,26.416666666666668,78.91666666666667,441145302,6,2026-08-17T06:00:00+00:00,6,519.7,0,Linked live river forecast reach,599.5988967237872
MP0240_Khera,Khera,Bhind,Ganga,Yamuna,26.416666666666668,78.91666666666667,441145302,6,2026-08-17T09:00:00+00:00,6,530.7,0,Linked live river forecast reach,599.5988967237872
MP0240_Khera,Khera,Bhind,Ganga,Yamuna,26.416666666666668,78.91666666666667,441145302,6,2026-08-17T12:00:00+00:00,6,541.3,0,Linked live river forecast reach,599.5988967237872
MP0240_Khera,Khera,Bhind,Ganga,Yamuna,26.416666666666668,78.91666666666667,441145302,6,2026-08-17T15:00:00+00:00,7,552.2,0,Linked live river forecast reach,599.5988967237872
MP0241_Krera,Karera,Shivpuri,Ganga,Yamuna,25.5,78.16666666666667,440963711,4,2026-08-10T15:00:00+00:00,0,49.6,0,Linked live river forecast reach,1912.797977652553
MP0241_Krera,Karera,Shivpuri,Ganga,Yamuna,25.5,78.16666666666667,440963711,4,2026-08-10T18:00:00+00:00,0,47.7,0,Linked live river forecast reach,1912.797977652553
MP0241_Krera,Karera,Shivpuri,Ganga,Yamuna,25.5,78.16666666666667,440963711,4,2026-08-10T21:00:00+00:00,0,48.6,0,Linked live river forecast reach,1912.797977652553
MP0241_Krera,Karera,Shivpuri,Ganga,Yamuna,25.5,78.16666666666667,440963711,4,2026-08-11T00:00:00+00:00,0,52.2,0,Linked live river forecast reach,1912.797977652553
MP0241_Krera,Karera,Shivpuri,Ganga,Yamuna,25.5,78.16666666666667,440963711,4,2026-08-11T03:00:00+00:00,0,54.8,0,Linked live river forecast reach,1912.797977652553
MP0241_Krera,Karera,Shivpuri,Ganga,Yamuna,25.5,78.16666666666667,440963711,4,2026-08-11T06:00:00+00:00,0,55.8,0,Linked live river forecast reach,1912.797977652553
MP0241_Krera,Karera,Shivpuri,Ganga,Yamuna,25.5,78.16666666666667,440963711,4,2026-08-11T09:00:00+00:00,0,53.4,0,Linked live river forecast reach,1912.797977652553
MP0241_Krera,Karera,Shivpuri,Ganga,Yamuna,25.5,78.16666666666667,440963711,4,2026-08-11T12:00:00+00:00,0,49.1,0,Linked live river forecast reach,1912.797977652553
MP0241_Krera,Karera,Shivpuri,Ganga,Yamuna,25.5,78.16666666666667,440963711,4,2026-08-11T15:00:00+00:00,1,45.9,0,Linked live river forecast reach,1912.797977652553
MP0241_Krera,Karera,Shivpuri,Ganga,Yamuna,25.5,78.16666666666667,440963711,4,2026-08-11T18:00:00+00:00,1,45.5,0,Linked live river forecast reach,1912.797977652553
MP0241_Krera,Karera,Shivpuri,Ganga,Yamuna,25.5,78.16666666666667,440963711,4,2026-08-11T21:00:00+00:00,1,49.4,0,Linked live river forecast reach,1912.797977652553
MP0241_Krera,Karera,Shivpuri,Ganga,Yamuna,25.5,78.16666666666667,440963711,4,2026-08-12T00:00:00+00:00,1,54.4,0,Linked live river forecast reach,1912.797977652553
MP0241_Krera,Karera,Shivpuri,Ganga,Yamuna,25.5,78.16666666666667,440963711,4,2026-08-12T03:00:00+00:00,1,58.2,0,Linked live river forecast reach,1912.797977652553
MP0241_Krera,Karera,Shivpuri,Ganga,Yamuna,25.5,78.16666666666667,440963711,4,2026-08-12T06:00:00+00:00,1,57.8,0,Linked live river forecast reach,1912.797977652553
MP0241_Krera,Karera,Shivpuri,Ganga,Yamuna,25.5,78.16666666666667,440963711,4,2026-08-12T09:00:00+00:00,1,53.2,0,Linked live river forecast reach,1912.797977652553
MP0241_Krera,Karera,Shivpuri,Ganga,Yamuna,25.5,78.16666666666667,440963711,4,2026-08-12T12:00:00+00:00,1,45.5,0,Linked live river forecast reach,1912.797977652553
MP0241_Krera,Karera,Shivpuri,Ganga,Yamuna,25.5,78.16666666666667,440963711,4,2026-08-12T15:00:00+00:00,2,37.9,0,Linked live river forecast reach,1912.797977652553
MP0241_Krera,Karera,Shivpuri,Ganga,Yamuna,25.5,78.16666666666667,440963711,4,2026-08-12T18:00:00+00:00,2,33.2,0,Linked live river forecast reach,1912.797977652553
MP0241_Krera,Karera,Shivpuri,Ganga,Yamuna,25.5,78.16666666666667,440963711,4,2026-08-12T21:00:00+00:00,2,31.0,0,Linked live river forecast reach,1912.797977652553
MP0241_Krera,Karera,Shivpuri,Ganga,Yamuna,25.5,78.16666666666667,440963711,4,2026-08-13T00:00:00+00:00,2,29.8,0,Linked live river forecast reach,1912.797977652553
MP0241_Krera,Karera,Shivpuri,Ganga,Yamuna,25.5,78.16666666666667,440963711,4,2026-08-13T03:00:00+00:00,2,28.2,0,Linked live river forecast reach,1912.797977652553
MP0241_Krera,Karera,Shivpuri,Ganga,Yamuna,25.5,78.16666666666667,440963711,4,2026-08-13T06:00:00+00:00,2,25.8,0,Linked live river forecast reach,1912.797977652553
MP0241_Krera,Karera,Shivpuri,Ganga,Yamuna,25.5,78.16666666666667,440963711,4,2026-08-13T09:00:00+00:00,2,22.8,0,Linked live river forecast reach,1912.797977652553
MP0241_Krera,Karera,Shivpuri,Ganga,Yamuna,25.5,78.16666666666667,440963711,4,2026-08-13T12:00:00+00:00,2,20.5,0,Linked live river forecast reach,1912.797977652553
MP0241_Krera,Karera,Shivpuri,Ganga,Yamuna,25.5,78.16666666666667,440963711,4,2026-08-13T15:00:00+00:00,3,19.9,0,Linked live river forecast reach,1912.797977652553
MP0241_Krera,Karera,Shivpuri,Ganga,Yamuna,25.5,78.16666666666667,440963711,4,2026-08-13T18:00:00+00:00,3,21.6,0,Linked live river forecast reach,1912.797977652553
MP0241_Krera,Karera,Shivpuri,Ganga,Yamuna,25.5,78.16666666666667,440963711,4,2026-08-13T21:00:00+00:00,3,23.5,0,Linked live river forecast reach,1912.797977652553
MP0241_Krera,Karera,Shivpuri,Ganga,Yamuna,25.5,78.16666666666667,440963711,4,2026-08-14T00:00:00+00:00,3,25.0,0,Linked live river forecast reach,1912.797977652553
MP0241_Krera,Karera,Shivpuri,Ganga,Yamuna,25.5,78.16666666666667,440963711,4,2026-08-14T03:00:00+00:00,3,26.6,0,Linked live river forecast reach,1912.797977652553
MP0241_Krera,Karera,Shivpuri,Ganga,Yamuna,25.5,78.16666666666667,440963711,4,2026-08-14T06:00:00+00:00,3,26.3,0,Linked live river forecast reach,1912.797977652553
MP0241_Krera,Karera,Shivpuri,Ganga,Yamuna,25.5,78.16666666666667,440963711,4,2026-08-14T09:00:00+00:00,3,25.6,0,Linked live river forecast reach,1912.797977652553
MP0241_Krera,Karera,Shivpuri,Ganga,Yamuna,25.5,78.16666666666667,440963711,4,2026-08-14T12:00:00+00:00,3,27.4,0,Linked live river forecast reach,1912.797977652553
MP0241_Krera,Karera,Shivpuri,Ganga,Yamuna,25.5,78.16666666666667,440963711,4,2026-08-14T15:00:00+00:00,4,30.2,0,Linked live river forecast reach,1912.797977652553
MP0241_Krera,Karera,Shivpuri,Ganga,Yamuna,25.5,78.16666666666667,440963711,4,2026-08-14T18:00:00+00:00,4,33.5,0,Linked live river forecast reach,1912.797977652553
MP0241_Krera,Karera,Shivpuri,Ganga,Yamuna,25.5,78.16666666666667,440963711,4,2026-08-14T21:00:00+00:00,4,35.9,0,Linked live river forecast reach,1912.797977652553
MP0241_Krera,Karera,Shivpuri,Ganga,Yamuna,25.5,78.16666666666667,440963711,4,2026-08-15T00:00:00+00:00,4,36.9,0,Linked live river forecast reach,1912.797977652553
MP0241_Krera,Karera,Shivpuri,Ganga,Yamuna,25.5,78.16666666666667,440963711,4,2026-08-15T03:00:00+00:00,4,37.0,0,Linked live river forecast reach,1912.797977652553
MP0241_Krera,Karera,Shivpuri,Ganga,Yamuna,25.5,78.16666666666667,440963711,4,2026-08-15T06:00:00+00:00,4,37.2,0,Linked live river forecast reach,1912.797977652553
MP0241_Krera,Karera,Shivpuri,Ganga,Yamuna,25.5,78.16666666666667,440963711,4,2026-08-15T09:00:00+00:00,4,39.8,0,Linked live river forecast reach,1912.797977652553
MP0241_Krera,Karera,Shivpuri,Ganga,Yamuna,25.5,78.16666666666667,440963711,4,2026-08-15T12:00:00+00:00,4,46.3,0,Linked live river forecast reach,1912.797977652553
MP0241_Krera,Karera,Shivpuri,Ganga,Yamuna,25.5,78.16666666666667,440963711,4,2026-08-15T15:00:00+00:00,5,55.2,0,Linked live river forecast reach,1912.797977652553
MP0241_Krera,Karera,Shivpuri,Ganga,Yamuna,25.5,78.16666666666667,440963711,4,2026-08-15T18:00:00+00:00,5,62.8,0,Linked live river forecast reach,1912.797977652553
MP0241_Krera,Karera,Shivpuri,Ganga,Yamuna,25.5,78.16666666666667,440963711,4,2026-08-15T21:00:00+00:00,5,68.7,0,Linked live river forecast reach,1912.797977652553
MP0241_Krera,Karera,Shivpuri,Ganga,Yamuna,25.5,78.16666666666667,440963711,4,2026-08-16T00:00:00+00:00,5,73.4,0,Linked live river forecast reach,1912.797977652553
MP0241_Krera,Karera,Shivpuri,Ganga,Yamuna,25.5,78.16666666666667,440963711,4,2026-08-16T03:00:00+00:00,5,75.2,0,Linked live river forecast reach,1912.797977652553
MP0241_Krera,Karera,Shivpuri,Ganga,Yamuna,25.5,78.16666666666667,440963711,4,2026-08-16T06:00:00+00:00,5,73.1,0,Linked live river forecast reach,1912.797977652553
MP0241_Krera,Karera,Shivpuri,Ganga,Yamuna,25.5,78.16666666666667,440963711,4,2026-08-16T09:00:00+00:00,5,69.2,0,Linked live river forecast reach,1912.797977652553
MP0241_Krera,Karera,Shivpuri,Ganga,Yamuna,25.5,78.16666666666667,440963711,4,2026-08-16T12:00:00+00:00,5,65.2,0,Linked live river forecast reach,1912.797977652553
MP0241_Krera,Karera,Shivpuri,Ganga,Yamuna,25.5,78.16666666666667,440963711,4,2026-08-16T15:00:00+00:00,6,61.7,0,Linked live river forecast reach,1912.797977652553
MP0241_Krera,Karera,Shivpuri,Ganga,Yamuna,25.5,78.16666666666667,440963711,4,2026-08-16T18:00:00+00:00,6,58.2,0,Linked live river forecast reach,1912.797977652553
MP0241_Krera,Karera,Shivpuri,Ganga,Yamuna,25.5,78.16666666666667,440963711,4,2026-08-16T21:00:00+00:00,6,54.1,0,Linked live river forecast reach,1912.797977652553
MP0241_Krera,Karera,Shivpuri,Ganga,Yamuna,25.5,78.16666666666667,440963711,4,2026-08-17T00:00:00+00:00,6,49.7,0,Linked live river forecast reach,1912.797977652553
MP0241_Krera,Karera,Shivpuri,Ganga,Yamuna,25.5,78.16666666666667,440963711,4,2026-08-17T03:00:00+00:00,6,45.5,0,Linked live river forecast reach,1912.797977652553
MP0241_Krera,Karera,Shivpuri,Ganga,Yamuna,25.5,78.16666666666667,440963711,4,2026-08-17T06:00:00+00:00,6,41.8,0,Linked live river forecast reach,1912.797977652553
MP0241_Krera,Karera,Shivpuri,Ganga,Yamuna,25.5,78.16666666666667,440963711,4,2026-08-17T09:00:00+00:00,6,38.9,0,Linked live river forecast reach,1912.797977652553
MP0241_Krera,Karera,Shivpuri,Ganga,Yamuna,25.5,78.16666666666667,440963711,4,2026-08-17T12:00:00+00:00,6,37.0,0,Linked live river forecast reach,1912.797977652553
MP0241_Krera,Karera,Shivpuri,Ganga,Yamuna,25.5,78.16666666666667,440963711,4,2026-08-17T15:00:00+00:00,7,37.0,0,Linked live river forecast reach,1912.797977652553
MP0242_Daboh,Daboh,Datia,Ganga,Yamuna,25.866666666666667,78.79722222222222,441046254,4,2026-08-10T15:00:00+00:00,0,61.1,0,Linked live river forecast reach,1269.5304471909935
MP0242_Daboh,Daboh,Datia,Ganga,Yamuna,25.866666666666667,78.79722222222222,441046254,4,2026-08-10T18:00:00+00:00,0,67.6,0,Linked live river forecast reach,1269.5304471909935
MP0242_Daboh,Daboh,Datia,Ganga,Yamuna,25.866666666666667,78.79722222222222,441046254,4,2026-08-10T21:00:00+00:00,0,73.8,0,Linked live river forecast reach,1269.5304471909935
MP0242_Daboh,Daboh,Datia,Ganga,Yamuna,25.866666666666667,78.79722222222222,441046254,4,2026-08-11T00:00:00+00:00,0,78.3,0,Linked live river forecast reach,1269.5304471909935
MP0242_Daboh,Daboh,Datia,Ganga,Yamuna,25.866666666666667,78.79722222222222,441046254,4,2026-08-11T03:00:00+00:00,0,82.0,0,Linked live river forecast reach,1269.5304471909935
MP0242_Daboh,Daboh,Datia,Ganga,Yamuna,25.866666666666667,78.79722222222222,441046254,4,2026-08-11T06:00:00+00:00,0,85.9,0,Linked live river forecast reach,1269.5304471909935
MP0242_Daboh,Daboh,Datia,Ganga,Yamuna,25.866666666666667,78.79722222222222,441046254,4,2026-08-11T09:00:00+00:00,0,91.4,0,Linked live river forecast reach,1269.5304471909935
MP0242_Daboh,Daboh,Datia,Ganga,Yamuna,25.866666666666667,78.79722222222222,441046254,4,2026-08-11T12:00:00+00:00,0,99.4,0,Linked live river forecast reach,1269.5304471909935
MP0242_Daboh,Daboh,Datia,Ganga,Yamuna,25.866666666666667,78.79722222222222,441046254,4,2026-08-11T15:00:00+00:00,1,108.6,0,Linked live river forecast reach,1269.5304471909935
MP0242_Daboh,Daboh,Datia,Ganga,Yamuna,25.866666666666667,78.79722222222222,441046254,4,2026-08-11T18:00:00+00:00,1,116.0,0,Linked live river forecast reach,1269.5304471909935
MP0242_Daboh,Daboh,Datia,Ganga,Yamuna,25.866666666666667,78.79722222222222,441046254,4,2026-08-11T21:00:00+00:00,1,118.1,0,Linked live river forecast reach,1269.5304471909935
MP0242_Daboh,Daboh,Datia,Ganga,Yamuna,25.866666666666667,78.79722222222222,441046254,4,2026-08-12T00:00:00+00:00,1,116.4,0,Linked live river forecast reach,1269.5304471909935
MP0242_Daboh,Daboh,Datia,Ganga,Yamuna,25.866666666666667,78.79722222222222,441046254,4,2026-08-12T03:00:00+00:00,1,113.4,0,Linked live river forecast reach,1269.5304471909935
MP0242_Daboh,Daboh,Datia,Ganga,Yamuna,25.866666666666667,78.79722222222222,441046254,4,2026-08-12T06:00:00+00:00,1,111.0,0,Linked live river forecast reach,1269.5304471909935
MP0242_Daboh,Daboh,Datia,Ganga,Yamuna,25.866666666666667,78.79722222222222,441046254,4,2026-08-12T09:00:00+00:00,1,110.6,0,Linked live river forecast reach,1269.5304471909935
MP0242_Daboh,Daboh,Datia,Ganga,Yamuna,25.866666666666667,78.79722222222222,441046254,4,2026-08-12T12:00:00+00:00,1,110.7,0,Linked live river forecast reach,1269.5304471909935
MP0242_Daboh,Daboh,Datia,Ganga,Yamuna,25.866666666666667,78.79722222222222,441046254,4,2026-08-12T15:00:00+00:00,2,110.0,0,Linked live river forecast reach,1269.5304471909935
MP0242_Daboh,Daboh,Datia,Ganga,Yamuna,25.866666666666667,78.79722222222222,441046254,4,2026-08-12T18:00:00+00:00,2,108.4,0,Linked live river forecast reach,1269.5304471909935
MP0242_Daboh,Daboh,Datia,Ganga,Yamuna,25.866666666666667,78.79722222222222,441046254,4,2026-08-12T21:00:00+00:00,2,103.2,0,Linked live river forecast reach,1269.5304471909935
MP0242_Daboh,Daboh,Datia,Ganga,Yamuna,25.866666666666667,78.79722222222222,441046254,4,2026-08-13T00:00:00+00:00,2,97.3,0,Linked live river forecast reach,1269.5304471909935
MP0242_Daboh,Daboh,Datia,Ganga,Yamuna,25.866666666666667,78.79722222222222,441046254,4,2026-08-13T03:00:00+00:00,2,91.7,0,Linked live river forecast reach,1269.5304471909935
MP0242_Daboh,Daboh,Datia,Ganga,Yamuna,25.866666666666667,78.79722222222222,441046254,4,2026-08-13T06:00:00+00:00,2,87.1,0,Linked live river forecast reach,1269.5304471909935
MP0242_Daboh,Daboh,Datia,Ganga,Yamuna,25.866666666666667,78.79722222222222,441046254,4,2026-08-13T09:00:00+00:00,2,81.4,0,Linked live river forecast reach,1269.5304471909935
MP0242_Daboh,Daboh,Datia,Ganga,Yamuna,25.866666666666667,78.79722222222222,441046254,4,2026-08-13T12:00:00+00:00,2,77.2,0,Linked live river forecast reach,1269.5304471909935
MP0242_Daboh,Daboh,Datia,Ganga,Yamuna,25.866666666666667,78.79722222222222,441046254,4,2026-08-13T15:00:00+00:00,3,76.4,0,Linked live river forecast reach,1269.5304471909935
MP0242_Daboh,Daboh,Datia,Ganga,Yamuna,25.866666666666667,78.79722222222222,441046254,4,2026-08-13T18:00:00+00:00,3,76.5,0,Linked live river forecast reach,1269.5304471909935
MP0242_Daboh,Daboh,Datia,Ganga,Yamuna,25.866666666666667,78.79722222222222,441046254,4,2026-08-13T21:00:00+00:00,3,75.0,0,Linked live river forecast reach,1269.5304471909935
MP0242_Daboh,Daboh,Datia,Ganga,Yamuna,25.866666666666667,78.79722222222222,441046254,4,2026-08-14T00:00:00+00:00,3,73.6,0,Linked live river forecast reach,1269.5304471909935
MP0242_Daboh,Daboh,Datia,Ganga,Yamuna,25.866666666666667,78.79722222222222,441046254,4,2026-08-14T03:00:00+00:00,3,72.9,0,Linked live river forecast reach,1269.5304471909935
MP0242_Daboh,Daboh,Datia,Ganga,Yamuna,25.866666666666667,78.79722222222222,441046254,4,2026-08-14T06:00:00+00:00,3,72.2,0,Linked live river forecast reach,1269.5304471909935
MP0242_Daboh,Daboh,Datia,Ganga,Yamuna,25.866666666666667,78.79722222222222,441046254,4,2026-08-14T09:00:00+00:00,3,71.3,0,Linked live river forecast reach,1269.5304471909935
MP0242_Daboh,Daboh,Datia,Ganga,Yamuna,25.866666666666667,78.79722222222222,441046254,4,2026-08-14T12:00:00+00:00,3,70.9,0,Linked live river forecast reach,1269.5304471909935
MP0242_Daboh,Daboh,Datia,Ganga,Yamuna,25.866666666666667,78.79722222222222,441046254,4,2026-08-14T15:00:00+00:00,4,69.9,0,Linked live river forecast reach,1269.5304471909935
MP0242_Daboh,Daboh,Datia,Ganga,Yamuna,25.866666666666667,78.79722222222222,441046254,4,2026-08-14T18:00:00+00:00,4,68.0,0,Linked live river forecast reach,1269.5304471909935
MP0242_Daboh,Daboh,Datia,Ganga,Yamuna,25.866666666666667,78.79722222222222,441046254,4,2026-08-14T21:00:00+00:00,4,65.9,0,Linked live river forecast reach,1269.5304471909935
MP0242_Daboh,Daboh,Datia,Ganga,Yamuna,25.866666666666667,78.79722222222222,441046254,4,2026-08-15T00:00:00+00:00,4,63.9,0,Linked live river forecast reach,1269.5304471909935
MP0242_Daboh,Daboh,Datia,Ganga,Yamuna,25.866666666666667,78.79722222222222,441046254,4,2026-08-15T03:00:00+00:00,4,62.4,0,Linked live river forecast reach,1269.5304471909935
MP0242_Daboh,Daboh,Datia,Ganga,Yamuna,25.866666666666667,78.79722222222222,441046254,4,2026-08-15T06:00:00+00:00,4,61.3,0,Linked live river forecast reach,1269.5304471909935
MP0242_Daboh,Daboh,Datia,Ganga,Yamuna,25.866666666666667,78.79722222222222,441046254,4,2026-08-15T09:00:00+00:00,4,60.9,0,Linked live river forecast reach,1269.5304471909935
MP0242_Daboh,Daboh,Datia,Ganga,Yamuna,25.866666666666667,78.79722222222222,441046254,4,2026-08-15T12:00:00+00:00,4,61.2,0,Linked live river forecast reach,1269.5304471909935
MP0242_Daboh,Daboh,Datia,Ganga,Yamuna,25.866666666666667,78.79722222222222,441046254,4,2026-08-15T15:00:00+00:00,5,61.0,0,Linked live river forecast reach,1269.5304471909935
MP0242_Daboh,Daboh,Datia,Ganga,Yamuna,25.866666666666667,78.79722222222222,441046254,4,2026-08-15T18:00:00+00:00,5,60.7,0,Linked live river forecast reach,1269.5304471909935
MP0242_Daboh,Daboh,Datia,Ganga,Yamuna,25.866666666666667,78.79722222222222,441046254,4,2026-08-15T21:00:00+00:00,5,61.0,0,Linked live river forecast reach,1269.5304471909935
MP0242_Daboh,Daboh,Datia,Ganga,Yamuna,25.866666666666667,78.79722222222222,441046254,4,2026-08-16T00:00:00+00:00,5,62.8,0,Linked live river forecast reach,1269.5304471909935
MP0242_Daboh,Daboh,Datia,Ganga,Yamuna,25.866666666666667,78.79722222222222,441046254,4,2026-08-16T03:00:00+00:00,5,65.2,0,Linked live river forecast reach,1269.5304471909935
MP0242_Daboh,Daboh,Datia,Ganga,Yamuna,25.866666666666667,78.79722222222222,441046254,4,2026-08-16T06:00:00+00:00,5,66.9,0,Linked live river forecast reach,1269.5304471909935
MP0242_Daboh,Daboh,Datia,Ganga,Yamuna,25.866666666666667,78.79722222222222,441046254,4,2026-08-16T09:00:00+00:00,5,67.6,0,Linked live river forecast reach,1269.5304471909935
MP0242_Daboh,Daboh,Datia,Ganga,Yamuna,25.866666666666667,78.79722222222222,441046254,4,2026-08-16T12:00:00+00:00,5,67.2,0,Linked live river forecast reach,1269.5304471909935
MP0242_Daboh,Daboh,Datia,Ganga,Yamuna,25.866666666666667,78.79722222222222,441046254,4,2026-08-16T15:00:00+00:00,6,66.2,0,Linked live river forecast reach,1269.5304471909935
MP0242_Daboh,Daboh,Datia,Ganga,Yamuna,25.866666666666667,78.79722222222222,441046254,4,2026-08-16T18:00:00+00:00,6,65.9,0,Linked live river forecast reach,1269.5304471909935
MP0242_Daboh,Daboh,Datia,Ganga,Yamuna,25.866666666666667,78.79722222222222,441046254,4,2026-08-16T21:00:00+00:00,6,66.0,0,Linked live river forecast reach,1269.5304471909935
MP0242_Daboh,Daboh,Datia,Ganga,Yamuna,25.866666666666667,78.79722222222222,441046254,4,2026-08-17T00:00:00+00:00,6,65.4,0,Linked live river forecast reach,1269.5304471909935
MP0242_Daboh,Daboh,Datia,Ganga,Yamuna,25.866666666666667,78.79722222222222,441046254,4,2026-08-17T03:00:00+00:00,6,63.9,0,Linked live river forecast reach,1269.5304471909935
MP0242_Daboh,Daboh,Datia,Ganga,Yamuna,25.866666666666667,78.79722222222222,441046254,4,2026-08-17T06:00:00+00:00,6,61.5,0,Linked live river forecast reach,1269.5304471909935
MP0242_Daboh,Daboh,Datia,Ganga,Yamuna,25.866666666666667,78.79722222222222,441046254,4,2026-08-17T09:00:00+00:00,6,59.1,0,Linked live river forecast reach,1269.5304471909935
MP0242_Daboh,Daboh,Datia,Ganga,Yamuna,25.866666666666667,78.79722222222222,441046254,4,2026-08-17T12:00:00+00:00,6,56.9,0,Linked live river forecast reach,1269.5304471909935
MP0242_Daboh,Daboh,Datia,Ganga,Yamuna,25.866666666666667,78.79722222222222,441046254,4,2026-08-17T15:00:00+00:00,7,54.8,0,Linked live river forecast reach,1269.5304471909935
MP1200_MAHI,MAHI,Dhar,Mahi,Mahi,23.038888888888888,75.01555555555555,440945931,4,2026-08-10T15:00:00+00:00,0,56.1,0,Linked live river forecast reach,67.22501035307351
MP1200_MAHI,MAHI,Dhar,Mahi,Mahi,23.038888888888888,75.01555555555555,440945931,4,2026-08-10T18:00:00+00:00,0,73.6,0,Linked live river forecast reach,67.22501035307351
MP1200_MAHI,MAHI,Dhar,Mahi,Mahi,23.038888888888888,75.01555555555555,440945931,4,2026-08-10T21:00:00+00:00,0,97.7,0,Linked live river forecast reach,67.22501035307351
MP1200_MAHI,MAHI,Dhar,Mahi,Mahi,23.038888888888888,75.01555555555555,440945931,4,2026-08-11T00:00:00+00:00,0,124.3,0,Linked live river forecast reach,67.22501035307351
MP1200_MAHI,MAHI,Dhar,Mahi,Mahi,23.038888888888888,75.01555555555555,440945931,4,2026-08-11T03:00:00+00:00,0,148.9,0,Linked live river forecast reach,67.22501035307351
MP1200_MAHI,MAHI,Dhar,Mahi,Mahi,23.038888888888888,75.01555555555555,440945931,4,2026-08-11T06:00:00+00:00,0,172.7,0,Linked live river forecast reach,67.22501035307351
MP1200_MAHI,MAHI,Dhar,Mahi,Mahi,23.038888888888888,75.01555555555555,440945931,4,2026-08-11T09:00:00+00:00,0,195.9,0,Linked live river forecast reach,67.22501035307351
MP1200_MAHI,MAHI,Dhar,Mahi,Mahi,23.038888888888888,75.01555555555555,440945931,4,2026-08-11T12:00:00+00:00,0,225.2,0,Linked live river forecast reach,67.22501035307351
MP1200_MAHI,MAHI,Dhar,Mahi,Mahi,23.038888888888888,75.01555555555555,440945931,4,2026-08-11T15:00:00+00:00,1,265.7,0,Linked live river forecast reach,67.22501035307351
MP1200_MAHI,MAHI,Dhar,Mahi,Mahi,23.038888888888888,75.01555555555555,440945931,4,2026-08-11T18:00:00+00:00,1,314.3,0,Linked live river forecast reach,67.22501035307351
MP1200_MAHI,MAHI,Dhar,Mahi,Mahi,23.038888888888888,75.01555555555555,440945931,4,2026-08-11T21:00:00+00:00,1,358.4,0,Linked live river forecast reach,67.22501035307351
MP1200_MAHI,MAHI,Dhar,Mahi,Mahi,23.038888888888888,75.01555555555555,440945931,4,2026-08-12T00:00:00+00:00,1,385.7,0,Linked live river forecast reach,67.22501035307351
MP1200_MAHI,MAHI,Dhar,Mahi,Mahi,23.038888888888888,75.01555555555555,440945931,4,2026-08-12T03:00:00+00:00,1,405.0,0,Linked live river forecast reach,67.22501035307351
MP1200_MAHI,MAHI,Dhar,Mahi,Mahi,23.038888888888888,75.01555555555555,440945931,4,2026-08-12T06:00:00+00:00,1,394.8,0,Linked live river forecast reach,67.22501035307351
MP1200_MAHI,MAHI,Dhar,Mahi,Mahi,23.038888888888888,75.01555555555555,440945931,4,2026-08-12T09:00:00+00:00,1,346.9,0,Linked live river forecast reach,67.22501035307351
MP1200_MAHI,MAHI,Dhar,Mahi,Mahi,23.038888888888888,75.01555555555555,440945931,4,2026-08-12T12:00:00+00:00,1,289.2,0,Linked live river forecast reach,67.22501035307351
MP1200_MAHI,MAHI,Dhar,Mahi,Mahi,23.038888888888888,75.01555555555555,440945931,4,2026-08-12T15:00:00+00:00,2,241.7,0,Linked live river forecast reach,67.22501035307351
MP1200_MAHI,MAHI,Dhar,Mahi,Mahi,23.038888888888888,75.01555555555555,440945931,4,2026-08-12T18:00:00+00:00,2,205.1,0,Linked live river forecast reach,67.22501035307351
MP1200_MAHI,MAHI,Dhar,Mahi,Mahi,23.038888888888888,75.01555555555555,440945931,4,2026-08-12T21:00:00+00:00,2,175.8,0,Linked live river forecast reach,67.22501035307351
MP1200_MAHI,MAHI,Dhar,Mahi,Mahi,23.038888888888888,75.01555555555555,440945931,4,2026-08-13T00:00:00+00:00,2,149.3,0,Linked live river forecast reach,67.22501035307351
MP1200_MAHI,MAHI,Dhar,Mahi,Mahi,23.038888888888888,75.01555555555555,440945931,4,2026-08-13T03:00:00+00:00,2,123.8,0,Linked live river forecast reach,67.22501035307351
MP1200_MAHI,MAHI,Dhar,Mahi,Mahi,23.038888888888888,75.01555555555555,440945931,4,2026-08-13T06:00:00+00:00,2,102.0,0,Linked live river forecast reach,67.22501035307351
MP1200_MAHI,MAHI,Dhar,Mahi,Mahi,23.038888888888888,75.01555555555555,440945931,4,2026-08-13T09:00:00+00:00,2,84.0,0,Linked live river forecast reach,67.22501035307351
MP1200_MAHI,MAHI,Dhar,Mahi,Mahi,23.038888888888888,75.01555555555555,440945931,4,2026-08-13T12:00:00+00:00,2,71.9,0,Linked live river forecast reach,67.22501035307351
MP1200_MAHI,MAHI,Dhar,Mahi,Mahi,23.038888888888888,75.01555555555555,440945931,4,2026-08-13T15:00:00+00:00,3,64.8,0,Linked live river forecast reach,67.22501035307351
MP1200_MAHI,MAHI,Dhar,Mahi,Mahi,23.038888888888888,75.01555555555555,440945931,4,2026-08-13T18:00:00+00:00,3,58.6,0,Linked live river forecast reach,67.22501035307351
MP1200_MAHI,MAHI,Dhar,Mahi,Mahi,23.038888888888888,75.01555555555555,440945931,4,2026-08-13T21:00:00+00:00,3,54.8,0,Linked live river forecast reach,67.22501035307351
MP1200_MAHI,MAHI,Dhar,Mahi,Mahi,23.038888888888888,75.01555555555555,440945931,4,2026-08-14T00:00:00+00:00,3,53.3,0,Linked live river forecast reach,67.22501035307351
MP1200_MAHI,MAHI,Dhar,Mahi,Mahi,23.038888888888888,75.01555555555555,440945931,4,2026-08-14T03:00:00+00:00,3,52.2,0,Linked live river forecast reach,67.22501035307351
MP1200_MAHI,MAHI,Dhar,Mahi,Mahi,23.038888888888888,75.01555555555555,440945931,4,2026-08-14T06:00:00+00:00,3,50.2,0,Linked live river forecast reach,67.22501035307351
MP1200_MAHI,MAHI,Dhar,Mahi,Mahi,23.038888888888888,75.01555555555555,440945931,4,2026-08-14T09:00:00+00:00,3,47.8,0,Linked live river forecast reach,67.22501035307351
MP1200_MAHI,MAHI,Dhar,Mahi,Mahi,23.038888888888888,75.01555555555555,440945931,4,2026-08-14T12:00:00+00:00,3,45.8,0,Linked live river forecast reach,67.22501035307351
MP1200_MAHI,MAHI,Dhar,Mahi,Mahi,23.038888888888888,75.01555555555555,440945931,4,2026-08-14T15:00:00+00:00,4,44.8,0,Linked live river forecast reach,67.22501035307351
MP1200_MAHI,MAHI,Dhar,Mahi,Mahi,23.038888888888888,75.01555555555555,440945931,4,2026-08-14T18:00:00+00:00,4,45.1,0,Linked live river forecast reach,67.22501035307351
MP1200_MAHI,MAHI,Dhar,Mahi,Mahi,23.038888888888888,75.01555555555555,440945931,4,2026-08-14T21:00:00+00:00,4,46.2,0,Linked live river forecast reach,67.22501035307351
MP1200_MAHI,MAHI,Dhar,Mahi,Mahi,23.038888888888888,75.01555555555555,440945931,4,2026-08-15T00:00:00+00:00,4,47.4,0,Linked live river forecast reach,67.22501035307351
MP1200_MAHI,MAHI,Dhar,Mahi,Mahi,23.038888888888888,75.01555555555555,440945931,4,2026-08-15T03:00:00+00:00,4,46.7,0,Linked live river forecast reach,67.22501035307351
MP1200_MAHI,MAHI,Dhar,Mahi,Mahi,23.038888888888888,75.01555555555555,440945931,4,2026-08-15T06:00:00+00:00,4,44.4,0,Linked live river forecast reach,67.22501035307351
MP1200_MAHI,MAHI,Dhar,Mahi,Mahi,23.038888888888888,75.01555555555555,440945931,4,2026-08-15T09:00:00+00:00,4,42.8,0,Linked live river forecast reach,67.22501035307351
MP1200_MAHI,MAHI,Dhar,Mahi,Mahi,23.038888888888888,75.01555555555555,440945931,4,2026-08-15T12:00:00+00:00,4,42.0,0,Linked live river forecast reach,67.22501035307351
MP1200_MAHI,MAHI,Dhar,Mahi,Mahi,23.038888888888888,75.01555555555555,440945931,4,2026-08-15T15:00:00+00:00,5,41.9,0,Linked live river forecast reach,67.22501035307351
MP1200_MAHI,MAHI,Dhar,Mahi,Mahi,23.038888888888888,75.01555555555555,440945931,4,2026-08-15T18:00:00+00:00,5,41.9,0,Linked live river forecast reach,67.22501035307351
MP1200_MAHI,MAHI,Dhar,Mahi,Mahi,23.038888888888888,75.01555555555555,440945931,4,2026-08-15T21:00:00+00:00,5,41.8,0,Linked live river forecast reach,67.22501035307351
MP1200_MAHI,MAHI,Dhar,Mahi,Mahi,23.038888888888888,75.01555555555555,440945931,4,2026-08-16T00:00:00+00:00,5,41.8,0,Linked live river forecast reach,67.22501035307351
MP1200_MAHI,MAHI,Dhar,Mahi,Mahi,23.038888888888888,75.01555555555555,440945931,4,2026-08-16T03:00:00+00:00,5,41.6,0,Linked live river forecast reach,67.22501035307351
MP1200_MAHI,MAHI,Dhar,Mahi,Mahi,23.038888888888888,75.01555555555555,440945931,4,2026-08-16T06:00:00+00:00,5,40.9,0,Linked live river forecast reach,67.22501035307351
MP1200_MAHI,MAHI,Dhar,Mahi,Mahi,23.038888888888888,75.01555555555555,440945931,4,2026-08-16T09:00:00+00:00,5,39.8,0,Linked live river forecast reach,67.22501035307351
MP1200_MAHI,MAHI,Dhar,Mahi,Mahi,23.038888888888888,75.01555555555555,440945931,4,2026-08-16T12:00:00+00:00,5,38.8,0,Linked live river forecast reach,67.22501035307351
MP1200_MAHI,MAHI,Dhar,Mahi,Mahi,23.038888888888888,75.01555555555555,440945931,4,2026-08-16T15:00:00+00:00,6,38.1,0,Linked live river forecast reach,67.22501035307351
MP1200_MAHI,MAHI,Dhar,Mahi,Mahi,23.038888888888888,75.01555555555555,440945931,4,2026-08-16T18:00:00+00:00,6,37.5,0,Linked live river forecast reach,67.22501035307351
MP1200_MAHI,MAHI,Dhar,Mahi,Mahi,23.038888888888888,75.01555555555555,440945931,4,2026-08-16T21:00:00+00:00,6,37.3,0,Linked live river forecast reach,67.22501035307351
MP1200_MAHI,MAHI,Dhar,Mahi,Mahi,23.038888888888888,75.01555555555555,440945931,4,2026-08-17T00:00:00+00:00,6,37.3,0,Linked live river forecast reach,67.22501035307351
MP1200_MAHI,MAHI,Dhar,Mahi,Mahi,23.038888888888888,75.01555555555555,440945931,4,2026-08-17T03:00:00+00:00,6,37.1,0,Linked live river forecast reach,67.22501035307351
MP1200_MAHI,MAHI,Dhar,Mahi,Mahi,23.038888888888888,75.01555555555555,440945931,4,2026-08-17T06:00:00+00:00,6,37.2,0,Linked live river forecast reach,67.22501035307351
MP1200_MAHI,MAHI,Dhar,Mahi,Mahi,23.038888888888888,75.01555555555555,440945931,4,2026-08-17T09:00:00+00:00,6,37.4,0,Linked live river forecast reach,67.22501035307351
MP1200_MAHI,MAHI,Dhar,Mahi,Mahi,23.038888888888888,75.01555555555555,440945931,4,2026-08-17T12:00:00+00:00,6,37.8,0,Linked live river forecast reach,67.22501035307351
MP1200_MAHI,MAHI,Dhar,Mahi,Mahi,23.038888888888888,75.01555555555555,440945931,4,2026-08-17T15:00:00+00:00,7,38.0,0,Linked live river forecast reach,67.22501035307351
MP1200_RNSGH,RaniSingh,Ratlam,Mahi,Mahi,23.158333333333335,74.91666666666667,441020230,5,2026-08-10T15:00:00+00:00,0,34.7,0,Linked live river forecast reach,354.5379518044566
MP1200_RNSGH,RaniSingh,Ratlam,Mahi,Mahi,23.158333333333335,74.91666666666667,441020230,5,2026-08-10T18:00:00+00:00,0,43.4,0,Linked live river forecast reach,354.5379518044566
MP1200_RNSGH,RaniSingh,Ratlam,Mahi,Mahi,23.158333333333335,74.91666666666667,441020230,5,2026-08-10T21:00:00+00:00,0,55.4,0,Linked live river forecast reach,354.5379518044566
MP1200_RNSGH,RaniSingh,Ratlam,Mahi,Mahi,23.158333333333335,74.91666666666667,441020230,5,2026-08-11T00:00:00+00:00,0,76.4,0,Linked live river forecast reach,354.5379518044566
MP1200_RNSGH,RaniSingh,Ratlam,Mahi,Mahi,23.158333333333335,74.91666666666667,441020230,5,2026-08-11T03:00:00+00:00,0,103.0,0,Linked live river forecast reach,354.5379518044566
MP1200_RNSGH,RaniSingh,Ratlam,Mahi,Mahi,23.158333333333335,74.91666666666667,441020230,5,2026-08-11T06:00:00+00:00,0,130.6,0,Linked live river forecast reach,354.5379518044566
MP1200_RNSGH,RaniSingh,Ratlam,Mahi,Mahi,23.158333333333335,74.91666666666667,441020230,5,2026-08-11T09:00:00+00:00,0,164.3,0,Linked live river forecast reach,354.5379518044566
MP1200_RNSGH,RaniSingh,Ratlam,Mahi,Mahi,23.158333333333335,74.91666666666667,441020230,5,2026-08-11T12:00:00+00:00,0,205.0,0,Linked live river forecast reach,354.5379518044566
MP1200_RNSGH,RaniSingh,Ratlam,Mahi,Mahi,23.158333333333335,74.91666666666667,441020230,5,2026-08-11T15:00:00+00:00,1,234.0,0,Linked live river forecast reach,354.5379518044566
MP1200_RNSGH,RaniSingh,Ratlam,Mahi,Mahi,23.158333333333335,74.91666666666667,441020230,5,2026-08-11T18:00:00+00:00,1,250.6,0,Linked live river forecast reach,354.5379518044566
MP1200_RNSGH,RaniSingh,Ratlam,Mahi,Mahi,23.158333333333335,74.91666666666667,441020230,5,2026-08-11T21:00:00+00:00,1,263.5,0,Linked live river forecast reach,354.5379518044566
MP1200_RNSGH,RaniSingh,Ratlam,Mahi,Mahi,23.158333333333335,74.91666666666667,441020230,5,2026-08-12T00:00:00+00:00,1,278.1,0,Linked live river forecast reach,354.5379518044566
MP1200_RNSGH,RaniSingh,Ratlam,Mahi,Mahi,23.158333333333335,74.91666666666667,441020230,5,2026-08-12T03:00:00+00:00,1,301.6,0,Linked live river forecast reach,354.5379518044566
MP1200_RNSGH,RaniSingh,Ratlam,Mahi,Mahi,23.158333333333335,74.91666666666667,441020230,5,2026-08-12T06:00:00+00:00,1,327.6,0,Linked live river forecast reach,354.5379518044566
MP1200_RNSGH,RaniSingh,Ratlam,Mahi,Mahi,23.158333333333335,74.91666666666667,441020230,5,2026-08-12T09:00:00+00:00,1,358.2,0,Linked live river forecast reach,354.5379518044566
MP1200_RNSGH,RaniSingh,Ratlam,Mahi,Mahi,23.158333333333335,74.91666666666667,441020230,5,2026-08-12T12:00:00+00:00,1,387.8,0,Linked live river forecast reach,354.5379518044566
MP1200_RNSGH,RaniSingh,Ratlam,Mahi,Mahi,23.158333333333335,74.91666666666667,441020230,5,2026-08-12T15:00:00+00:00,2,407.4,0,Linked live river forecast reach,354.5379518044566
MP1200_RNSGH,RaniSingh,Ratlam,Mahi,Mahi,23.158333333333335,74.91666666666667,441020230,5,2026-08-12T18:00:00+00:00,2,413.3,0,Linked live river forecast reach,354.5379518044566
MP1200_RNSGH,RaniSingh,Ratlam,Mahi,Mahi,23.158333333333335,74.91666666666667,441020230,5,2026-08-12T21:00:00+00:00,2,412.5,0,Linked live river forecast reach,354.5379518044566
MP1200_RNSGH,RaniSingh,Ratlam,Mahi,Mahi,23.158333333333335,74.91666666666667,441020230,5,2026-08-13T00:00:00+00:00,2,407.5,0,Linked live river forecast reach,354.5379518044566
MP1200_RNSGH,RaniSingh,Ratlam,Mahi,Mahi,23.158333333333335,74.91666666666667,441020230,5,2026-08-13T03:00:00+00:00,2,406.4,0,Linked live river forecast reach,354.5379518044566
MP1200_RNSGH,RaniSingh,Ratlam,Mahi,Mahi,23.158333333333335,74.91666666666667,441020230,5,2026-08-13T06:00:00+00:00,2,409.5,0,Linked live river forecast reach,354.5379518044566
MP1200_RNSGH,RaniSingh,Ratlam,Mahi,Mahi,23.158333333333335,74.91666666666667,441020230,5,2026-08-13T09:00:00+00:00,2,404.6,0,Linked live river forecast reach,354.5379518044566
MP1200_RNSGH,RaniSingh,Ratlam,Mahi,Mahi,23.158333333333335,74.91666666666667,441020230,5,2026-08-13T12:00:00+00:00,2,382.3,0,Linked live river forecast reach,354.5379518044566
MP1200_RNSGH,RaniSingh,Ratlam,Mahi,Mahi,23.158333333333335,74.91666666666667,441020230,5,2026-08-13T15:00:00+00:00,3,342.4,0,Linked live river forecast reach,354.5379518044566
MP1200_RNSGH,RaniSingh,Ratlam,Mahi,Mahi,23.158333333333335,74.91666666666667,441020230,5,2026-08-13T18:00:00+00:00,3,288.3,0,Linked live river forecast reach,354.5379518044566
MP1200_RNSGH,RaniSingh,Ratlam,Mahi,Mahi,23.158333333333335,74.91666666666667,441020230,5,2026-08-13T21:00:00+00:00,3,235.0,0,Linked live river forecast reach,354.5379518044566
MP1200_RNSGH,RaniSingh,Ratlam,Mahi,Mahi,23.158333333333335,74.91666666666667,441020230,5,2026-08-14T00:00:00+00:00,3,199.8,0,Linked live river forecast reach,354.5379518044566
MP1200_RNSGH,RaniSingh,Ratlam,Mahi,Mahi,23.158333333333335,74.91666666666667,441020230,5,2026-08-14T03:00:00+00:00,3,181.6,0,Linked live river forecast reach,354.5379518044566
MP1200_RNSGH,RaniSingh,Ratlam,Mahi,Mahi,23.158333333333335,74.91666666666667,441020230,5,2026-08-14T06:00:00+00:00,3,172.5,0,Linked live river forecast reach,354.5379518044566
MP1200_RNSGH,RaniSingh,Ratlam,Mahi,Mahi,23.158333333333335,74.91666666666667,441020230,5,2026-08-14T09:00:00+00:00,3,174.0,0,Linked live river forecast reach,354.5379518044566
MP1200_RNSGH,RaniSingh,Ratlam,Mahi,Mahi,23.158333333333335,74.91666666666667,441020230,5,2026-08-14T12:00:00+00:00,3,174.7,0,Linked live river forecast reach,354.5379518044566
MP1200_RNSGH,RaniSingh,Ratlam,Mahi,Mahi,23.158333333333335,74.91666666666667,441020230,5,2026-08-14T15:00:00+00:00,4,169.5,0,Linked live river forecast reach,354.5379518044566
MP1200_RNSGH,RaniSingh,Ratlam,Mahi,Mahi,23.158333333333335,74.91666666666667,441020230,5,2026-08-14T18:00:00+00:00,4,160.8,0,Linked live river forecast reach,354.5379518044566
MP1200_RNSGH,RaniSingh,Ratlam,Mahi,Mahi,23.158333333333335,74.91666666666667,441020230,5,2026-08-14T21:00:00+00:00,4,151.5,0,Linked live river forecast reach,354.5379518044566
MP1200_RNSGH,RaniSingh,Ratlam,Mahi,Mahi,23.158333333333335,74.91666666666667,441020230,5,2026-08-15T00:00:00+00:00,4,145.0,0,Linked live river forecast reach,354.5379518044566
MP1200_RNSGH,RaniSingh,Ratlam,Mahi,Mahi,23.158333333333335,74.91666666666667,441020230,5,2026-08-15T03:00:00+00:00,4,139.7,0,Linked live river forecast reach,354.5379518044566
MP1200_RNSGH,RaniSingh,Ratlam,Mahi,Mahi,23.158333333333335,74.91666666666667,441020230,5,2026-08-15T06:00:00+00:00,4,132.6,0,Linked live river forecast reach,354.5379518044566
MP1200_RNSGH,RaniSingh,Ratlam,Mahi,Mahi,23.158333333333335,74.91666666666667,441020230,5,2026-08-15T09:00:00+00:00,4,124.6,0,Linked live river forecast reach,354.5379518044566
MP1200_RNSGH,RaniSingh,Ratlam,Mahi,Mahi,23.158333333333335,74.91666666666667,441020230,5,2026-08-15T12:00:00+00:00,4,116.1,0,Linked live river forecast reach,354.5379518044566
MP1200_RNSGH,RaniSingh,Ratlam,Mahi,Mahi,23.158333333333335,74.91666666666667,441020230,5,2026-08-15T15:00:00+00:00,5,108.1,0,Linked live river forecast reach,354.5379518044566
MP1200_RNSGH,RaniSingh,Ratlam,Mahi,Mahi,23.158333333333335,74.91666666666667,441020230,5,2026-08-15T18:00:00+00:00,5,101.8,0,Linked live river forecast reach,354.5379518044566
MP1200_RNSGH,RaniSingh,Ratlam,Mahi,Mahi,23.158333333333335,74.91666666666667,441020230,5,2026-08-15T21:00:00+00:00,5,96.8,0,Linked live river forecast reach,354.5379518044566
MP1200_RNSGH,RaniSingh,Ratlam,Mahi,Mahi,23.158333333333335,74.91666666666667,441020230,5,2026-08-16T00:00:00+00:00,5,91.5,0,Linked live river forecast reach,354.5379518044566
MP1200_RNSGH,RaniSingh,Ratlam,Mahi,Mahi,23.158333333333335,74.91666666666667,441020230,5,2026-08-16T03:00:00+00:00,5,86.0,0,Linked live river forecast reach,354.5379518044566
MP1200_RNSGH,RaniSingh,Ratlam,Mahi,Mahi,23.158333333333335,74.91666666666667,441020230,5,2026-08-16T06:00:00+00:00,5,81.4,0,Linked live river forecast reach,354.5379518044566
MP1200_RNSGH,RaniSingh,Ratlam,Mahi,Mahi,23.158333333333335,74.91666666666667,441020230,5,2026-08-16T09:00:00+00:00,5,78.2,0,Linked live river forecast reach,354.5379518044566
MP1200_RNSGH,RaniSingh,Ratlam,Mahi,Mahi,23.158333333333335,74.91666666666667,441020230,5,2026-08-16T12:00:00+00:00,5,76.3,0,Linked live river forecast reach,354.5379518044566
MP1200_RNSGH,RaniSingh,Ratlam,Mahi,Mahi,23.158333333333335,74.91666666666667,441020230,5,2026-08-16T15:00:00+00:00,6,74.7,0,Linked live river forecast reach,354.5379518044566
MP1200_RNSGH,RaniSingh,Ratlam,Mahi,Mahi,23.158333333333335,74.91666666666667,441020230,5,2026-08-16T18:00:00+00:00,6,72.2,0,Linked live river forecast reach,354.5379518044566
MP1200_RNSGH,RaniSingh,Ratlam,Mahi,Mahi,23.158333333333335,74.91666666666667,441020230,5,2026-08-16T21:00:00+00:00,6,69.5,0,Linked live river forecast reach,354.5379518044566
MP1200_RNSGH,RaniSingh,Ratlam,Mahi,Mahi,23.158333333333335,74.91666666666667,441020230,5,2026-08-17T00:00:00+00:00,6,66.8,0,Linked live river forecast reach,354.5379518044566
MP1200_RNSGH,RaniSingh,Ratlam,Mahi,Mahi,23.158333333333335,74.91666666666667,441020230,5,2026-08-17T03:00:00+00:00,6,64.7,0,Linked live river forecast reach,354.5379518044566
MP1200_RNSGH,RaniSingh,Ratlam,Mahi,Mahi,23.158333333333335,74.91666666666667,441020230,5,2026-08-17T06:00:00+00:00,6,63.3,0,Linked live river forecast reach,354.5379518044566
MP1200_RNSGH,RaniSingh,Ratlam,Mahi,Mahi,23.158333333333335,74.91666666666667,441020230,5,2026-08-17T09:00:00+00:00,6,62.3,0,Linked live river forecast reach,354.5379518044566
MP1200_RNSGH,RaniSingh,Ratlam,Mahi,Mahi,23.158333333333335,74.91666666666667,441020230,5,2026-08-17T12:00:00+00:00,6,61.6,0,Linked live river forecast reach,354.5379518044566
MP1200_RNSGH,RaniSingh,Ratlam,Mahi,Mahi,23.158333333333335,74.91666666666667,441020230,5,2026-08-17T15:00:00+00:00,7,61.1,0,Linked live river forecast reach,354.5379518044566
MP1201_ANTBL,Anterbeliya,Jhabua,Mahi,Anas,22.857777777777777,74.5513888888889,440801459,5,2026-08-10T15:00:00+00:00,0,39.2,0,Linked live river forecast reach,227.2294467761197
MP1201_ANTBL,Anterbeliya,Jhabua,Mahi,Anas,22.857777777777777,74.5513888888889,440801459,5,2026-08-10T18:00:00+00:00,0,56.3,0,Linked live river forecast reach,227.2294467761197
MP1201_ANTBL,Anterbeliya,Jhabua,Mahi,Anas,22.857777777777777,74.5513888888889,440801459,5,2026-08-10T21:00:00+00:00,0,78.5,0,Linked live river forecast reach,227.2294467761197
MP1201_ANTBL,Anterbeliya,Jhabua,Mahi,Anas,22.857777777777777,74.5513888888889,440801459,5,2026-08-11T00:00:00+00:00,0,104.8,0,Linked live river forecast reach,227.2294467761197
MP1201_ANTBL,Anterbeliya,Jhabua,Mahi,Anas,22.857777777777777,74.5513888888889,440801459,5,2026-08-11T03:00:00+00:00,0,130.7,0,Linked live river forecast reach,227.2294467761197
MP1201_ANTBL,Anterbeliya,Jhabua,Mahi,Anas,22.857777777777777,74.5513888888889,440801459,5,2026-08-11T06:00:00+00:00,0,155.3,0,Linked live river forecast reach,227.2294467761197
MP1201_ANTBL,Anterbeliya,Jhabua,Mahi,Anas,22.857777777777777,74.5513888888889,440801459,5,2026-08-11T09:00:00+00:00,0,189.7,0,Linked live river forecast reach,227.2294467761197
MP1201_ANTBL,Anterbeliya,Jhabua,Mahi,Anas,22.857777777777777,74.5513888888889,440801459,5,2026-08-11T12:00:00+00:00,0,229.1,0,Linked live river forecast reach,227.2294467761197
MP1201_ANTBL,Anterbeliya,Jhabua,Mahi,Anas,22.857777777777777,74.5513888888889,440801459,5,2026-08-11T15:00:00+00:00,1,280.8,0,Linked live river forecast reach,227.2294467761197
MP1201_ANTBL,Anterbeliya,Jhabua,Mahi,Anas,22.857777777777777,74.5513888888889,440801459,5,2026-08-11T18:00:00+00:00,1,328.5,0,Linked live river forecast reach,227.2294467761197
MP1201_ANTBL,Anterbeliya,Jhabua,Mahi,Anas,22.857777777777777,74.5513888888889,440801459,5,2026-08-11T21:00:00+00:00,1,349.3,0,Linked live river forecast reach,227.2294467761197
MP1201_ANTBL,Anterbeliya,Jhabua,Mahi,Anas,22.857777777777777,74.5513888888889,440801459,5,2026-08-12T00:00:00+00:00,1,348.9,0,Linked live river forecast reach,227.2294467761197
MP1201_ANTBL,Anterbeliya,Jhabua,Mahi,Anas,22.857777777777777,74.5513888888889,440801459,5,2026-08-12T03:00:00+00:00,1,327.8,0,Linked live river forecast reach,227.2294467761197
MP1201_ANTBL,Anterbeliya,Jhabua,Mahi,Anas,22.857777777777777,74.5513888888889,440801459,5,2026-08-12T06:00:00+00:00,1,291.0,0,Linked live river forecast reach,227.2294467761197
MP1201_ANTBL,Anterbeliya,Jhabua,Mahi,Anas,22.857777777777777,74.5513888888889,440801459,5,2026-08-12T09:00:00+00:00,1,249.1,0,Linked live river forecast reach,227.2294467761197
MP1201_ANTBL,Anterbeliya,Jhabua,Mahi,Anas,22.857777777777777,74.5513888888889,440801459,5,2026-08-12T12:00:00+00:00,1,211.1,0,Linked live river forecast reach,227.2294467761197
MP1201_ANTBL,Anterbeliya,Jhabua,Mahi,Anas,22.857777777777777,74.5513888888889,440801459,5,2026-08-12T15:00:00+00:00,2,183.2,0,Linked live river forecast reach,227.2294467761197
MP1201_ANTBL,Anterbeliya,Jhabua,Mahi,Anas,22.857777777777777,74.5513888888889,440801459,5,2026-08-12T18:00:00+00:00,2,160.3,0,Linked live river forecast reach,227.2294467761197
MP1201_ANTBL,Anterbeliya,Jhabua,Mahi,Anas,22.857777777777777,74.5513888888889,440801459,5,2026-08-12T21:00:00+00:00,2,137.7,0,Linked live river forecast reach,227.2294467761197
MP1201_ANTBL,Anterbeliya,Jhabua,Mahi,Anas,22.857777777777777,74.5513888888889,440801459,5,2026-08-13T00:00:00+00:00,2,115.0,0,Linked live river forecast reach,227.2294467761197
MP1201_ANTBL,Anterbeliya,Jhabua,Mahi,Anas,22.857777777777777,74.5513888888889,440801459,5,2026-08-13T03:00:00+00:00,2,94.2,0,Linked live river forecast reach,227.2294467761197
MP1201_ANTBL,Anterbeliya,Jhabua,Mahi,Anas,22.857777777777777,74.5513888888889,440801459,5,2026-08-13T06:00:00+00:00,2,76.5,0,Linked live river forecast reach,227.2294467761197
MP1201_ANTBL,Anterbeliya,Jhabua,Mahi,Anas,22.857777777777777,74.5513888888889,440801459,5,2026-08-13T09:00:00+00:00,2,62.9,0,Linked live river forecast reach,227.2294467761197
MP1201_ANTBL,Anterbeliya,Jhabua,Mahi,Anas,22.857777777777777,74.5513888888889,440801459,5,2026-08-13T12:00:00+00:00,2,54.4,0,Linked live river forecast reach,227.2294467761197
MP1201_ANTBL,Anterbeliya,Jhabua,Mahi,Anas,22.857777777777777,74.5513888888889,440801459,5,2026-08-13T15:00:00+00:00,3,50.6,0,Linked live river forecast reach,227.2294467761197
MP1201_ANTBL,Anterbeliya,Jhabua,Mahi,Anas,22.857777777777777,74.5513888888889,440801459,5,2026-08-13T18:00:00+00:00,3,49.3,0,Linked live river forecast reach,227.2294467761197
MP1201_ANTBL,Anterbeliya,Jhabua,Mahi,Anas,22.857777777777777,74.5513888888889,440801459,5,2026-08-13T21:00:00+00:00,3,47.6,0,Linked live river forecast reach,227.2294467761197
MP1201_ANTBL,Anterbeliya,Jhabua,Mahi,Anas,22.857777777777777,74.5513888888889,440801459,5,2026-08-14T00:00:00+00:00,3,44.6,0,Linked live river forecast reach,227.2294467761197
MP1201_ANTBL,Anterbeliya,Jhabua,Mahi,Anas,22.857777777777777,74.5513888888889,440801459,5,2026-08-14T03:00:00+00:00,3,40.9,0,Linked live river forecast reach,227.2294467761197
MP1201_ANTBL,Anterbeliya,Jhabua,Mahi,Anas,22.857777777777777,74.5513888888889,440801459,5,2026-08-14T06:00:00+00:00,3,37.6,0,Linked live river forecast reach,227.2294467761197
MP1201_ANTBL,Anterbeliya,Jhabua,Mahi,Anas,22.857777777777777,74.5513888888889,440801459,5,2026-08-14T09:00:00+00:00,3,35.8,0,Linked live river forecast reach,227.2294467761197
MP1201_ANTBL,Anterbeliya,Jhabua,Mahi,Anas,22.857777777777777,74.5513888888889,440801459,5,2026-08-14T12:00:00+00:00,3,35.4,0,Linked live river forecast reach,227.2294467761197
MP1201_ANTBL,Anterbeliya,Jhabua,Mahi,Anas,22.857777777777777,74.5513888888889,440801459,5,2026-08-14T15:00:00+00:00,4,35.9,0,Linked live river forecast reach,227.2294467761197
MP1201_ANTBL,Anterbeliya,Jhabua,Mahi,Anas,22.857777777777777,74.5513888888889,440801459,5,2026-08-14T18:00:00+00:00,4,36.3,0,Linked live river forecast reach,227.2294467761197
MP1201_ANTBL,Anterbeliya,Jhabua,Mahi,Anas,22.857777777777777,74.5513888888889,440801459,5,2026-08-14T21:00:00+00:00,4,35.9,0,Linked live river forecast reach,227.2294467761197
MP1201_ANTBL,Anterbeliya,Jhabua,Mahi,Anas,22.857777777777777,74.5513888888889,440801459,5,2026-08-15T00:00:00+00:00,4,34.9,0,Linked live river forecast reach,227.2294467761197
MP1201_ANTBL,Anterbeliya,Jhabua,Mahi,Anas,22.857777777777777,74.5513888888889,440801459,5,2026-08-15T03:00:00+00:00,4,33.5,0,Linked live river forecast reach,227.2294467761197
MP1201_ANTBL,Anterbeliya,Jhabua,Mahi,Anas,22.857777777777777,74.5513888888889,440801459,5,2026-08-15T06:00:00+00:00,4,32.5,0,Linked live river forecast reach,227.2294467761197
MP1201_ANTBL,Anterbeliya,Jhabua,Mahi,Anas,22.857777777777777,74.5513888888889,440801459,5,2026-08-15T09:00:00+00:00,4,32.2,0,Linked live river forecast reach,227.2294467761197
MP1201_ANTBL,Anterbeliya,Jhabua,Mahi,Anas,22.857777777777777,74.5513888888889,440801459,5,2026-08-15T12:00:00+00:00,4,32.8,0,Linked live river forecast reach,227.2294467761197
MP1201_ANTBL,Anterbeliya,Jhabua,Mahi,Anas,22.857777777777777,74.5513888888889,440801459,5,2026-08-15T15:00:00+00:00,5,33.5,0,Linked live river forecast reach,227.2294467761197
MP1201_ANTBL,Anterbeliya,Jhabua,Mahi,Anas,22.857777777777777,74.5513888888889,440801459,5,2026-08-15T18:00:00+00:00,5,33.5,0,Linked live river forecast reach,227.2294467761197
MP1201_ANTBL,Anterbeliya,Jhabua,Mahi,Anas,22.857777777777777,74.5513888888889,440801459,5,2026-08-15T21:00:00+00:00,5,33.4,0,Linked live river forecast reach,227.2294467761197
MP1201_ANTBL,Anterbeliya,Jhabua,Mahi,Anas,22.857777777777777,74.5513888888889,440801459,5,2026-08-16T00:00:00+00:00,5,33.1,0,Linked live river forecast reach,227.2294467761197
MP1201_ANTBL,Anterbeliya,Jhabua,Mahi,Anas,22.857777777777777,74.5513888888889,440801459,5,2026-08-16T03:00:00+00:00,5,32.5,0,Linked live river forecast reach,227.2294467761197
MP1201_ANTBL,Anterbeliya,Jhabua,Mahi,Anas,22.857777777777777,74.5513888888889,440801459,5,2026-08-16T06:00:00+00:00,5,31.6,0,Linked live river forecast reach,227.2294467761197
MP1201_ANTBL,Anterbeliya,Jhabua,Mahi,Anas,22.857777777777777,74.5513888888889,440801459,5,2026-08-16T09:00:00+00:00,5,30.8,0,Linked live river forecast reach,227.2294467761197
MP1201_ANTBL,Anterbeliya,Jhabua,Mahi,Anas,22.857777777777777,74.5513888888889,440801459,5,2026-08-16T12:00:00+00:00,5,30.1,0,Linked live river forecast reach,227.2294467761197
MP1201_ANTBL,Anterbeliya,Jhabua,Mahi,Anas,22.857777777777777,74.5513888888889,440801459,5,2026-08-16T15:00:00+00:00,6,29.5,0,Linked live river forecast reach,227.2294467761197
MP1201_ANTBL,Anterbeliya,Jhabua,Mahi,Anas,22.857777777777777,74.5513888888889,440801459,5,2026-08-16T18:00:00+00:00,6,29.1,0,Linked live river forecast reach,227.2294467761197
MP1201_ANTBL,Anterbeliya,Jhabua,Mahi,Anas,22.857777777777777,74.5513888888889,440801459,5,2026-08-16T21:00:00+00:00,6,28.9,0,Linked live river forecast reach,227.2294467761197
MP1201_ANTBL,Anterbeliya,Jhabua,Mahi,Anas,22.857777777777777,74.5513888888889,440801459,5,2026-08-17T00:00:00+00:00,6,28.9,0,Linked live river forecast reach,227.2294467761197
MP1201_ANTBL,Anterbeliya,Jhabua,Mahi,Anas,22.857777777777777,74.5513888888889,440801459,5,2026-08-17T03:00:00+00:00,6,28.8,0,Linked live river forecast reach,227.2294467761197
MP1201_ANTBL,Anterbeliya,Jhabua,Mahi,Anas,22.857777777777777,74.5513888888889,440801459,5,2026-08-17T06:00:00+00:00,6,28.8,0,Linked live river forecast reach,227.2294467761197
MP1201_ANTBL,Anterbeliya,Jhabua,Mahi,Anas,22.857777777777777,74.5513888888889,440801459,5,2026-08-17T09:00:00+00:00,6,28.9,0,Linked live river forecast reach,227.2294467761197
MP1201_ANTBL,Anterbeliya,Jhabua,Mahi,Anas,22.857777777777777,74.5513888888889,440801459,5,2026-08-17T12:00:00+00:00,6,29.1,0,Linked live river forecast reach,227.2294467761197
MP1201_ANTBL,Anterbeliya,Jhabua,Mahi,Anas,22.857777777777777,74.5513888888889,440801459,5,2026-08-17T15:00:00+00:00,7,29.2,0,Linked live river forecast reach,227.2294467761197
MP1201_MOD,Mod,Jhabua,Mahi,Anas,22.8125,74.51361111111112,440848245,3,2026-08-10T15:00:00+00:00,0,3.1,0,Linked live river forecast reach,272.413906946099
MP1201_RMBHP,Rambhapur,Jhabua,Mahi,Anas,22.951666666666668,74.45111111111112,440800079,4,2026-08-10T15:00:00+00:00,0,35.6,0,Linked live river forecast reach,136.3849726373045
MP1201_RMBHP,Rambhapur,Jhabua,Mahi,Anas,22.951666666666668,74.45111111111112,440800079,4,2026-08-10T18:00:00+00:00,0,53.1,0,Linked live river forecast reach,136.3849726373045
MP1201_RMBHP,Rambhapur,Jhabua,Mahi,Anas,22.951666666666668,74.45111111111112,440800079,4,2026-08-10T21:00:00+00:00,0,75.7,0,Linked live river forecast reach,136.3849726373045
MP1201_RMBHP,Rambhapur,Jhabua,Mahi,Anas,22.951666666666668,74.45111111111112,440800079,4,2026-08-11T00:00:00+00:00,0,94.3,0,Linked live river forecast reach,136.3849726373045
MP1201_RMBHP,Rambhapur,Jhabua,Mahi,Anas,22.951666666666668,74.45111111111112,440800079,4,2026-08-11T03:00:00+00:00,0,111.5,0,Linked live river forecast reach,136.3849726373045
MP1201_RMBHP,Rambhapur,Jhabua,Mahi,Anas,22.951666666666668,74.45111111111112,440800079,4,2026-08-11T06:00:00+00:00,0,134.6,0,Linked live river forecast reach,136.3849726373045
MP1201_RMBHP,Rambhapur,Jhabua,Mahi,Anas,22.951666666666668,74.45111111111112,440800079,4,2026-08-11T09:00:00+00:00,0,155.4,0,Linked live river forecast reach,136.3849726373045
MP1201_RMBHP,Rambhapur,Jhabua,Mahi,Anas,22.951666666666668,74.45111111111112,440800079,4,2026-08-11T12:00:00+00:00,0,171.8,0,Linked live river forecast reach,136.3849726373045
MP1201_RMBHP,Rambhapur,Jhabua,Mahi,Anas,22.951666666666668,74.45111111111112,440800079,4,2026-08-11T15:00:00+00:00,1,177.0,0,Linked live river forecast reach,136.3849726373045
MP1201_RMBHP,Rambhapur,Jhabua,Mahi,Anas,22.951666666666668,74.45111111111112,440800079,4,2026-08-11T18:00:00+00:00,1,175.0,0,Linked live river forecast reach,136.3849726373045
MP1201_RMBHP,Rambhapur,Jhabua,Mahi,Anas,22.951666666666668,74.45111111111112,440800079,4,2026-08-11T21:00:00+00:00,1,168.5,0,Linked live river forecast reach,136.3849726373045
MP1201_RMBHP,Rambhapur,Jhabua,Mahi,Anas,22.951666666666668,74.45111111111112,440800079,4,2026-08-12T00:00:00+00:00,1,156.2,0,Linked live river forecast reach,136.3849726373045
MP1201_RMBHP,Rambhapur,Jhabua,Mahi,Anas,22.951666666666668,74.45111111111112,440800079,4,2026-08-12T03:00:00+00:00,1,144.1,0,Linked live river forecast reach,136.3849726373045
MP1201_RMBHP,Rambhapur,Jhabua,Mahi,Anas,22.951666666666668,74.45111111111112,440800079,4,2026-08-12T06:00:00+00:00,1,132.7,0,Linked live river forecast reach,136.3849726373045
MP1201_RMBHP,Rambhapur,Jhabua,Mahi,Anas,22.951666666666668,74.45111111111112,440800079,4,2026-08-12T09:00:00+00:00,1,119.4,0,Linked live river forecast reach,136.3849726373045
MP1201_RMBHP,Rambhapur,Jhabua,Mahi,Anas,22.951666666666668,74.45111111111112,440800079,4,2026-08-12T12:00:00+00:00,1,104.9,0,Linked live river forecast reach,136.3849726373045
MP1201_RMBHP,Rambhapur,Jhabua,Mahi,Anas,22.951666666666668,74.45111111111112,440800079,4,2026-08-12T15:00:00+00:00,2,91.1,0,Linked live river forecast reach,136.3849726373045
MP1201_RMBHP,Rambhapur,Jhabua,Mahi,Anas,22.951666666666668,74.45111111111112,440800079,4,2026-08-12T18:00:00+00:00,2,81.1,0,Linked live river forecast reach,136.3849726373045
MP1201_RMBHP,Rambhapur,Jhabua,Mahi,Anas,22.951666666666668,74.45111111111112,440800079,4,2026-08-12T21:00:00+00:00,2,73.4,0,Linked live river forecast reach,136.3849726373045
MP1201_RMBHP,Rambhapur,Jhabua,Mahi,Anas,22.951666666666668,74.45111111111112,440800079,4,2026-08-13T00:00:00+00:00,2,67.3,0,Linked live river forecast reach,136.3849726373045
MP1201_RMBHP,Rambhapur,Jhabua,Mahi,Anas,22.951666666666668,74.45111111111112,440800079,4,2026-08-13T03:00:00+00:00,2,63.0,0,Linked live river forecast reach,136.3849726373045
MP1201_RMBHP,Rambhapur,Jhabua,Mahi,Anas,22.951666666666668,74.45111111111112,440800079,4,2026-08-13T06:00:00+00:00,2,59.2,0,Linked live river forecast reach,136.3849726373045
MP1201_RMBHP,Rambhapur,Jhabua,Mahi,Anas,22.951666666666668,74.45111111111112,440800079,4,2026-08-13T09:00:00+00:00,2,57.5,0,Linked live river forecast reach,136.3849726373045
MP1201_RMBHP,Rambhapur,Jhabua,Mahi,Anas,22.951666666666668,74.45111111111112,440800079,4,2026-08-13T12:00:00+00:00,2,58.8,0,Linked live river forecast reach,136.3849726373045
MP1201_RMBHP,Rambhapur,Jhabua,Mahi,Anas,22.951666666666668,74.45111111111112,440800079,4,2026-08-13T15:00:00+00:00,3,62.4,0,Linked live river forecast reach,136.3849726373045
MP1201_RMBHP,Rambhapur,Jhabua,Mahi,Anas,22.951666666666668,74.45111111111112,440800079,4,2026-08-13T18:00:00+00:00,3,67.7,0,Linked live river forecast reach,136.3849726373045
MP1201_RMBHP,Rambhapur,Jhabua,Mahi,Anas,22.951666666666668,74.45111111111112,440800079,4,2026-08-13T21:00:00+00:00,3,70.6,0,Linked live river forecast reach,136.3849726373045
MP1201_RMBHP,Rambhapur,Jhabua,Mahi,Anas,22.951666666666668,74.45111111111112,440800079,4,2026-08-14T00:00:00+00:00,3,66.8,0,Linked live river forecast reach,136.3849726373045
MP1201_RMBHP,Rambhapur,Jhabua,Mahi,Anas,22.951666666666668,74.45111111111112,440800079,4,2026-08-14T03:00:00+00:00,3,58.4,0,Linked live river forecast reach,136.3849726373045
MP1201_RMBHP,Rambhapur,Jhabua,Mahi,Anas,22.951666666666668,74.45111111111112,440800079,4,2026-08-14T06:00:00+00:00,3,50.0,0,Linked live river forecast reach,136.3849726373045
MP1201_RMBHP,Rambhapur,Jhabua,Mahi,Anas,22.951666666666668,74.45111111111112,440800079,4,2026-08-14T09:00:00+00:00,3,44.1,0,Linked live river forecast reach,136.3849726373045
MP1201_RMBHP,Rambhapur,Jhabua,Mahi,Anas,22.951666666666668,74.45111111111112,440800079,4,2026-08-14T12:00:00+00:00,3,41.0,0,Linked live river forecast reach,136.3849726373045
MP1201_RMBHP,Rambhapur,Jhabua,Mahi,Anas,22.951666666666668,74.45111111111112,440800079,4,2026-08-14T15:00:00+00:00,4,39.3,0,Linked live river forecast reach,136.3849726373045
MP1201_RMBHP,Rambhapur,Jhabua,Mahi,Anas,22.951666666666668,74.45111111111112,440800079,4,2026-08-14T18:00:00+00:00,4,38.2,0,Linked live river forecast reach,136.3849726373045
MP1201_RMBHP,Rambhapur,Jhabua,Mahi,Anas,22.951666666666668,74.45111111111112,440800079,4,2026-08-14T21:00:00+00:00,4,37.4,0,Linked live river forecast reach,136.3849726373045
MP1201_RMBHP,Rambhapur,Jhabua,Mahi,Anas,22.951666666666668,74.45111111111112,440800079,4,2026-08-15T00:00:00+00:00,4,36.7,0,Linked live river forecast reach,136.3849726373045
MP1201_RMBHP,Rambhapur,Jhabua,Mahi,Anas,22.951666666666668,74.45111111111112,440800079,4,2026-08-15T03:00:00+00:00,4,36.3,0,Linked live river forecast reach,136.3849726373045
MP1201_RMBHP,Rambhapur,Jhabua,Mahi,Anas,22.951666666666668,74.45111111111112,440800079,4,2026-08-15T06:00:00+00:00,4,35.9,0,Linked live river forecast reach,136.3849726373045
MP1201_RMBHP,Rambhapur,Jhabua,Mahi,Anas,22.951666666666668,74.45111111111112,440800079,4,2026-08-15T09:00:00+00:00,4,35.5,0,Linked live river forecast reach,136.3849726373045
MP1201_RMBHP,Rambhapur,Jhabua,Mahi,Anas,22.951666666666668,74.45111111111112,440800079,4,2026-08-15T12:00:00+00:00,4,35.2,0,Linked live river forecast reach,136.3849726373045
MP1201_RMBHP,Rambhapur,Jhabua,Mahi,Anas,22.951666666666668,74.45111111111112,440800079,4,2026-08-15T15:00:00+00:00,5,34.7,0,Linked live river forecast reach,136.3849726373045
MP1201_RMBHP,Rambhapur,Jhabua,Mahi,Anas,22.951666666666668,74.45111111111112,440800079,4,2026-08-15T18:00:00+00:00,5,34.1,0,Linked live river forecast reach,136.3849726373045
MP1201_RMBHP,Rambhapur,Jhabua,Mahi,Anas,22.951666666666668,74.45111111111112,440800079,4,2026-08-15T21:00:00+00:00,5,33.5,0,Linked live river forecast reach,136.3849726373045
MP1201_RMBHP,Rambhapur,Jhabua,Mahi,Anas,22.951666666666668,74.45111111111112,440800079,4,2026-08-16T00:00:00+00:00,5,33.0,0,Linked live river forecast reach,136.3849726373045
MP1201_RMBHP,Rambhapur,Jhabua,Mahi,Anas,22.951666666666668,74.45111111111112,440800079,4,2026-08-16T03:00:00+00:00,5,32.5,0,Linked live river forecast reach,136.3849726373045
MP1201_RMBHP,Rambhapur,Jhabua,Mahi,Anas,22.951666666666668,74.45111111111112,440800079,4,2026-08-16T06:00:00+00:00,5,32.1,0,Linked live river forecast reach,136.3849726373045
MP1201_RMBHP,Rambhapur,Jhabua,Mahi,Anas,22.951666666666668,74.45111111111112,440800079,4,2026-08-16T09:00:00+00:00,5,31.7,0,Linked live river forecast reach,136.3849726373045
MP1201_RMBHP,Rambhapur,Jhabua,Mahi,Anas,22.951666666666668,74.45111111111112,440800079,4,2026-08-16T12:00:00+00:00,5,31.4,0,Linked live river forecast reach,136.3849726373045
MP1201_RMBHP,Rambhapur,Jhabua,Mahi,Anas,22.951666666666668,74.45111111111112,440800079,4,2026-08-16T15:00:00+00:00,6,31.1,0,Linked live river forecast reach,136.3849726373045
MP1201_RMBHP,Rambhapur,Jhabua,Mahi,Anas,22.951666666666668,74.45111111111112,440800079,4,2026-08-16T18:00:00+00:00,6,30.8,0,Linked live river forecast reach,136.3849726373045
MP1201_RMBHP,Rambhapur,Jhabua,Mahi,Anas,22.951666666666668,74.45111111111112,440800079,4,2026-08-16T21:00:00+00:00,6,30.5,0,Linked live river forecast reach,136.3849726373045
MP1201_RMBHP,Rambhapur,Jhabua,Mahi,Anas,22.951666666666668,74.45111111111112,440800079,4,2026-08-17T00:00:00+00:00,6,30.2,0,Linked live river forecast reach,136.3849726373045
MP1201_RMBHP,Rambhapur,Jhabua,Mahi,Anas,22.951666666666668,74.45111111111112,440800079,4,2026-08-17T03:00:00+00:00,6,29.9,0,Linked live river forecast reach,136.3849726373045
MP1201_RMBHP,Rambhapur,Jhabua,Mahi,Anas,22.951666666666668,74.45111111111112,440800079,4,2026-08-17T06:00:00+00:00,6,29.6,0,Linked live river forecast reach,136.3849726373045
MP1201_RMBHP,Rambhapur,Jhabua,Mahi,Anas,22.951666666666668,74.45111111111112,440800079,4,2026-08-17T09:00:00+00:00,6,29.2,0,Linked live river forecast reach,136.3849726373045
MP1201_RMBHP,Rambhapur,Jhabua,Mahi,Anas,22.951666666666668,74.45111111111112,440800079,4,2026-08-17T12:00:00+00:00,6,28.9,0,Linked live river forecast reach,136.3849726373045
MP1201_RMBHP,Rambhapur,Jhabua,Mahi,Anas,22.951666666666668,74.45111111111112,440800079,4,2026-08-17T15:00:00+00:00,7,28.6,0,Linked live river forecast reach,136.3849726373045
MP1202_DABRI,Dabri,Ratlam,Mahi,Undwa,23.175833333333333,74.93194444444444,440879876,3,2026-08-10T15:00:00+00:00,0,12.4,0,Linked live river forecast reach,200.48220999109873
MP1203_BMNYA,Bamnia,Jhabua,Mahi,Larki,23.099722222222223,74.78861111111111,440846856,4,2026-08-10T15:00:00+00:00,0,12.9,0,Linked live river forecast reach,31.10602505039424
MP1204_KNDPR,KUNDANPUR,Ratlam,Mahi,Telni,23.377777777777776,74.60666666666667,440899132,3,2026-08-10T15:00:00+00:00,0,23.5,0,Linked live river forecast reach,574.8574426358359
MP1204_KNDPR,KUNDANPUR,Ratlam,Mahi,Telni,23.377777777777776,74.60666666666667,440899132,3,2026-08-10T18:00:00+00:00,0,31.0,0,Linked live river forecast reach,574.8574426358359
MP1204_KNDPR,KUNDANPUR,Ratlam,Mahi,Telni,23.377777777777776,74.60666666666667,440899132,3,2026-08-10T21:00:00+00:00,0,37.6,0,Linked live river forecast reach,574.8574426358359
MP1204_KNDPR,KUNDANPUR,Ratlam,Mahi,Telni,23.377777777777776,74.60666666666667,440899132,3,2026-08-11T00:00:00+00:00,0,43.3,0,Linked live river forecast reach,574.8574426358359
MP1204_KNDPR,KUNDANPUR,Ratlam,Mahi,Telni,23.377777777777776,74.60666666666667,440899132,3,2026-08-11T03:00:00+00:00,0,51.7,0,Linked live river forecast reach,574.8574426358359
MP1204_KNDPR,KUNDANPUR,Ratlam,Mahi,Telni,23.377777777777776,74.60666666666667,440899132,3,2026-08-11T06:00:00+00:00,0,64.2,0,Linked live river forecast reach,574.8574426358359
MP1204_KNDPR,KUNDANPUR,Ratlam,Mahi,Telni,23.377777777777776,74.60666666666667,440899132,3,2026-08-11T09:00:00+00:00,0,71.5,0,Linked live river forecast reach,574.8574426358359
MP1204_KNDPR,KUNDANPUR,Ratlam,Mahi,Telni,23.377777777777776,74.60666666666667,440899132,3,2026-08-11T12:00:00+00:00,0,71.8,0,Linked live river forecast reach,574.8574426358359
MP1204_KNDPR,KUNDANPUR,Ratlam,Mahi,Telni,23.377777777777776,74.60666666666667,440899132,3,2026-08-11T15:00:00+00:00,1,74.3,0,Linked live river forecast reach,574.8574426358359
MP1204_KNDPR,KUNDANPUR,Ratlam,Mahi,Telni,23.377777777777776,74.60666666666667,440899132,3,2026-08-11T18:00:00+00:00,1,76.6,0,Linked live river forecast reach,574.8574426358359
MP1204_KNDPR,KUNDANPUR,Ratlam,Mahi,Telni,23.377777777777776,74.60666666666667,440899132,3,2026-08-11T21:00:00+00:00,1,77.2,0,Linked live river forecast reach,574.8574426358359
MP1204_KNDPR,KUNDANPUR,Ratlam,Mahi,Telni,23.377777777777776,74.60666666666667,440899132,3,2026-08-12T00:00:00+00:00,1,74.0,0,Linked live river forecast reach,574.8574426358359
MP1204_KNDPR,KUNDANPUR,Ratlam,Mahi,Telni,23.377777777777776,74.60666666666667,440899132,3,2026-08-12T03:00:00+00:00,1,70.1,0,Linked live river forecast reach,574.8574426358359
MP1204_KNDPR,KUNDANPUR,Ratlam,Mahi,Telni,23.377777777777776,74.60666666666667,440899132,3,2026-08-12T06:00:00+00:00,1,63.9,0,Linked live river forecast reach,574.8574426358359
MP1204_KNDPR,KUNDANPUR,Ratlam,Mahi,Telni,23.377777777777776,74.60666666666667,440899132,3,2026-08-12T09:00:00+00:00,1,55.3,0,Linked live river forecast reach,574.8574426358359
MP1204_KNDPR,KUNDANPUR,Ratlam,Mahi,Telni,23.377777777777776,74.60666666666667,440899132,3,2026-08-12T12:00:00+00:00,1,49.0,0,Linked live river forecast reach,574.8574426358359
MP1204_KNDPR,KUNDANPUR,Ratlam,Mahi,Telni,23.377777777777776,74.60666666666667,440899132,3,2026-08-12T15:00:00+00:00,2,45.7,0,Linked live river forecast reach,574.8574426358359
MP1204_KNDPR,KUNDANPUR,Ratlam,Mahi,Telni,23.377777777777776,74.60666666666667,440899132,3,2026-08-12T18:00:00+00:00,2,42.6,0,Linked live river forecast reach,574.8574426358359
MP1204_KNDPR,KUNDANPUR,Ratlam,Mahi,Telni,23.377777777777776,74.60666666666667,440899132,3,2026-08-12T21:00:00+00:00,2,37.9,0,Linked live river forecast reach,574.8574426358359
MP1204_KNDPR,KUNDANPUR,Ratlam,Mahi,Telni,23.377777777777776,74.60666666666667,440899132,3,2026-08-13T00:00:00+00:00,2,33.6,0,Linked live river forecast reach,574.8574426358359
MP1204_KNDPR,KUNDANPUR,Ratlam,Mahi,Telni,23.377777777777776,74.60666666666667,440899132,3,2026-08-13T03:00:00+00:00,2,30.4,0,Linked live river forecast reach,574.8574426358359
MP1204_KNDPR,KUNDANPUR,Ratlam,Mahi,Telni,23.377777777777776,74.60666666666667,440899132,3,2026-08-13T06:00:00+00:00,2,29.0,0,Linked live river forecast reach,574.8574426358359
MP1204_KNDPR,KUNDANPUR,Ratlam,Mahi,Telni,23.377777777777776,74.60666666666667,440899132,3,2026-08-13T09:00:00+00:00,2,28.6,0,Linked live river forecast reach,574.8574426358359
MP1204_KNDPR,KUNDANPUR,Ratlam,Mahi,Telni,23.377777777777776,74.60666666666667,440899132,3,2026-08-13T12:00:00+00:00,2,28.9,0,Linked live river forecast reach,574.8574426358359
MP1204_KNDPR,KUNDANPUR,Ratlam,Mahi,Telni,23.377777777777776,74.60666666666667,440899132,3,2026-08-13T15:00:00+00:00,3,31.2,0,Linked live river forecast reach,574.8574426358359
MP1204_KNDPR,KUNDANPUR,Ratlam,Mahi,Telni,23.377777777777776,74.60666666666667,440899132,3,2026-08-13T18:00:00+00:00,3,33.7,0,Linked live river forecast reach,574.8574426358359
MP1204_KNDPR,KUNDANPUR,Ratlam,Mahi,Telni,23.377777777777776,74.60666666666667,440899132,3,2026-08-13T21:00:00+00:00,3,33.2,0,Linked live river forecast reach,574.8574426358359
MP1204_KNDPR,KUNDANPUR,Ratlam,Mahi,Telni,23.377777777777776,74.60666666666667,440899132,3,2026-08-14T00:00:00+00:00,3,29.8,0,Linked live river forecast reach,574.8574426358359
MP1204_KNDPR,KUNDANPUR,Ratlam,Mahi,Telni,23.377777777777776,74.60666666666667,440899132,3,2026-08-14T03:00:00+00:00,3,26.0,0,Linked live river forecast reach,574.8574426358359
MP1204_KNDPR,KUNDANPUR,Ratlam,Mahi,Telni,23.377777777777776,74.60666666666667,440899132,3,2026-08-14T06:00:00+00:00,3,23.0,0,Linked live river forecast reach,574.8574426358359
MP1204_KNDPR,KUNDANPUR,Ratlam,Mahi,Telni,23.377777777777776,74.60666666666667,440899132,3,2026-08-14T09:00:00+00:00,3,21.2,0,Linked live river forecast reach,574.8574426358359
MP1204_KNDPR,KUNDANPUR,Ratlam,Mahi,Telni,23.377777777777776,74.60666666666667,440899132,3,2026-08-14T12:00:00+00:00,3,20.3,0,Linked live river forecast reach,574.8574426358359
MP1204_KNDPR,KUNDANPUR,Ratlam,Mahi,Telni,23.377777777777776,74.60666666666667,440899132,3,2026-08-14T15:00:00+00:00,4,19.5,0,Linked live river forecast reach,574.8574426358359
MP1204_KNDPR,KUNDANPUR,Ratlam,Mahi,Telni,23.377777777777776,74.60666666666667,440899132,3,2026-08-14T18:00:00+00:00,4,18.7,0,Linked live river forecast reach,574.8574426358359
MP1204_KNDPR,KUNDANPUR,Ratlam,Mahi,Telni,23.377777777777776,74.60666666666667,440899132,3,2026-08-14T21:00:00+00:00,4,18.1,0,Linked live river forecast reach,574.8574426358359
MP1204_KNDPR,KUNDANPUR,Ratlam,Mahi,Telni,23.377777777777776,74.60666666666667,440899132,3,2026-08-15T00:00:00+00:00,4,17.7,0,Linked live river forecast reach,574.8574426358359
MP1204_KNDPR,KUNDANPUR,Ratlam,Mahi,Telni,23.377777777777776,74.60666666666667,440899132,3,2026-08-15T03:00:00+00:00,4,17.4,0,Linked live river forecast reach,574.8574426358359
MP1204_KNDPR,KUNDANPUR,Ratlam,Mahi,Telni,23.377777777777776,74.60666666666667,440899132,3,2026-08-15T06:00:00+00:00,4,17.1,0,Linked live river forecast reach,574.8574426358359
MP1204_KNDPR,KUNDANPUR,Ratlam,Mahi,Telni,23.377777777777776,74.60666666666667,440899132,3,2026-08-15T09:00:00+00:00,4,16.9,0,Linked live river forecast reach,574.8574426358359
MP1204_KNDPR,KUNDANPUR,Ratlam,Mahi,Telni,23.377777777777776,74.60666666666667,440899132,3,2026-08-15T12:00:00+00:00,4,16.7,0,Linked live river forecast reach,574.8574426358359
MP1204_KNDPR,KUNDANPUR,Ratlam,Mahi,Telni,23.377777777777776,74.60666666666667,440899132,3,2026-08-15T15:00:00+00:00,5,16.4,0,Linked live river forecast reach,574.8574426358359
MP1204_KNDPR,KUNDANPUR,Ratlam,Mahi,Telni,23.377777777777776,74.60666666666667,440899132,3,2026-08-15T18:00:00+00:00,5,16.1,0,Linked live river forecast reach,574.8574426358359
MP1204_KNDPR,KUNDANPUR,Ratlam,Mahi,Telni,23.377777777777776,74.60666666666667,440899132,3,2026-08-15T21:00:00+00:00,5,15.8,0,Linked live river forecast reach,574.8574426358359
MP1204_KNDPR,KUNDANPUR,Ratlam,Mahi,Telni,23.377777777777776,74.60666666666667,440899132,3,2026-08-16T00:00:00+00:00,5,15.6,0,Linked live river forecast reach,574.8574426358359
MP1204_KNDPR,KUNDANPUR,Ratlam,Mahi,Telni,23.377777777777776,74.60666666666667,440899132,3,2026-08-16T03:00:00+00:00,5,15.4,0,Linked live river forecast reach,574.8574426358359
MP1204_KNDPR,KUNDANPUR,Ratlam,Mahi,Telni,23.377777777777776,74.60666666666667,440899132,3,2026-08-16T06:00:00+00:00,5,15.2,0,Linked live river forecast reach,574.8574426358359
MP1204_KNDPR,KUNDANPUR,Ratlam,Mahi,Telni,23.377777777777776,74.60666666666667,440899132,3,2026-08-16T09:00:00+00:00,5,15.1,0,Linked live river forecast reach,574.8574426358359
MP1204_KNDPR,KUNDANPUR,Ratlam,Mahi,Telni,23.377777777777776,74.60666666666667,440899132,3,2026-08-16T12:00:00+00:00,5,15.0,0,Linked live river forecast reach,574.8574426358359
MP1204_KNDPR,KUNDANPUR,Ratlam,Mahi,Telni,23.377777777777776,74.60666666666667,440899132,3,2026-08-16T15:00:00+00:00,6,14.9,0,Linked live river forecast reach,574.8574426358359
MP1204_KNDPR,KUNDANPUR,Ratlam,Mahi,Telni,23.377777777777776,74.60666666666667,440899132,3,2026-08-16T18:00:00+00:00,6,14.6,0,Linked live river forecast reach,574.8574426358359
MP1204_KNDPR,KUNDANPUR,Ratlam,Mahi,Telni,23.377777777777776,74.60666666666667,440899132,3,2026-08-16T21:00:00+00:00,6,14.4,0,Linked live river forecast reach,574.8574426358359
MP1204_KNDPR,KUNDANPUR,Ratlam,Mahi,Telni,23.377777777777776,74.60666666666667,440899132,3,2026-08-17T00:00:00+00:00,6,14.2,0,Linked live river forecast reach,574.8574426358359
MP1204_KNDPR,KUNDANPUR,Ratlam,Mahi,Telni,23.377777777777776,74.60666666666667,440899132,3,2026-08-17T03:00:00+00:00,6,14.1,0,Linked live river forecast reach,574.8574426358359
MP1204_KNDPR,KUNDANPUR,Ratlam,Mahi,Telni,23.377777777777776,74.60666666666667,440899132,3,2026-08-17T06:00:00+00:00,6,13.9,0,Linked live river forecast reach,574.8574426358359
MP1204_KNDPR,KUNDANPUR,Ratlam,Mahi,Telni,23.377777777777776,74.60666666666667,440899132,3,2026-08-17T09:00:00+00:00,6,13.7,0,Linked live river forecast reach,574.8574426358359
MP1204_KNDPR,KUNDANPUR,Ratlam,Mahi,Telni,23.377777777777776,74.60666666666667,440899132,3,2026-08-17T12:00:00+00:00,6,13.6,0,Linked live river forecast reach,574.8574426358359
MP1204_KNDPR,KUNDANPUR,Ratlam,Mahi,Telni,23.377777777777776,74.60666666666667,440899132,3,2026-08-17T15:00:00+00:00,7,13.4,0,Linked live river forecast reach,574.8574426358359
MP1100_Bhdli,Bhadli,Khargon,Narmada,Veda,21.850833333333334,75.60527777777777,440841407,4,2026-08-10T15:00:00+00:00,0,15.5,0,Linked live river forecast reach,18.252522120313486
MP1100_Bmhni,Bamhni_Mandla,Mandla,Narmada,Banjar,22.483333333333334,80.36666666666666,440696897,2,2026-08-10T15:00:00+00:00,0,5.8,0,Linked live river forecast reach,1117.6592805440619
MP1100_Bmhni,Bamhni_Mandla,Mandla,Narmada,Banjar,22.483333333333334,80.36666666666666,440696897,2,2026-08-10T18:00:00+00:00,0,4.0,0,Linked live river forecast reach,1117.6592805440619
MP1100_Bmhni,Bamhni_Mandla,Mandla,Narmada,Banjar,22.483333333333334,80.36666666666666,440696897,2,2026-08-10T21:00:00+00:00,0,3.8,0,Linked live river forecast reach,1117.6592805440619
MP1100_Bmhni,Bamhni_Mandla,Mandla,Narmada,Banjar,22.483333333333334,80.36666666666666,440696897,2,2026-08-11T00:00:00+00:00,0,3.8,0,Linked live river forecast reach,1117.6592805440619
MP1100_Bmhni,Bamhni_Mandla,Mandla,Narmada,Banjar,22.483333333333334,80.36666666666666,440696897,2,2026-08-11T03:00:00+00:00,0,4.4,0,Linked live river forecast reach,1117.6592805440619
MP1100_Bmhni,Bamhni_Mandla,Mandla,Narmada,Banjar,22.483333333333334,80.36666666666666,440696897,2,2026-08-11T06:00:00+00:00,0,4.8,0,Linked live river forecast reach,1117.6592805440619
MP1100_Bmhni,Bamhni_Mandla,Mandla,Narmada,Banjar,22.483333333333334,80.36666666666666,440696897,2,2026-08-11T09:00:00+00:00,0,5.1,0,Linked live river forecast reach,1117.6592805440619
MP1100_Bmhni,Bamhni_Mandla,Mandla,Narmada,Banjar,22.483333333333334,80.36666666666666,440696897,2,2026-08-11T12:00:00+00:00,0,7.1,0,Linked live river forecast reach,1117.6592805440619
MP1100_Bmhni,Bamhni_Mandla,Mandla,Narmada,Banjar,22.483333333333334,80.36666666666666,440696897,2,2026-08-11T15:00:00+00:00,1,7.0,0,Linked live river forecast reach,1117.6592805440619
MP1100_Bmhni,Bamhni_Mandla,Mandla,Narmada,Banjar,22.483333333333334,80.36666666666666,440696897,2,2026-08-11T18:00:00+00:00,1,5.7,0,Linked live river forecast reach,1117.6592805440619
MP1100_Bmhni,Bamhni_Mandla,Mandla,Narmada,Banjar,22.483333333333334,80.36666666666666,440696897,2,2026-08-11T21:00:00+00:00,1,5.2,0,Linked live river forecast reach,1117.6592805440619
MP1100_Bmhni,Bamhni_Mandla,Mandla,Narmada,Banjar,22.483333333333334,80.36666666666666,440696897,2,2026-08-12T00:00:00+00:00,1,5.9,0,Linked live river forecast reach,1117.6592805440619
MP1100_Bmhni,Bamhni_Mandla,Mandla,Narmada,Banjar,22.483333333333334,80.36666666666666,440696897,2,2026-08-12T03:00:00+00:00,1,5.2,0,Linked live river forecast reach,1117.6592805440619
MP1100_Bmhni,Bamhni_Mandla,Mandla,Narmada,Banjar,22.483333333333334,80.36666666666666,440696897,2,2026-08-12T06:00:00+00:00,1,4.1,0,Linked live river forecast reach,1117.6592805440619
MP1100_Bmhni,Bamhni_Mandla,Mandla,Narmada,Banjar,22.483333333333334,80.36666666666666,440696897,2,2026-08-12T09:00:00+00:00,1,3.9,0,Linked live river forecast reach,1117.6592805440619
MP1100_Bmhni,Bamhni_Mandla,Mandla,Narmada,Banjar,22.483333333333334,80.36666666666666,440696897,2,2026-08-12T12:00:00+00:00,1,4.2,0,Linked live river forecast reach,1117.6592805440619
MP1100_Bmhni,Bamhni_Mandla,Mandla,Narmada,Banjar,22.483333333333334,80.36666666666666,440696897,2,2026-08-12T15:00:00+00:00,2,3.8,0,Linked live river forecast reach,1117.6592805440619
MP1100_Bmhni,Bamhni_Mandla,Mandla,Narmada,Banjar,22.483333333333334,80.36666666666666,440696897,2,2026-08-12T18:00:00+00:00,2,3.6,0,Linked live river forecast reach,1117.6592805440619
MP1100_Bmhni,Bamhni_Mandla,Mandla,Narmada,Banjar,22.483333333333334,80.36666666666666,440696897,2,2026-08-12T21:00:00+00:00,2,3.5,0,Linked live river forecast reach,1117.6592805440619
MP1100_Bmhni,Bamhni_Mandla,Mandla,Narmada,Banjar,22.483333333333334,80.36666666666666,440696897,2,2026-08-13T00:00:00+00:00,2,3.6,0,Linked live river forecast reach,1117.6592805440619
MP1100_Bmhni,Bamhni_Mandla,Mandla,Narmada,Banjar,22.483333333333334,80.36666666666666,440696897,2,2026-08-13T03:00:00+00:00,2,4.5,0,Linked live river forecast reach,1117.6592805440619
MP1100_Bmhni,Bamhni_Mandla,Mandla,Narmada,Banjar,22.483333333333334,80.36666666666666,440696897,2,2026-08-13T06:00:00+00:00,2,3.9,0,Linked live river forecast reach,1117.6592805440619
MP1100_Bmhni,Bamhni_Mandla,Mandla,Narmada,Banjar,22.483333333333334,80.36666666666666,440696897,2,2026-08-13T09:00:00+00:00,2,4.0,0,Linked live river forecast reach,1117.6592805440619
MP1100_Bmhni,Bamhni_Mandla,Mandla,Narmada,Banjar,22.483333333333334,80.36666666666666,440696897,2,2026-08-13T12:00:00+00:00,2,4.7,0,Linked live river forecast reach,1117.6592805440619
MP1100_Bmhni,Bamhni_Mandla,Mandla,Narmada,Banjar,22.483333333333334,80.36666666666666,440696897,2,2026-08-13T15:00:00+00:00,3,4.5,0,Linked live river forecast reach,1117.6592805440619
MP1100_Bmhni,Bamhni_Mandla,Mandla,Narmada,Banjar,22.483333333333334,80.36666666666666,440696897,2,2026-08-13T18:00:00+00:00,3,3.8,0,Linked live river forecast reach,1117.6592805440619
MP1100_Bmhni,Bamhni_Mandla,Mandla,Narmada,Banjar,22.483333333333334,80.36666666666666,440696897,2,2026-08-13T21:00:00+00:00,3,3.8,0,Linked live river forecast reach,1117.6592805440619
MP1100_Bmhni,Bamhni_Mandla,Mandla,Narmada,Banjar,22.483333333333334,80.36666666666666,440696897,2,2026-08-14T00:00:00+00:00,3,4.4,0,Linked live river forecast reach,1117.6592805440619
MP1100_Bmhni,Bamhni_Mandla,Mandla,Narmada,Banjar,22.483333333333334,80.36666666666666,440696897,2,2026-08-14T03:00:00+00:00,3,4.2,0,Linked live river forecast reach,1117.6592805440619
MP1100_Bmhni,Bamhni_Mandla,Mandla,Narmada,Banjar,22.483333333333334,80.36666666666666,440696897,2,2026-08-14T06:00:00+00:00,3,4.6,0,Linked live river forecast reach,1117.6592805440619
MP1100_Bmhni,Bamhni_Mandla,Mandla,Narmada,Banjar,22.483333333333334,80.36666666666666,440696897,2,2026-08-14T09:00:00+00:00,3,6.0,0,Linked live river forecast reach,1117.6592805440619
MP1100_Bmhni,Bamhni_Mandla,Mandla,Narmada,Banjar,22.483333333333334,80.36666666666666,440696897,2,2026-08-14T12:00:00+00:00,3,9.6,0,Linked live river forecast reach,1117.6592805440619
MP1100_Bmhni,Bamhni_Mandla,Mandla,Narmada,Banjar,22.483333333333334,80.36666666666666,440696897,2,2026-08-14T15:00:00+00:00,4,7.8,0,Linked live river forecast reach,1117.6592805440619
MP1100_Bmhni,Bamhni_Mandla,Mandla,Narmada,Banjar,22.483333333333334,80.36666666666666,440696897,2,2026-08-14T18:00:00+00:00,4,6.4,0,Linked live river forecast reach,1117.6592805440619
MP1100_Bmhni,Bamhni_Mandla,Mandla,Narmada,Banjar,22.483333333333334,80.36666666666666,440696897,2,2026-08-14T21:00:00+00:00,4,7.4,0,Linked live river forecast reach,1117.6592805440619
MP1100_Bmhni,Bamhni_Mandla,Mandla,Narmada,Banjar,22.483333333333334,80.36666666666666,440696897,2,2026-08-15T00:00:00+00:00,4,10.1,0,Linked live river forecast reach,1117.6592805440619
MP1100_Bmhni,Bamhni_Mandla,Mandla,Narmada,Banjar,22.483333333333334,80.36666666666666,440696897,2,2026-08-15T03:00:00+00:00,4,9.9,0,Linked live river forecast reach,1117.6592805440619
MP1100_Bmhni,Bamhni_Mandla,Mandla,Narmada,Banjar,22.483333333333334,80.36666666666666,440696897,2,2026-08-15T06:00:00+00:00,4,9.7,0,Linked live river forecast reach,1117.6592805440619
MP1100_Bmhni,Bamhni_Mandla,Mandla,Narmada,Banjar,22.483333333333334,80.36666666666666,440696897,2,2026-08-15T09:00:00+00:00,4,9.6,0,Linked live river forecast reach,1117.6592805440619
MP1100_Bmhni,Bamhni_Mandla,Mandla,Narmada,Banjar,22.483333333333334,80.36666666666666,440696897,2,2026-08-15T12:00:00+00:00,4,9.5,0,Linked live river forecast reach,1117.6592805440619
MP1100_Bmhni,Bamhni_Mandla,Mandla,Narmada,Banjar,22.483333333333334,80.36666666666666,440696897,2,2026-08-15T15:00:00+00:00,5,7.8,0,Linked live river forecast reach,1117.6592805440619
MP1100_Bmhni,Bamhni_Mandla,Mandla,Narmada,Banjar,22.483333333333334,80.36666666666666,440696897,2,2026-08-15T18:00:00+00:00,5,7.4,0,Linked live river forecast reach,1117.6592805440619
MP1100_Bmhni,Bamhni_Mandla,Mandla,Narmada,Banjar,22.483333333333334,80.36666666666666,440696897,2,2026-08-15T21:00:00+00:00,5,9.1,0,Linked live river forecast reach,1117.6592805440619
MP1100_Bmhni,Bamhni_Mandla,Mandla,Narmada,Banjar,22.483333333333334,80.36666666666666,440696897,2,2026-08-16T00:00:00+00:00,5,9.7,0,Linked live river forecast reach,1117.6592805440619
MP1100_Bmhni,Bamhni_Mandla,Mandla,Narmada,Banjar,22.483333333333334,80.36666666666666,440696897,2,2026-08-16T03:00:00+00:00,5,11.2,0,Linked live river forecast reach,1117.6592805440619
MP1100_Bmhni,Bamhni_Mandla,Mandla,Narmada,Banjar,22.483333333333334,80.36666666666666,440696897,2,2026-08-16T06:00:00+00:00,5,11.7,0,Linked live river forecast reach,1117.6592805440619
MP1100_Bmhni,Bamhni_Mandla,Mandla,Narmada,Banjar,22.483333333333334,80.36666666666666,440696897,2,2026-08-16T09:00:00+00:00,5,10.0,0,Linked live river forecast reach,1117.6592805440619
MP1100_Bmhni,Bamhni_Mandla,Mandla,Narmada,Banjar,22.483333333333334,80.36666666666666,440696897,2,2026-08-16T12:00:00+00:00,5,9.6,0,Linked live river forecast reach,1117.6592805440619
MP1100_Bmhni,Bamhni_Mandla,Mandla,Narmada,Banjar,22.483333333333334,80.36666666666666,440696897,2,2026-08-16T15:00:00+00:00,6,7.5,0,Linked live river forecast reach,1117.6592805440619
MP1100_Bmhni,Bamhni_Mandla,Mandla,Narmada,Banjar,22.483333333333334,80.36666666666666,440696897,2,2026-08-16T18:00:00+00:00,6,6.9,0,Linked live river forecast reach,1117.6592805440619
MP1100_Bmhni,Bamhni_Mandla,Mandla,Narmada,Banjar,22.483333333333334,80.36666666666666,440696897,2,2026-08-16T21:00:00+00:00,6,7.7,0,Linked live river forecast reach,1117.6592805440619
MP1100_Bmhni,Bamhni_Mandla,Mandla,Narmada,Banjar,22.483333333333334,80.36666666666666,440696897,2,2026-08-17T00:00:00+00:00,6,7.9,0,Linked live river forecast reach,1117.6592805440619
MP1100_Bmhni,Bamhni_Mandla,Mandla,Narmada,Banjar,22.483333333333334,80.36666666666666,440696897,2,2026-08-17T03:00:00+00:00,6,7.2,0,Linked live river forecast reach,1117.6592805440619
MP1100_Bmhni,Bamhni_Mandla,Mandla,Narmada,Banjar,22.483333333333334,80.36666666666666,440696897,2,2026-08-17T06:00:00+00:00,6,6.9,0,Linked live river forecast reach,1117.6592805440619
MP1100_Bmhni,Bamhni_Mandla,Mandla,Narmada,Banjar,22.483333333333334,80.36666666666666,440696897,2,2026-08-17T09:00:00+00:00,6,7.7,0,Linked live river forecast reach,1117.6592805440619
MP1100_Bmhni,Bamhni_Mandla,Mandla,Narmada,Banjar,22.483333333333334,80.36666666666666,440696897,2,2026-08-17T12:00:00+00:00,6,8.0,0,Linked live river forecast reach,1117.6592805440619
MP1100_Bmhni,Bamhni_Mandla,Mandla,Narmada,Banjar,22.483333333333334,80.36666666666666,440696897,2,2026-08-17T15:00:00+00:00,7,6.8,0,Linked live river forecast reach,1117.6592805440619
MP1100_Bmnla,Bamnalla_Khargone,Khargon,Narmada,Veda,21.834444444444443,75.83583333333333,440820768,5,2026-08-10T15:00:00+00:00,0,20.4,0,Linked live river forecast reach,22.802256608153638
MP1100_Bmnla,Bamnalla_Khargone,Khargon,Narmada,Veda,21.834444444444443,75.83583333333333,440820768,5,2026-08-10T18:00:00+00:00,0,24.2,0,Linked live river forecast reach,22.802256608153638
MP1100_Bmnla,Bamnalla_Khargone,Khargon,Narmada,Veda,21.834444444444443,75.83583333333333,440820768,5,2026-08-10T21:00:00+00:00,0,27.6,0,Linked live river forecast reach,22.802256608153638
MP1100_Bmnla,Bamnalla_Khargone,Khargon,Narmada,Veda,21.834444444444443,75.83583333333333,440820768,5,2026-08-11T00:00:00+00:00,0,32.3,0,Linked live river forecast reach,22.802256608153638
MP1100_Bmnla,Bamnalla_Khargone,Khargon,Narmada,Veda,21.834444444444443,75.83583333333333,440820768,5,2026-08-11T03:00:00+00:00,0,39.4,0,Linked live river forecast reach,22.802256608153638
MP1100_Bmnla,Bamnalla_Khargone,Khargon,Narmada,Veda,21.834444444444443,75.83583333333333,440820768,5,2026-08-11T06:00:00+00:00,0,49.9,0,Linked live river forecast reach,22.802256608153638
MP1100_Bmnla,Bamnalla_Khargone,Khargon,Narmada,Veda,21.834444444444443,75.83583333333333,440820768,5,2026-08-11T09:00:00+00:00,0,62.5,0,Linked live river forecast reach,22.802256608153638
MP1100_Bmnla,Bamnalla_Khargone,Khargon,Narmada,Veda,21.834444444444443,75.83583333333333,440820768,5,2026-08-11T12:00:00+00:00,0,74.0,0,Linked live river forecast reach,22.802256608153638
MP1100_Bmnla,Bamnalla_Khargone,Khargon,Narmada,Veda,21.834444444444443,75.83583333333333,440820768,5,2026-08-11T15:00:00+00:00,1,82.3,0,Linked live river forecast reach,22.802256608153638
MP1100_Bmnla,Bamnalla_Khargone,Khargon,Narmada,Veda,21.834444444444443,75.83583333333333,440820768,5,2026-08-11T18:00:00+00:00,1,87.0,0,Linked live river forecast reach,22.802256608153638
MP1100_Bmnla,Bamnalla_Khargone,Khargon,Narmada,Veda,21.834444444444443,75.83583333333333,440820768,5,2026-08-11T21:00:00+00:00,1,90.5,0,Linked live river forecast reach,22.802256608153638
MP1100_Bmnla,Bamnalla_Khargone,Khargon,Narmada,Veda,21.834444444444443,75.83583333333333,440820768,5,2026-08-12T00:00:00+00:00,1,93.4,0,Linked live river forecast reach,22.802256608153638
MP1100_Bmnla,Bamnalla_Khargone,Khargon,Narmada,Veda,21.834444444444443,75.83583333333333,440820768,5,2026-08-12T03:00:00+00:00,1,93.2,0,Linked live river forecast reach,22.802256608153638
MP1100_Bmnla,Bamnalla_Khargone,Khargon,Narmada,Veda,21.834444444444443,75.83583333333333,440820768,5,2026-08-12T06:00:00+00:00,1,88.9,0,Linked live river forecast reach,22.802256608153638
MP1100_Bmnla,Bamnalla_Khargone,Khargon,Narmada,Veda,21.834444444444443,75.83583333333333,440820768,5,2026-08-12T09:00:00+00:00,1,81.0,0,Linked live river forecast reach,22.802256608153638
MP1100_Bmnla,Bamnalla_Khargone,Khargon,Narmada,Veda,21.834444444444443,75.83583333333333,440820768,5,2026-08-12T12:00:00+00:00,1,71.4,0,Linked live river forecast reach,22.802256608153638
MP1100_Bmnla,Bamnalla_Khargone,Khargon,Narmada,Veda,21.834444444444443,75.83583333333333,440820768,5,2026-08-12T15:00:00+00:00,2,61.5,0,Linked live river forecast reach,22.802256608153638
MP1100_Bmnla,Bamnalla_Khargone,Khargon,Narmada,Veda,21.834444444444443,75.83583333333333,440820768,5,2026-08-12T18:00:00+00:00,2,52.6,0,Linked live river forecast reach,22.802256608153638
MP1100_Bmnla,Bamnalla_Khargone,Khargon,Narmada,Veda,21.834444444444443,75.83583333333333,440820768,5,2026-08-12T21:00:00+00:00,2,44.6,0,Linked live river forecast reach,22.802256608153638
MP1100_Bmnla,Bamnalla_Khargone,Khargon,Narmada,Veda,21.834444444444443,75.83583333333333,440820768,5,2026-08-13T00:00:00+00:00,2,37.2,0,Linked live river forecast reach,22.802256608153638
MP1100_Bmnla,Bamnalla_Khargone,Khargon,Narmada,Veda,21.834444444444443,75.83583333333333,440820768,5,2026-08-13T03:00:00+00:00,2,30.8,0,Linked live river forecast reach,22.802256608153638
MP1100_Bmnla,Bamnalla_Khargone,Khargon,Narmada,Veda,21.834444444444443,75.83583333333333,440820768,5,2026-08-13T06:00:00+00:00,2,26.0,0,Linked live river forecast reach,22.802256608153638
MP1100_Bmnla,Bamnalla_Khargone,Khargon,Narmada,Veda,21.834444444444443,75.83583333333333,440820768,5,2026-08-13T09:00:00+00:00,2,22.6,0,Linked live river forecast reach,22.802256608153638
MP1100_Bmnla,Bamnalla_Khargone,Khargon,Narmada,Veda,21.834444444444443,75.83583333333333,440820768,5,2026-08-13T12:00:00+00:00,2,20.2,0,Linked live river forecast reach,22.802256608153638
MP1100_Bmnla,Bamnalla_Khargone,Khargon,Narmada,Veda,21.834444444444443,75.83583333333333,440820768,5,2026-08-13T15:00:00+00:00,3,18.3,0,Linked live river forecast reach,22.802256608153638
MP1100_Bmnla,Bamnalla_Khargone,Khargon,Narmada,Veda,21.834444444444443,75.83583333333333,440820768,5,2026-08-13T18:00:00+00:00,3,17.2,0,Linked live river forecast reach,22.802256608153638
MP1100_Bmnla,Bamnalla_Khargone,Khargon,Narmada,Veda,21.834444444444443,75.83583333333333,440820768,5,2026-08-13T21:00:00+00:00,3,16.6,0,Linked live river forecast reach,22.802256608153638
MP1100_Bmnla,Bamnalla_Khargone,Khargon,Narmada,Veda,21.834444444444443,75.83583333333333,440820768,5,2026-08-14T00:00:00+00:00,3,16.4,0,Linked live river forecast reach,22.802256608153638
MP1100_Bmnla,Bamnalla_Khargone,Khargon,Narmada,Veda,21.834444444444443,75.83583333333333,440820768,5,2026-08-14T03:00:00+00:00,3,16.4,0,Linked live river forecast reach,22.802256608153638
MP1100_Bmnla,Bamnalla_Khargone,Khargon,Narmada,Veda,21.834444444444443,75.83583333333333,440820768,5,2026-08-14T06:00:00+00:00,3,16.4,0,Linked live river forecast reach,22.802256608153638
MP1100_Bmnla,Bamnalla_Khargone,Khargon,Narmada,Veda,21.834444444444443,75.83583333333333,440820768,5,2026-08-14T09:00:00+00:00,3,16.3,0,Linked live river forecast reach,22.802256608153638
MP1100_Bmnla,Bamnalla_Khargone,Khargon,Narmada,Veda,21.834444444444443,75.83583333333333,440820768,5,2026-08-14T12:00:00+00:00,3,16.5,0,Linked live river forecast reach,22.802256608153638
MP1100_Bmnla,Bamnalla_Khargone,Khargon,Narmada,Veda,21.834444444444443,75.83583333333333,440820768,5,2026-08-14T15:00:00+00:00,4,16.8,0,Linked live river forecast reach,22.802256608153638
MP1100_Bmnla,Bamnalla_Khargone,Khargon,Narmada,Veda,21.834444444444443,75.83583333333333,440820768,5,2026-08-14T18:00:00+00:00,4,16.8,0,Linked live river forecast reach,22.802256608153638
MP1100_Bmnla,Bamnalla_Khargone,Khargon,Narmada,Veda,21.834444444444443,75.83583333333333,440820768,5,2026-08-14T21:00:00+00:00,4,16.8,0,Linked live river forecast reach,22.802256608153638
MP1100_Bmnla,Bamnalla_Khargone,Khargon,Narmada,Veda,21.834444444444443,75.83583333333333,440820768,5,2026-08-15T00:00:00+00:00,4,16.6,0,Linked live river forecast reach,22.802256608153638
MP1100_Bmnla,Bamnalla_Khargone,Khargon,Narmada,Veda,21.834444444444443,75.83583333333333,440820768,5,2026-08-15T03:00:00+00:00,4,16.5,0,Linked live river forecast reach,22.802256608153638
MP1100_Bmnla,Bamnalla_Khargone,Khargon,Narmada,Veda,21.834444444444443,75.83583333333333,440820768,5,2026-08-15T06:00:00+00:00,4,16.6,0,Linked live river forecast reach,22.802256608153638
MP1100_Bmnla,Bamnalla_Khargone,Khargon,Narmada,Veda,21.834444444444443,75.83583333333333,440820768,5,2026-08-15T09:00:00+00:00,4,16.8,0,Linked live river forecast reach,22.802256608153638
MP1100_Bmnla,Bamnalla_Khargone,Khargon,Narmada,Veda,21.834444444444443,75.83583333333333,440820768,5,2026-08-15T12:00:00+00:00,4,17.1,0,Linked live river forecast reach,22.802256608153638
MP1100_Bmnla,Bamnalla_Khargone,Khargon,Narmada,Veda,21.834444444444443,75.83583333333333,440820768,5,2026-08-15T15:00:00+00:00,5,17.6,0,Linked live river forecast reach,22.802256608153638
MP1100_Bmnla,Bamnalla_Khargone,Khargon,Narmada,Veda,21.834444444444443,75.83583333333333,440820768,5,2026-08-15T18:00:00+00:00,5,18.1,0,Linked live river forecast reach,22.802256608153638
MP1100_Bmnla,Bamnalla_Khargone,Khargon,Narmada,Veda,21.834444444444443,75.83583333333333,440820768,5,2026-08-15T21:00:00+00:00,5,18.1,0,Linked live river forecast reach,22.802256608153638
MP1100_Bmnla,Bamnalla_Khargone,Khargon,Narmada,Veda,21.834444444444443,75.83583333333333,440820768,5,2026-08-16T00:00:00+00:00,5,18.1,0,Linked live river forecast reach,22.802256608153638
MP1100_Bmnla,Bamnalla_Khargone,Khargon,Narmada,Veda,21.834444444444443,75.83583333333333,440820768,5,2026-08-16T03:00:00+00:00,5,18.3,0,Linked live river forecast reach,22.802256608153638
MP1100_Bmnla,Bamnalla_Khargone,Khargon,Narmada,Veda,21.834444444444443,75.83583333333333,440820768,5,2026-08-16T06:00:00+00:00,5,18.5,0,Linked live river forecast reach,22.802256608153638
MP1100_Bmnla,Bamnalla_Khargone,Khargon,Narmada,Veda,21.834444444444443,75.83583333333333,440820768,5,2026-08-16T09:00:00+00:00,5,18.4,0,Linked live river forecast reach,22.802256608153638
MP1100_Bmnla,Bamnalla_Khargone,Khargon,Narmada,Veda,21.834444444444443,75.83583333333333,440820768,5,2026-08-16T12:00:00+00:00,5,18.0,0,Linked live river forecast reach,22.802256608153638
MP1100_Bmnla,Bamnalla_Khargone,Khargon,Narmada,Veda,21.834444444444443,75.83583333333333,440820768,5,2026-08-16T15:00:00+00:00,6,17.9,0,Linked live river forecast reach,22.802256608153638
MP1100_Bmnla,Bamnalla_Khargone,Khargon,Narmada,Veda,21.834444444444443,75.83583333333333,440820768,5,2026-08-16T18:00:00+00:00,6,18.1,0,Linked live river forecast reach,22.802256608153638
MP1100_Bmnla,Bamnalla_Khargone,Khargon,Narmada,Veda,21.834444444444443,75.83583333333333,440820768,5,2026-08-16T21:00:00+00:00,6,18.5,0,Linked live river forecast reach,22.802256608153638
MP1100_Bmnla,Bamnalla_Khargone,Khargon,Narmada,Veda,21.834444444444443,75.83583333333333,440820768,5,2026-08-17T00:00:00+00:00,6,18.5,0,Linked live river forecast reach,22.802256608153638
MP1100_Bmnla,Bamnalla_Khargone,Khargon,Narmada,Veda,21.834444444444443,75.83583333333333,440820768,5,2026-08-17T03:00:00+00:00,6,18.2,0,Linked live river forecast reach,22.802256608153638
MP1100_Bmnla,Bamnalla_Khargone,Khargon,Narmada,Veda,21.834444444444443,75.83583333333333,440820768,5,2026-08-17T06:00:00+00:00,6,18.0,0,Linked live river forecast reach,22.802256608153638
MP1100_Bmnla,Bamnalla_Khargone,Khargon,Narmada,Veda,21.834444444444443,75.83583333333333,440820768,5,2026-08-17T09:00:00+00:00,6,18.1,0,Linked live river forecast reach,22.802256608153638
MP1100_Bmnla,Bamnalla_Khargone,Khargon,Narmada,Veda,21.834444444444443,75.83583333333333,440820768,5,2026-08-17T12:00:00+00:00,6,18.4,0,Linked live river forecast reach,22.802256608153638
MP1100_Bmnla,Bamnalla_Khargone,Khargon,Narmada,Veda,21.834444444444443,75.83583333333333,440820768,5,2026-08-17T15:00:00+00:00,7,18.4,0,Linked live river forecast reach,22.802256608153638
MP1100_Brtla,Behratola_Mandla,Mandla,Narmada,Burhner,22.5425,80.87,440849633,4,2026-08-10T15:00:00+00:00,0,126.0,0,Linked live river forecast reach,86.77954796515405
MP1100_Dgnwa,Doganwa_Khargone,Khargon,Narmada,Veda,22.114722222222223,74.6686111111111,440588210,2,2026-08-10T15:00:00+00:00,0,0.2,0,Linked live river forecast reach,2631.8437569606767
MP1100_Dhlsr,Dhulsar_Dhar,Dhar,Narmada,Uri,22.170833333333334,77.90833333333333,440681777,2,2026-08-10T15:00:00+00:00,0,9.8,0,Linked live river forecast reach,2366.1415208648314
MP1100_Ghgri,Ghughari_Mandla,Mandla,Narmada,Burhner,22.673333333333332,80.72055555555555,440901916,5,2026-08-10T15:00:00+00:00,0,137.7,0,Linked live river forecast reach,564.1553927487005
MP1100_Ghgri,Ghughari_Mandla,Mandla,Narmada,Burhner,22.673333333333332,80.72055555555555,440901916,5,2026-08-10T18:00:00+00:00,0,151.9,0,Linked live river forecast reach,564.1553927487005
MP1100_Ghgri,Ghughari_Mandla,Mandla,Narmada,Burhner,22.673333333333332,80.72055555555555,440901916,5,2026-08-10T21:00:00+00:00,0,164.0,0,Linked live river forecast reach,564.1553927487005
MP1100_Ghgri,Ghughari_Mandla,Mandla,Narmada,Burhner,22.673333333333332,80.72055555555555,440901916,5,2026-08-11T00:00:00+00:00,0,173.5,0,Linked live river forecast reach,564.1553927487005
MP1100_Ghgri,Ghughari_Mandla,Mandla,Narmada,Burhner,22.673333333333332,80.72055555555555,440901916,5,2026-08-11T03:00:00+00:00,0,181.0,0,Linked live river forecast reach,564.1553927487005
MP1100_Ghgri,Ghughari_Mandla,Mandla,Narmada,Burhner,22.673333333333332,80.72055555555555,440901916,5,2026-08-11T06:00:00+00:00,0,186.0,0,Linked live river forecast reach,564.1553927487005
MP1100_Ghgri,Ghughari_Mandla,Mandla,Narmada,Burhner,22.673333333333332,80.72055555555555,440901916,5,2026-08-11T09:00:00+00:00,0,186.5,0,Linked live river forecast reach,564.1553927487005
MP1100_Ghgri,Ghughari_Mandla,Mandla,Narmada,Burhner,22.673333333333332,80.72055555555555,440901916,5,2026-08-11T12:00:00+00:00,0,182.9,0,Linked live river forecast reach,564.1553927487005
MP1100_Ghgri,Ghughari_Mandla,Mandla,Narmada,Burhner,22.673333333333332,80.72055555555555,440901916,5,2026-08-11T15:00:00+00:00,1,174.8,0,Linked live river forecast reach,564.1553927487005
MP1100_Ghgri,Ghughari_Mandla,Mandla,Narmada,Burhner,22.673333333333332,80.72055555555555,440901916,5,2026-08-11T18:00:00+00:00,1,165.0,0,Linked live river forecast reach,564.1553927487005
MP1100_Ghgri,Ghughari_Mandla,Mandla,Narmada,Burhner,22.673333333333332,80.72055555555555,440901916,5,2026-08-11T21:00:00+00:00,1,153.8,0,Linked live river forecast reach,564.1553927487005
MP1100_Ghgri,Ghughari_Mandla,Mandla,Narmada,Burhner,22.673333333333332,80.72055555555555,440901916,5,2026-08-12T00:00:00+00:00,1,140.1,0,Linked live river forecast reach,564.1553927487005
MP1100_Ghgri,Ghughari_Mandla,Mandla,Narmada,Burhner,22.673333333333332,80.72055555555555,440901916,5,2026-08-12T03:00:00+00:00,1,125.2,0,Linked live river forecast reach,564.1553927487005
MP1100_Ghgri,Ghughari_Mandla,Mandla,Narmada,Burhner,22.673333333333332,80.72055555555555,440901916,5,2026-08-12T06:00:00+00:00,1,111.3,0,Linked live river forecast reach,564.1553927487005
MP1100_Ghgri,Ghughari_Mandla,Mandla,Narmada,Burhner,22.673333333333332,80.72055555555555,440901916,5,2026-08-12T09:00:00+00:00,1,99.0,0,Linked live river forecast reach,564.1553927487005
MP1100_Ghgri,Ghughari_Mandla,Mandla,Narmada,Burhner,22.673333333333332,80.72055555555555,440901916,5,2026-08-12T12:00:00+00:00,1,89.0,0,Linked live river forecast reach,564.1553927487005
MP1100_Ghgri,Ghughari_Mandla,Mandla,Narmada,Burhner,22.673333333333332,80.72055555555555,440901916,5,2026-08-12T15:00:00+00:00,2,81.6,0,Linked live river forecast reach,564.1553927487005
MP1100_Ghgri,Ghughari_Mandla,Mandla,Narmada,Burhner,22.673333333333332,80.72055555555555,440901916,5,2026-08-12T18:00:00+00:00,2,76.8,0,Linked live river forecast reach,564.1553927487005
MP1100_Ghgri,Ghughari_Mandla,Mandla,Narmada,Burhner,22.673333333333332,80.72055555555555,440901916,5,2026-08-12T21:00:00+00:00,2,74.3,0,Linked live river forecast reach,564.1553927487005
MP1100_Ghgri,Ghughari_Mandla,Mandla,Narmada,Burhner,22.673333333333332,80.72055555555555,440901916,5,2026-08-13T00:00:00+00:00,2,73.0,0,Linked live river forecast reach,564.1553927487005
MP1100_Ghgri,Ghughari_Mandla,Mandla,Narmada,Burhner,22.673333333333332,80.72055555555555,440901916,5,2026-08-13T03:00:00+00:00,2,71.6,0,Linked live river forecast reach,564.1553927487005
MP1100_Ghgri,Ghughari_Mandla,Mandla,Narmada,Burhner,22.673333333333332,80.72055555555555,440901916,5,2026-08-13T06:00:00+00:00,2,69.8,0,Linked live river forecast reach,564.1553927487005
MP1100_Ghgri,Ghughari_Mandla,Mandla,Narmada,Burhner,22.673333333333332,80.72055555555555,440901916,5,2026-08-13T09:00:00+00:00,2,68.4,0,Linked live river forecast reach,564.1553927487005
MP1100_Ghgri,Ghughari_Mandla,Mandla,Narmada,Burhner,22.673333333333332,80.72055555555555,440901916,5,2026-08-13T12:00:00+00:00,2,67.8,0,Linked live river forecast reach,564.1553927487005
MP1100_Ghgri,Ghughari_Mandla,Mandla,Narmada,Burhner,22.673333333333332,80.72055555555555,440901916,5,2026-08-13T15:00:00+00:00,3,67.7,0,Linked live river forecast reach,564.1553927487005
MP1100_Ghgri,Ghughari_Mandla,Mandla,Narmada,Burhner,22.673333333333332,80.72055555555555,440901916,5,2026-08-13T18:00:00+00:00,3,67.9,0,Linked live river forecast reach,564.1553927487005
MP1100_Ghgri,Ghughari_Mandla,Mandla,Narmada,Burhner,22.673333333333332,80.72055555555555,440901916,5,2026-08-13T21:00:00+00:00,3,68.0,0,Linked live river forecast reach,564.1553927487005
MP1100_Ghgri,Ghughari_Mandla,Mandla,Narmada,Burhner,22.673333333333332,80.72055555555555,440901916,5,2026-08-14T00:00:00+00:00,3,67.3,0,Linked live river forecast reach,564.1553927487005
MP1100_Ghgri,Ghughari_Mandla,Mandla,Narmada,Burhner,22.673333333333332,80.72055555555555,440901916,5,2026-08-14T03:00:00+00:00,3,66.3,0,Linked live river forecast reach,564.1553927487005
MP1100_Ghgri,Ghughari_Mandla,Mandla,Narmada,Burhner,22.673333333333332,80.72055555555555,440901916,5,2026-08-14T06:00:00+00:00,3,65.1,0,Linked live river forecast reach,564.1553927487005
MP1100_Ghgri,Ghughari_Mandla,Mandla,Narmada,Burhner,22.673333333333332,80.72055555555555,440901916,5,2026-08-14T09:00:00+00:00,3,65.1,0,Linked live river forecast reach,564.1553927487005
MP1100_Ghgri,Ghughari_Mandla,Mandla,Narmada,Burhner,22.673333333333332,80.72055555555555,440901916,5,2026-08-14T12:00:00+00:00,3,66.7,0,Linked live river forecast reach,564.1553927487005
MP1100_Ghgri,Ghughari_Mandla,Mandla,Narmada,Burhner,22.673333333333332,80.72055555555555,440901916,5,2026-08-14T15:00:00+00:00,4,68.8,0,Linked live river forecast reach,564.1553927487005
MP1100_Ghgri,Ghughari_Mandla,Mandla,Narmada,Burhner,22.673333333333332,80.72055555555555,440901916,5,2026-08-14T18:00:00+00:00,4,73.4,0,Linked live river forecast reach,564.1553927487005
MP1100_Ghgri,Ghughari_Mandla,Mandla,Narmada,Burhner,22.673333333333332,80.72055555555555,440901916,5,2026-08-14T21:00:00+00:00,4,79.4,0,Linked live river forecast reach,564.1553927487005
MP1100_Ghgri,Ghughari_Mandla,Mandla,Narmada,Burhner,22.673333333333332,80.72055555555555,440901916,5,2026-08-15T00:00:00+00:00,4,84.6,0,Linked live river forecast reach,564.1553927487005
MP1100_Ghgri,Ghughari_Mandla,Mandla,Narmada,Burhner,22.673333333333332,80.72055555555555,440901916,5,2026-08-15T03:00:00+00:00,4,91.3,0,Linked live river forecast reach,564.1553927487005
MP1100_Ghgri,Ghughari_Mandla,Mandla,Narmada,Burhner,22.673333333333332,80.72055555555555,440901916,5,2026-08-15T06:00:00+00:00,4,98.5,0,Linked live river forecast reach,564.1553927487005
MP1100_Ghgri,Ghughari_Mandla,Mandla,Narmada,Burhner,22.673333333333332,80.72055555555555,440901916,5,2026-08-15T09:00:00+00:00,4,105.1,0,Linked live river forecast reach,564.1553927487005
MP1100_Ghgri,Ghughari_Mandla,Mandla,Narmada,Burhner,22.673333333333332,80.72055555555555,440901916,5,2026-08-15T12:00:00+00:00,4,113.1,0,Linked live river forecast reach,564.1553927487005
MP1100_Ghgri,Ghughari_Mandla,Mandla,Narmada,Burhner,22.673333333333332,80.72055555555555,440901916,5,2026-08-15T15:00:00+00:00,5,122.9,0,Linked live river forecast reach,564.1553927487005
MP1100_Ghgri,Ghughari_Mandla,Mandla,Narmada,Burhner,22.673333333333332,80.72055555555555,440901916,5,2026-08-15T18:00:00+00:00,5,133.9,0,Linked live river forecast reach,564.1553927487005
MP1100_Ghgri,Ghughari_Mandla,Mandla,Narmada,Burhner,22.673333333333332,80.72055555555555,440901916,5,2026-08-15T21:00:00+00:00,5,143.2,0,Linked live river forecast reach,564.1553927487005
MP1100_Ghgri,Ghughari_Mandla,Mandla,Narmada,Burhner,22.673333333333332,80.72055555555555,440901916,5,2026-08-16T00:00:00+00:00,5,149.4,0,Linked live river forecast reach,564.1553927487005
MP1100_Ghgri,Ghughari_Mandla,Mandla,Narmada,Burhner,22.673333333333332,80.72055555555555,440901916,5,2026-08-16T03:00:00+00:00,5,155.4,0,Linked live river forecast reach,564.1553927487005
MP1100_Ghgri,Ghughari_Mandla,Mandla,Narmada,Burhner,22.673333333333332,80.72055555555555,440901916,5,2026-08-16T06:00:00+00:00,5,162.0,0,Linked live river forecast reach,564.1553927487005
MP1100_Ghgri,Ghughari_Mandla,Mandla,Narmada,Burhner,22.673333333333332,80.72055555555555,440901916,5,2026-08-16T09:00:00+00:00,5,172.6,0,Linked live river forecast reach,564.1553927487005
MP1100_Ghgri,Ghughari_Mandla,Mandla,Narmada,Burhner,22.673333333333332,80.72055555555555,440901916,5,2026-08-16T12:00:00+00:00,5,185.1,0,Linked live river forecast reach,564.1553927487005
MP1100_Ghgri,Ghughari_Mandla,Mandla,Narmada,Burhner,22.673333333333332,80.72055555555555,440901916,5,2026-08-16T15:00:00+00:00,6,197.3,0,Linked live river forecast reach,564.1553927487005
MP1100_Ghgri,Ghughari_Mandla,Mandla,Narmada,Burhner,22.673333333333332,80.72055555555555,440901916,5,2026-08-16T18:00:00+00:00,6,207.9,0,Linked live river forecast reach,564.1553927487005
MP1100_Ghgri,Ghughari_Mandla,Mandla,Narmada,Burhner,22.673333333333332,80.72055555555555,440901916,5,2026-08-16T21:00:00+00:00,6,215.3,0,Linked live river forecast reach,564.1553927487005
MP1100_Ghgri,Ghughari_Mandla,Mandla,Narmada,Burhner,22.673333333333332,80.72055555555555,440901916,5,2026-08-17T00:00:00+00:00,6,222.8,0,Linked live river forecast reach,564.1553927487005
MP1100_Ghgri,Ghughari_Mandla,Mandla,Narmada,Burhner,22.673333333333332,80.72055555555555,440901916,5,2026-08-17T03:00:00+00:00,6,230.6,0,Linked live river forecast reach,564.1553927487005
MP1100_Ghgri,Ghughari_Mandla,Mandla,Narmada,Burhner,22.673333333333332,80.72055555555555,440901916,5,2026-08-17T06:00:00+00:00,6,239.1,0,Linked live river forecast reach,564.1553927487005
MP1100_Ghgri,Ghughari_Mandla,Mandla,Narmada,Burhner,22.673333333333332,80.72055555555555,440901916,5,2026-08-17T09:00:00+00:00,6,246.5,0,Linked live river forecast reach,564.1553927487005
MP1100_Ghgri,Ghughari_Mandla,Mandla,Narmada,Burhner,22.673333333333332,80.72055555555555,440901916,5,2026-08-17T12:00:00+00:00,6,250.3,0,Linked live river forecast reach,564.1553927487005
MP1100_Ghgri,Ghughari_Mandla,Mandla,Narmada,Burhner,22.673333333333332,80.72055555555555,440901916,5,2026-08-17T15:00:00+00:00,7,251.0,0,Linked live river forecast reach,564.1553927487005
MP1100_Gujri,Gujri,Dhar,Narmada,Karam,22.558333333333334,75.51666666666667,440625345,2,2026-08-10T15:00:00+00:00,0,3.8,0,Linked live river forecast reach,1129.2051458103595
MP1100_Halon,Halon_Mandala,Mandla,Narmada,Burhner,22.398888888888887,80.79527777777778,440999623,4,2026-08-10T15:00:00+00:00,0,53.1,0,Linked live river forecast reach,18.819276686757803
MP1100_Halon,Halon_Mandala,Mandla,Narmada,Burhner,22.398888888888887,80.79527777777778,440999623,4,2026-08-10T18:00:00+00:00,0,46.2,0,Linked live river forecast reach,18.819276686757803
MP1100_Halon,Halon_Mandala,Mandla,Narmada,Burhner,22.398888888888887,80.79527777777778,440999623,4,2026-08-10T21:00:00+00:00,0,39.7,0,Linked live river forecast reach,18.819276686757803
MP1100_Halon,Halon_Mandala,Mandla,Narmada,Burhner,22.398888888888887,80.79527777777778,440999623,4,2026-08-11T00:00:00+00:00,0,33.3,0,Linked live river forecast reach,18.819276686757803
MP1100_Halon,Halon_Mandala,Mandla,Narmada,Burhner,22.398888888888887,80.79527777777778,440999623,4,2026-08-11T03:00:00+00:00,0,27.9,0,Linked live river forecast reach,18.819276686757803
MP1100_Halon,Halon_Mandala,Mandla,Narmada,Burhner,22.398888888888887,80.79527777777778,440999623,4,2026-08-11T06:00:00+00:00,0,23.9,0,Linked live river forecast reach,18.819276686757803
MP1100_Halon,Halon_Mandala,Mandla,Narmada,Burhner,22.398888888888887,80.79527777777778,440999623,4,2026-08-11T09:00:00+00:00,0,21.9,0,Linked live river forecast reach,18.819276686757803
MP1100_Halon,Halon_Mandala,Mandla,Narmada,Burhner,22.398888888888887,80.79527777777778,440999623,4,2026-08-11T12:00:00+00:00,0,21.6,0,Linked live river forecast reach,18.819276686757803
MP1100_Halon,Halon_Mandala,Mandla,Narmada,Burhner,22.398888888888887,80.79527777777778,440999623,4,2026-08-11T15:00:00+00:00,1,22.4,0,Linked live river forecast reach,18.819276686757803
MP1100_Halon,Halon_Mandala,Mandla,Narmada,Burhner,22.398888888888887,80.79527777777778,440999623,4,2026-08-11T18:00:00+00:00,1,22.4,0,Linked live river forecast reach,18.819276686757803
MP1100_Halon,Halon_Mandala,Mandla,Narmada,Burhner,22.398888888888887,80.79527777777778,440999623,4,2026-08-11T21:00:00+00:00,1,22.3,0,Linked live river forecast reach,18.819276686757803
MP1100_Halon,Halon_Mandala,Mandla,Narmada,Burhner,22.398888888888887,80.79527777777778,440999623,4,2026-08-12T00:00:00+00:00,1,22.0,0,Linked live river forecast reach,18.819276686757803
MP1100_Halon,Halon_Mandala,Mandla,Narmada,Burhner,22.398888888888887,80.79527777777778,440999623,4,2026-08-12T03:00:00+00:00,1,21.1,0,Linked live river forecast reach,18.819276686757803
MP1100_Halon,Halon_Mandala,Mandla,Narmada,Burhner,22.398888888888887,80.79527777777778,440999623,4,2026-08-12T06:00:00+00:00,1,19.7,0,Linked live river forecast reach,18.819276686757803
MP1100_Halon,Halon_Mandala,Mandla,Narmada,Burhner,22.398888888888887,80.79527777777778,440999623,4,2026-08-12T09:00:00+00:00,1,18.9,0,Linked live river forecast reach,18.819276686757803
MP1100_Halon,Halon_Mandala,Mandla,Narmada,Burhner,22.398888888888887,80.79527777777778,440999623,4,2026-08-12T12:00:00+00:00,1,18.8,0,Linked live river forecast reach,18.819276686757803
MP1100_Halon,Halon_Mandala,Mandla,Narmada,Burhner,22.398888888888887,80.79527777777778,440999623,4,2026-08-12T15:00:00+00:00,2,19.0,0,Linked live river forecast reach,18.819276686757803
MP1100_Halon,Halon_Mandala,Mandla,Narmada,Burhner,22.398888888888887,80.79527777777778,440999623,4,2026-08-12T18:00:00+00:00,2,18.5,0,Linked live river forecast reach,18.819276686757803
MP1100_Halon,Halon_Mandala,Mandla,Narmada,Burhner,22.398888888888887,80.79527777777778,440999623,4,2026-08-12T21:00:00+00:00,2,17.8,0,Linked live river forecast reach,18.819276686757803
MP1100_Halon,Halon_Mandala,Mandla,Narmada,Burhner,22.398888888888887,80.79527777777778,440999623,4,2026-08-13T00:00:00+00:00,2,17.1,0,Linked live river forecast reach,18.819276686757803
MP1100_Halon,Halon_Mandala,Mandla,Narmada,Burhner,22.398888888888887,80.79527777777778,440999623,4,2026-08-13T03:00:00+00:00,2,16.6,0,Linked live river forecast reach,18.819276686757803
MP1100_Halon,Halon_Mandala,Mandla,Narmada,Burhner,22.398888888888887,80.79527777777778,440999623,4,2026-08-13T06:00:00+00:00,2,16.2,0,Linked live river forecast reach,18.819276686757803
MP1100_Halon,Halon_Mandala,Mandla,Narmada,Burhner,22.398888888888887,80.79527777777778,440999623,4,2026-08-13T09:00:00+00:00,2,16.4,0,Linked live river forecast reach,18.819276686757803
MP1100_Halon,Halon_Mandala,Mandla,Narmada,Burhner,22.398888888888887,80.79527777777778,440999623,4,2026-08-13T12:00:00+00:00,2,17.1,0,Linked live river forecast reach,18.819276686757803
MP1100_Halon,Halon_Mandala,Mandla,Narmada,Burhner,22.398888888888887,80.79527777777778,440999623,4,2026-08-13T15:00:00+00:00,3,17.6,0,Linked live river forecast reach,18.819276686757803
MP1100_Halon,Halon_Mandala,Mandla,Narmada,Burhner,22.398888888888887,80.79527777777778,440999623,4,2026-08-13T18:00:00+00:00,3,18.0,0,Linked live river forecast reach,18.819276686757803
MP1100_Halon,Halon_Mandala,Mandla,Narmada,Burhner,22.398888888888887,80.79527777777778,440999623,4,2026-08-13T21:00:00+00:00,3,18.4,0,Linked live river forecast reach,18.819276686757803
MP1100_Halon,Halon_Mandala,Mandla,Narmada,Burhner,22.398888888888887,80.79527777777778,440999623,4,2026-08-14T00:00:00+00:00,3,19.0,0,Linked live river forecast reach,18.819276686757803
MP1100_Halon,Halon_Mandala,Mandla,Narmada,Burhner,22.398888888888887,80.79527777777778,440999623,4,2026-08-14T03:00:00+00:00,3,19.2,0,Linked live river forecast reach,18.819276686757803
MP1100_Halon,Halon_Mandala,Mandla,Narmada,Burhner,22.398888888888887,80.79527777777778,440999623,4,2026-08-14T06:00:00+00:00,3,19.5,0,Linked live river forecast reach,18.819276686757803
MP1100_Halon,Halon_Mandala,Mandla,Narmada,Burhner,22.398888888888887,80.79527777777778,440999623,4,2026-08-14T09:00:00+00:00,3,20.5,0,Linked live river forecast reach,18.819276686757803
MP1100_Halon,Halon_Mandala,Mandla,Narmada,Burhner,22.398888888888887,80.79527777777778,440999623,4,2026-08-14T12:00:00+00:00,3,21.8,0,Linked live river forecast reach,18.819276686757803
MP1100_Halon,Halon_Mandala,Mandla,Narmada,Burhner,22.398888888888887,80.79527777777778,440999623,4,2026-08-14T15:00:00+00:00,4,24.6,0,Linked live river forecast reach,18.819276686757803
MP1100_Halon,Halon_Mandala,Mandla,Narmada,Burhner,22.398888888888887,80.79527777777778,440999623,4,2026-08-14T18:00:00+00:00,4,28.8,0,Linked live river forecast reach,18.819276686757803
MP1100_Halon,Halon_Mandala,Mandla,Narmada,Burhner,22.398888888888887,80.79527777777778,440999623,4,2026-08-14T21:00:00+00:00,4,33.6,0,Linked live river forecast reach,18.819276686757803
MP1100_Halon,Halon_Mandala,Mandla,Narmada,Burhner,22.398888888888887,80.79527777777778,440999623,4,2026-08-15T00:00:00+00:00,4,36.0,0,Linked live river forecast reach,18.819276686757803
MP1100_Halon,Halon_Mandala,Mandla,Narmada,Burhner,22.398888888888887,80.79527777777778,440999623,4,2026-08-15T03:00:00+00:00,4,35.8,0,Linked live river forecast reach,18.819276686757803
MP1100_Halon,Halon_Mandala,Mandla,Narmada,Burhner,22.398888888888887,80.79527777777778,440999623,4,2026-08-15T06:00:00+00:00,4,38.4,0,Linked live river forecast reach,18.819276686757803
MP1100_Halon,Halon_Mandala,Mandla,Narmada,Burhner,22.398888888888887,80.79527777777778,440999623,4,2026-08-15T09:00:00+00:00,4,43.5,0,Linked live river forecast reach,18.819276686757803
MP1100_Halon,Halon_Mandala,Mandla,Narmada,Burhner,22.398888888888887,80.79527777777778,440999623,4,2026-08-15T12:00:00+00:00,4,50.4,0,Linked live river forecast reach,18.819276686757803
MP1100_Halon,Halon_Mandala,Mandla,Narmada,Burhner,22.398888888888887,80.79527777777778,440999623,4,2026-08-15T15:00:00+00:00,5,54.5,0,Linked live river forecast reach,18.819276686757803
MP1100_Halon,Halon_Mandala,Mandla,Narmada,Burhner,22.398888888888887,80.79527777777778,440999623,4,2026-08-15T18:00:00+00:00,5,55.0,0,Linked live river forecast reach,18.819276686757803
MP1100_Halon,Halon_Mandala,Mandla,Narmada,Burhner,22.398888888888887,80.79527777777778,440999623,4,2026-08-15T21:00:00+00:00,5,54.9,0,Linked live river forecast reach,18.819276686757803
MP1100_Halon,Halon_Mandala,Mandla,Narmada,Burhner,22.398888888888887,80.79527777777778,440999623,4,2026-08-16T00:00:00+00:00,5,54.9,0,Linked live river forecast reach,18.819276686757803
MP1100_Halon,Halon_Mandala,Mandla,Narmada,Burhner,22.398888888888887,80.79527777777778,440999623,4,2026-08-16T03:00:00+00:00,5,55.8,0,Linked live river forecast reach,18.819276686757803
MP1100_Halon,Halon_Mandala,Mandla,Narmada,Burhner,22.398888888888887,80.79527777777778,440999623,4,2026-08-16T06:00:00+00:00,5,57.8,0,Linked live river forecast reach,18.819276686757803
MP1100_Halon,Halon_Mandala,Mandla,Narmada,Burhner,22.398888888888887,80.79527777777778,440999623,4,2026-08-16T09:00:00+00:00,5,60.8,0,Linked live river forecast reach,18.819276686757803
MP1100_Halon,Halon_Mandala,Mandla,Narmada,Burhner,22.398888888888887,80.79527777777778,440999623,4,2026-08-16T12:00:00+00:00,5,62.4,0,Linked live river forecast reach,18.819276686757803
MP1100_Halon,Halon_Mandala,Mandla,Narmada,Burhner,22.398888888888887,80.79527777777778,440999623,4,2026-08-16T15:00:00+00:00,6,59.8,0,Linked live river forecast reach,18.819276686757803
MP1100_Halon,Halon_Mandala,Mandla,Narmada,Burhner,22.398888888888887,80.79527777777778,440999623,4,2026-08-16T18:00:00+00:00,6,57.4,0,Linked live river forecast reach,18.819276686757803
MP1100_Halon,Halon_Mandala,Mandla,Narmada,Burhner,22.398888888888887,80.79527777777778,440999623,4,2026-08-16T21:00:00+00:00,6,58.6,0,Linked live river forecast reach,18.819276686757803
MP1100_Halon,Halon_Mandala,Mandla,Narmada,Burhner,22.398888888888887,80.79527777777778,440999623,4,2026-08-17T00:00:00+00:00,6,64.4,0,Linked live river forecast reach,18.819276686757803
MP1100_Halon,Halon_Mandala,Mandla,Narmada,Burhner,22.398888888888887,80.79527777777778,440999623,4,2026-08-17T03:00:00+00:00,6,68.5,0,Linked live river forecast reach,18.819276686757803
MP1100_Halon,Halon_Mandala,Mandla,Narmada,Burhner,22.398888888888887,80.79527777777778,440999623,4,2026-08-17T06:00:00+00:00,6,70.4,0,Linked live river forecast reach,18.819276686757803
MP1100_Halon,Halon_Mandala,Mandla,Narmada,Burhner,22.398888888888887,80.79527777777778,440999623,4,2026-08-17T09:00:00+00:00,6,75.1,0,Linked live river forecast reach,18.819276686757803
MP1100_Halon,Halon_Mandala,Mandla,Narmada,Burhner,22.398888888888887,80.79527777777778,440999623,4,2026-08-17T12:00:00+00:00,6,78.8,0,Linked live river forecast reach,18.819276686757803
MP1100_Halon,Halon_Mandala,Mandla,Narmada,Burhner,22.398888888888887,80.79527777777778,440999623,4,2026-08-17T15:00:00+00:00,7,79.1,0,Linked live river forecast reach,18.819276686757803
MP1100_Khrni,Khirhani_Jabalpur,Jabalpur,Narmada,Heran,23.416666666666668,80.26666666666667,440645947,2,2026-08-10T15:00:00+00:00,0,3.7,0,Linked live river forecast reach,1109.3928505313268
MP1100_Kmnkd,Kamankheda,Khandwa,Narmada,Kaveri,22.165,76.23333333333333,440592338,2,2026-08-10T15:00:00+00:00,0,1.9,0,Linked live river forecast reach,454.66790728718047
MP1100_Ktngi,Katangi_Jabalpur,Jabalpur,Narmada,Hiran,23.426666666666666,79.8175,440970682,5,2026-08-10T15:00:00+00:00,0,236.1,0,Linked live river forecast reach,152.369395459828
MP1100_Ktngi,Katangi_Jabalpur,Jabalpur,Narmada,Hiran,23.426666666666666,79.8175,440970682,5,2026-08-10T18:00:00+00:00,0,221.7,0,Linked live river forecast reach,152.369395459828
MP1100_Ktngi,Katangi_Jabalpur,Jabalpur,Narmada,Hiran,23.426666666666666,79.8175,440970682,5,2026-08-10T21:00:00+00:00,0,209.4,0,Linked live river forecast reach,152.369395459828
MP1100_Ktngi,Katangi_Jabalpur,Jabalpur,Narmada,Hiran,23.426666666666666,79.8175,440970682,5,2026-08-11T00:00:00+00:00,0,203.5,0,Linked live river forecast reach,152.369395459828
MP1100_Ktngi,Katangi_Jabalpur,Jabalpur,Narmada,Hiran,23.426666666666666,79.8175,440970682,5,2026-08-11T03:00:00+00:00,0,200.8,0,Linked live river forecast reach,152.369395459828
MP1100_Ktngi,Katangi_Jabalpur,Jabalpur,Narmada,Hiran,23.426666666666666,79.8175,440970682,5,2026-08-11T06:00:00+00:00,0,197.0,0,Linked live river forecast reach,152.369395459828
MP1100_Ktngi,Katangi_Jabalpur,Jabalpur,Narmada,Hiran,23.426666666666666,79.8175,440970682,5,2026-08-11T09:00:00+00:00,0,190.5,0,Linked live river forecast reach,152.369395459828
MP1100_Ktngi,Katangi_Jabalpur,Jabalpur,Narmada,Hiran,23.426666666666666,79.8175,440970682,5,2026-08-11T12:00:00+00:00,0,178.2,0,Linked live river forecast reach,152.369395459828
MP1100_Ktngi,Katangi_Jabalpur,Jabalpur,Narmada,Hiran,23.426666666666666,79.8175,440970682,5,2026-08-11T15:00:00+00:00,1,160.5,0,Linked live river forecast reach,152.369395459828
MP1100_Ktngi,Katangi_Jabalpur,Jabalpur,Narmada,Hiran,23.426666666666666,79.8175,440970682,5,2026-08-11T18:00:00+00:00,1,143.7,0,Linked live river forecast reach,152.369395459828
MP1100_Ktngi,Katangi_Jabalpur,Jabalpur,Narmada,Hiran,23.426666666666666,79.8175,440970682,5,2026-08-11T21:00:00+00:00,1,128.6,0,Linked live river forecast reach,152.369395459828
MP1100_Ktngi,Katangi_Jabalpur,Jabalpur,Narmada,Hiran,23.426666666666666,79.8175,440970682,5,2026-08-12T00:00:00+00:00,1,116.8,0,Linked live river forecast reach,152.369395459828
MP1100_Ktngi,Katangi_Jabalpur,Jabalpur,Narmada,Hiran,23.426666666666666,79.8175,440970682,5,2026-08-12T03:00:00+00:00,1,108.2,0,Linked live river forecast reach,152.369395459828
MP1100_Ktngi,Katangi_Jabalpur,Jabalpur,Narmada,Hiran,23.426666666666666,79.8175,440970682,5,2026-08-12T06:00:00+00:00,1,104.4,0,Linked live river forecast reach,152.369395459828
MP1100_Ktngi,Katangi_Jabalpur,Jabalpur,Narmada,Hiran,23.426666666666666,79.8175,440970682,5,2026-08-12T09:00:00+00:00,1,105.9,0,Linked live river forecast reach,152.369395459828
MP1100_Ktngi,Katangi_Jabalpur,Jabalpur,Narmada,Hiran,23.426666666666666,79.8175,440970682,5,2026-08-12T12:00:00+00:00,1,107.8,0,Linked live river forecast reach,152.369395459828
MP1100_Ktngi,Katangi_Jabalpur,Jabalpur,Narmada,Hiran,23.426666666666666,79.8175,440970682,5,2026-08-12T15:00:00+00:00,2,106.9,0,Linked live river forecast reach,152.369395459828
MP1100_Ktngi,Katangi_Jabalpur,Jabalpur,Narmada,Hiran,23.426666666666666,79.8175,440970682,5,2026-08-12T18:00:00+00:00,2,103.1,0,Linked live river forecast reach,152.369395459828
MP1100_Ktngi,Katangi_Jabalpur,Jabalpur,Narmada,Hiran,23.426666666666666,79.8175,440970682,5,2026-08-12T21:00:00+00:00,2,97.9,0,Linked live river forecast reach,152.369395459828
MP1100_Ktngi,Katangi_Jabalpur,Jabalpur,Narmada,Hiran,23.426666666666666,79.8175,440970682,5,2026-08-13T00:00:00+00:00,2,92.9,0,Linked live river forecast reach,152.369395459828
MP1100_Ktngi,Katangi_Jabalpur,Jabalpur,Narmada,Hiran,23.426666666666666,79.8175,440970682,5,2026-08-13T03:00:00+00:00,2,88.3,0,Linked live river forecast reach,152.369395459828
MP1100_Ktngi,Katangi_Jabalpur,Jabalpur,Narmada,Hiran,23.426666666666666,79.8175,440970682,5,2026-08-13T06:00:00+00:00,2,84.6,0,Linked live river forecast reach,152.369395459828
MP1100_Ktngi,Katangi_Jabalpur,Jabalpur,Narmada,Hiran,23.426666666666666,79.8175,440970682,5,2026-08-13T09:00:00+00:00,2,82.1,0,Linked live river forecast reach,152.369395459828
MP1100_Ktngi,Katangi_Jabalpur,Jabalpur,Narmada,Hiran,23.426666666666666,79.8175,440970682,5,2026-08-13T12:00:00+00:00,2,80.0,0,Linked live river forecast reach,152.369395459828
MP1100_Ktngi,Katangi_Jabalpur,Jabalpur,Narmada,Hiran,23.426666666666666,79.8175,440970682,5,2026-08-13T15:00:00+00:00,3,79.6,0,Linked live river forecast reach,152.369395459828
MP1100_Ktngi,Katangi_Jabalpur,Jabalpur,Narmada,Hiran,23.426666666666666,79.8175,440970682,5,2026-08-13T18:00:00+00:00,3,79.0,0,Linked live river forecast reach,152.369395459828
MP1100_Ktngi,Katangi_Jabalpur,Jabalpur,Narmada,Hiran,23.426666666666666,79.8175,440970682,5,2026-08-13T21:00:00+00:00,3,74.4,0,Linked live river forecast reach,152.369395459828
MP1100_Ktngi,Katangi_Jabalpur,Jabalpur,Narmada,Hiran,23.426666666666666,79.8175,440970682,5,2026-08-14T00:00:00+00:00,3,74.9,0,Linked live river forecast reach,152.369395459828
MP1100_Ktngi,Katangi_Jabalpur,Jabalpur,Narmada,Hiran,23.426666666666666,79.8175,440970682,5,2026-08-14T03:00:00+00:00,3,77.4,0,Linked live river forecast reach,152.369395459828
MP1100_Ktngi,Katangi_Jabalpur,Jabalpur,Narmada,Hiran,23.426666666666666,79.8175,440970682,5,2026-08-14T06:00:00+00:00,3,79.5,0,Linked live river forecast reach,152.369395459828
MP1100_Ktngi,Katangi_Jabalpur,Jabalpur,Narmada,Hiran,23.426666666666666,79.8175,440970682,5,2026-08-14T09:00:00+00:00,3,83.0,0,Linked live river forecast reach,152.369395459828
MP1100_Ktngi,Katangi_Jabalpur,Jabalpur,Narmada,Hiran,23.426666666666666,79.8175,440970682,5,2026-08-14T12:00:00+00:00,3,87.6,0,Linked live river forecast reach,152.369395459828
MP1100_Ktngi,Katangi_Jabalpur,Jabalpur,Narmada,Hiran,23.426666666666666,79.8175,440970682,5,2026-08-14T15:00:00+00:00,4,91.6,0,Linked live river forecast reach,152.369395459828
MP1100_Ktngi,Katangi_Jabalpur,Jabalpur,Narmada,Hiran,23.426666666666666,79.8175,440970682,5,2026-08-14T18:00:00+00:00,4,94.3,0,Linked live river forecast reach,152.369395459828
MP1100_Ktngi,Katangi_Jabalpur,Jabalpur,Narmada,Hiran,23.426666666666666,79.8175,440970682,5,2026-08-14T21:00:00+00:00,4,101.4,0,Linked live river forecast reach,152.369395459828
MP1100_Ktngi,Katangi_Jabalpur,Jabalpur,Narmada,Hiran,23.426666666666666,79.8175,440970682,5,2026-08-15T00:00:00+00:00,4,111.4,0,Linked live river forecast reach,152.369395459828
MP1100_Ktngi,Katangi_Jabalpur,Jabalpur,Narmada,Hiran,23.426666666666666,79.8175,440970682,5,2026-08-15T03:00:00+00:00,4,121.6,0,Linked live river forecast reach,152.369395459828
MP1100_Ktngi,Katangi_Jabalpur,Jabalpur,Narmada,Hiran,23.426666666666666,79.8175,440970682,5,2026-08-15T06:00:00+00:00,4,141.6,0,Linked live river forecast reach,152.369395459828
MP1100_Ktngi,Katangi_Jabalpur,Jabalpur,Narmada,Hiran,23.426666666666666,79.8175,440970682,5,2026-08-15T09:00:00+00:00,4,166.4,0,Linked live river forecast reach,152.369395459828
MP1100_Ktngi,Katangi_Jabalpur,Jabalpur,Narmada,Hiran,23.426666666666666,79.8175,440970682,5,2026-08-15T12:00:00+00:00,4,191.0,0,Linked live river forecast reach,152.369395459828
MP1100_Ktngi,Katangi_Jabalpur,Jabalpur,Narmada,Hiran,23.426666666666666,79.8175,440970682,5,2026-08-15T15:00:00+00:00,5,219.2,0,Linked live river forecast reach,152.369395459828
MP1100_Ktngi,Katangi_Jabalpur,Jabalpur,Narmada,Hiran,23.426666666666666,79.8175,440970682,5,2026-08-15T18:00:00+00:00,5,257.6,0,Linked live river forecast reach,152.369395459828
MP1100_Ktngi,Katangi_Jabalpur,Jabalpur,Narmada,Hiran,23.426666666666666,79.8175,440970682,5,2026-08-15T21:00:00+00:00,5,297.9,0,Linked live river forecast reach,152.369395459828
MP1100_Ktngi,Katangi_Jabalpur,Jabalpur,Narmada,Hiran,23.426666666666666,79.8175,440970682,5,2026-08-16T00:00:00+00:00,5,340.6,0,Linked live river forecast reach,152.369395459828
MP1100_Ktngi,Katangi_Jabalpur,Jabalpur,Narmada,Hiran,23.426666666666666,79.8175,440970682,5,2026-08-16T03:00:00+00:00,5,391.4,0,Linked live river forecast reach,152.369395459828
MP1100_Ktngi,Katangi_Jabalpur,Jabalpur,Narmada,Hiran,23.426666666666666,79.8175,440970682,5,2026-08-16T06:00:00+00:00,5,452.1,0,Linked live river forecast reach,152.369395459828
MP1100_Ktngi,Katangi_Jabalpur,Jabalpur,Narmada,Hiran,23.426666666666666,79.8175,440970682,5,2026-08-16T09:00:00+00:00,5,514.0,0,Linked live river forecast reach,152.369395459828
MP1100_Ktngi,Katangi_Jabalpur,Jabalpur,Narmada,Hiran,23.426666666666666,79.8175,440970682,5,2026-08-16T12:00:00+00:00,5,559.8,0,Linked live river forecast reach,152.369395459828
MP1100_Ktngi,Katangi_Jabalpur,Jabalpur,Narmada,Hiran,23.426666666666666,79.8175,440970682,5,2026-08-16T15:00:00+00:00,6,587.2,0,Linked live river forecast reach,152.369395459828
MP1100_Ktngi,Katangi_Jabalpur,Jabalpur,Narmada,Hiran,23.426666666666666,79.8175,440970682,5,2026-08-16T18:00:00+00:00,6,600.7,0,Linked live river forecast reach,152.369395459828
MP1100_Ktngi,Katangi_Jabalpur,Jabalpur,Narmada,Hiran,23.426666666666666,79.8175,440970682,5,2026-08-16T21:00:00+00:00,6,604.2,0,Linked live river forecast reach,152.369395459828
MP1100_Ktngi,Katangi_Jabalpur,Jabalpur,Narmada,Hiran,23.426666666666666,79.8175,440970682,5,2026-08-17T00:00:00+00:00,6,599.2,0,Linked live river forecast reach,152.369395459828
MP1100_Ktngi,Katangi_Jabalpur,Jabalpur,Narmada,Hiran,23.426666666666666,79.8175,440970682,5,2026-08-17T03:00:00+00:00,6,587.7,0,Linked live river forecast reach,152.369395459828
MP1100_Ktngi,Katangi_Jabalpur,Jabalpur,Narmada,Hiran,23.426666666666666,79.8175,440970682,5,2026-08-17T06:00:00+00:00,6,571.2,0,Linked live river forecast reach,152.369395459828
MP1100_Ktngi,Katangi_Jabalpur,Jabalpur,Narmada,Hiran,23.426666666666666,79.8175,440970682,5,2026-08-17T09:00:00+00:00,6,550.8,0,Linked live river forecast reach,152.369395459828
MP1100_Ktngi,Katangi_Jabalpur,Jabalpur,Narmada,Hiran,23.426666666666666,79.8175,440970682,5,2026-08-17T12:00:00+00:00,6,524.0,0,Linked live river forecast reach,152.369395459828
MP1100_Ktngi,Katangi_Jabalpur,Jabalpur,Narmada,Hiran,23.426666666666666,79.8175,440970682,5,2026-08-17T15:00:00+00:00,7,494.8,0,Linked live river forecast reach,152.369395459828
MP1100_Kuksi,Kukshi,Dhar,Narmada,Uri,22.20777777777778,74.78361111111111,440889551,4,2026-08-10T15:00:00+00:00,0,3.5,0,Linked live river forecast reach,836.2035349834945
MP1100_Mergn,Meregaon_Jabalpur,Jabalpur,Narmada,Hiran,23.158055555555556,79.3861111111111,441057382,5,2026-08-10T15:00:00+00:00,0,197.4,0,Linked live river forecast reach,204.4718327601185
MP1100_Mergn,Meregaon_Jabalpur,Jabalpur,Narmada,Hiran,23.158055555555556,79.3861111111111,441057382,5,2026-08-10T18:00:00+00:00,0,223.6,0,Linked live river forecast reach,204.4718327601185
MP1100_Mergn,Meregaon_Jabalpur,Jabalpur,Narmada,Hiran,23.158055555555556,79.3861111111111,441057382,5,2026-08-10T21:00:00+00:00,0,253.6,0,Linked live river forecast reach,204.4718327601185
MP1100_Mergn,Meregaon_Jabalpur,Jabalpur,Narmada,Hiran,23.158055555555556,79.3861111111111,441057382,5,2026-08-11T00:00:00+00:00,0,287.3,0,Linked live river forecast reach,204.4718327601185
MP1100_Mergn,Meregaon_Jabalpur,Jabalpur,Narmada,Hiran,23.158055555555556,79.3861111111111,441057382,5,2026-08-11T03:00:00+00:00,0,318.0,0,Linked live river forecast reach,204.4718327601185
MP1100_Mergn,Meregaon_Jabalpur,Jabalpur,Narmada,Hiran,23.158055555555556,79.3861111111111,441057382,5,2026-08-11T06:00:00+00:00,0,351.6,0,Linked live river forecast reach,204.4718327601185
MP1100_Mergn,Meregaon_Jabalpur,Jabalpur,Narmada,Hiran,23.158055555555556,79.3861111111111,441057382,5,2026-08-11T09:00:00+00:00,0,385.2,0,Linked live river forecast reach,204.4718327601185
MP1100_Mergn,Meregaon_Jabalpur,Jabalpur,Narmada,Hiran,23.158055555555556,79.3861111111111,441057382,5,2026-08-11T12:00:00+00:00,0,417.6,0,Linked live river forecast reach,204.4718327601185
MP1100_Mergn,Meregaon_Jabalpur,Jabalpur,Narmada,Hiran,23.158055555555556,79.3861111111111,441057382,5,2026-08-11T15:00:00+00:00,1,450.7,0,Linked live river forecast reach,204.4718327601185
MP1100_Mergn,Meregaon_Jabalpur,Jabalpur,Narmada,Hiran,23.158055555555556,79.3861111111111,441057382,5,2026-08-11T18:00:00+00:00,1,480.0,0,Linked live river forecast reach,204.4718327601185
MP1100_Mergn,Meregaon_Jabalpur,Jabalpur,Narmada,Hiran,23.158055555555556,79.3861111111111,441057382,5,2026-08-11T21:00:00+00:00,1,503.6,0,Linked live river forecast reach,204.4718327601185
MP1100_Mergn,Meregaon_Jabalpur,Jabalpur,Narmada,Hiran,23.158055555555556,79.3861111111111,441057382,5,2026-08-12T00:00:00+00:00,1,522.0,0,Linked live river forecast reach,204.4718327601185
MP1100_Mergn,Meregaon_Jabalpur,Jabalpur,Narmada,Hiran,23.158055555555556,79.3861111111111,441057382,5,2026-08-12T03:00:00+00:00,1,533.6,0,Linked live river forecast reach,204.4718327601185
MP1100_Mergn,Meregaon_Jabalpur,Jabalpur,Narmada,Hiran,23.158055555555556,79.3861111111111,441057382,5,2026-08-12T06:00:00+00:00,1,537.8,0,Linked live river forecast reach,204.4718327601185
MP1100_Mergn,Meregaon_Jabalpur,Jabalpur,Narmada,Hiran,23.158055555555556,79.3861111111111,441057382,5,2026-08-12T09:00:00+00:00,1,537.4,0,Linked live river forecast reach,204.4718327601185
MP1100_Mergn,Meregaon_Jabalpur,Jabalpur,Narmada,Hiran,23.158055555555556,79.3861111111111,441057382,5,2026-08-12T12:00:00+00:00,1,531.3,0,Linked live river forecast reach,204.4718327601185
MP1100_Mergn,Meregaon_Jabalpur,Jabalpur,Narmada,Hiran,23.158055555555556,79.3861111111111,441057382,5,2026-08-12T15:00:00+00:00,2,520.1,0,Linked live river forecast reach,204.4718327601185
MP1100_Mergn,Meregaon_Jabalpur,Jabalpur,Narmada,Hiran,23.158055555555556,79.3861111111111,441057382,5,2026-08-12T18:00:00+00:00,2,507.6,0,Linked live river forecast reach,204.4718327601185
MP1100_Mergn,Meregaon_Jabalpur,Jabalpur,Narmada,Hiran,23.158055555555556,79.3861111111111,441057382,5,2026-08-12T21:00:00+00:00,2,496.6,0,Linked live river forecast reach,204.4718327601185
MP1100_Mergn,Meregaon_Jabalpur,Jabalpur,Narmada,Hiran,23.158055555555556,79.3861111111111,441057382,5,2026-08-13T00:00:00+00:00,2,487.1,0,Linked live river forecast reach,204.4718327601185
MP1100_Mergn,Meregaon_Jabalpur,Jabalpur,Narmada,Hiran,23.158055555555556,79.3861111111111,441057382,5,2026-08-13T03:00:00+00:00,2,475.4,0,Linked live river forecast reach,204.4718327601185
MP1100_Mergn,Meregaon_Jabalpur,Jabalpur,Narmada,Hiran,23.158055555555556,79.3861111111111,441057382,5,2026-08-13T06:00:00+00:00,2,458.9,0,Linked live river forecast reach,204.4718327601185
MP1100_Mergn,Meregaon_Jabalpur,Jabalpur,Narmada,Hiran,23.158055555555556,79.3861111111111,441057382,5,2026-08-13T09:00:00+00:00,2,439.6,0,Linked live river forecast reach,204.4718327601185
MP1100_Mergn,Meregaon_Jabalpur,Jabalpur,Narmada,Hiran,23.158055555555556,79.3861111111111,441057382,5,2026-08-13T12:00:00+00:00,2,420.9,0,Linked live river forecast reach,204.4718327601185
MP1100_Mergn,Meregaon_Jabalpur,Jabalpur,Narmada,Hiran,23.158055555555556,79.3861111111111,441057382,5,2026-08-13T15:00:00+00:00,3,403.0,0,Linked live river forecast reach,204.4718327601185
MP1100_Mergn,Meregaon_Jabalpur,Jabalpur,Narmada,Hiran,23.158055555555556,79.3861111111111,441057382,5,2026-08-13T18:00:00+00:00,3,385.8,0,Linked live river forecast reach,204.4718327601185
MP1100_Mergn,Meregaon_Jabalpur,Jabalpur,Narmada,Hiran,23.158055555555556,79.3861111111111,441057382,5,2026-08-13T21:00:00+00:00,3,368.1,0,Linked live river forecast reach,204.4718327601185
MP1100_Mergn,Meregaon_Jabalpur,Jabalpur,Narmada,Hiran,23.158055555555556,79.3861111111111,441057382,5,2026-08-14T00:00:00+00:00,3,348.6,0,Linked live river forecast reach,204.4718327601185
MP1100_Mergn,Meregaon_Jabalpur,Jabalpur,Narmada,Hiran,23.158055555555556,79.3861111111111,441057382,5,2026-08-14T03:00:00+00:00,3,328.7,0,Linked live river forecast reach,204.4718327601185
MP1100_Mergn,Meregaon_Jabalpur,Jabalpur,Narmada,Hiran,23.158055555555556,79.3861111111111,441057382,5,2026-08-14T06:00:00+00:00,3,310.5,0,Linked live river forecast reach,204.4718327601185
MP1100_Mergn,Meregaon_Jabalpur,Jabalpur,Narmada,Hiran,23.158055555555556,79.3861111111111,441057382,5,2026-08-14T09:00:00+00:00,3,296.8,0,Linked live river forecast reach,204.4718327601185
MP1100_Mergn,Meregaon_Jabalpur,Jabalpur,Narmada,Hiran,23.158055555555556,79.3861111111111,441057382,5,2026-08-14T12:00:00+00:00,3,288.5,0,Linked live river forecast reach,204.4718327601185
MP1100_Mergn,Meregaon_Jabalpur,Jabalpur,Narmada,Hiran,23.158055555555556,79.3861111111111,441057382,5,2026-08-14T15:00:00+00:00,4,280.6,0,Linked live river forecast reach,204.4718327601185
MP1100_Mergn,Meregaon_Jabalpur,Jabalpur,Narmada,Hiran,23.158055555555556,79.3861111111111,441057382,5,2026-08-14T18:00:00+00:00,4,270.4,0,Linked live river forecast reach,204.4718327601185
MP1100_Mergn,Meregaon_Jabalpur,Jabalpur,Narmada,Hiran,23.158055555555556,79.3861111111111,441057382,5,2026-08-14T21:00:00+00:00,4,258.5,0,Linked live river forecast reach,204.4718327601185
MP1100_Mergn,Meregaon_Jabalpur,Jabalpur,Narmada,Hiran,23.158055555555556,79.3861111111111,441057382,5,2026-08-15T00:00:00+00:00,4,246.2,0,Linked live river forecast reach,204.4718327601185
MP1100_Mergn,Meregaon_Jabalpur,Jabalpur,Narmada,Hiran,23.158055555555556,79.3861111111111,441057382,5,2026-08-15T03:00:00+00:00,4,233.0,0,Linked live river forecast reach,204.4718327601185
MP1100_Mergn,Meregaon_Jabalpur,Jabalpur,Narmada,Hiran,23.158055555555556,79.3861111111111,441057382,5,2026-08-15T06:00:00+00:00,4,220.9,0,Linked live river forecast reach,204.4718327601185
MP1100_Mergn,Meregaon_Jabalpur,Jabalpur,Narmada,Hiran,23.158055555555556,79.3861111111111,441057382,5,2026-08-15T09:00:00+00:00,4,215.3,0,Linked live river forecast reach,204.4718327601185
MP1100_Mergn,Meregaon_Jabalpur,Jabalpur,Narmada,Hiran,23.158055555555556,79.3861111111111,441057382,5,2026-08-15T12:00:00+00:00,4,215.6,0,Linked live river forecast reach,204.4718327601185
MP1100_Mergn,Meregaon_Jabalpur,Jabalpur,Narmada,Hiran,23.158055555555556,79.3861111111111,441057382,5,2026-08-15T15:00:00+00:00,5,219.3,0,Linked live river forecast reach,204.4718327601185
MP1100_Mergn,Meregaon_Jabalpur,Jabalpur,Narmada,Hiran,23.158055555555556,79.3861111111111,441057382,5,2026-08-15T18:00:00+00:00,5,226.7,0,Linked live river forecast reach,204.4718327601185
MP1100_Mergn,Meregaon_Jabalpur,Jabalpur,Narmada,Hiran,23.158055555555556,79.3861111111111,441057382,5,2026-08-15T21:00:00+00:00,5,232.5,0,Linked live river forecast reach,204.4718327601185
MP1100_Mergn,Meregaon_Jabalpur,Jabalpur,Narmada,Hiran,23.158055555555556,79.3861111111111,441057382,5,2026-08-16T00:00:00+00:00,5,235.0,0,Linked live river forecast reach,204.4718327601185
MP1100_Mergn,Meregaon_Jabalpur,Jabalpur,Narmada,Hiran,23.158055555555556,79.3861111111111,441057382,5,2026-08-16T03:00:00+00:00,5,240.6,0,Linked live river forecast reach,204.4718327601185
MP1100_Mergn,Meregaon_Jabalpur,Jabalpur,Narmada,Hiran,23.158055555555556,79.3861111111111,441057382,5,2026-08-16T06:00:00+00:00,5,248.8,0,Linked live river forecast reach,204.4718327601185
MP1100_Mergn,Meregaon_Jabalpur,Jabalpur,Narmada,Hiran,23.158055555555556,79.3861111111111,441057382,5,2026-08-16T09:00:00+00:00,5,256.0,0,Linked live river forecast reach,204.4718327601185
MP1100_Mergn,Meregaon_Jabalpur,Jabalpur,Narmada,Hiran,23.158055555555556,79.3861111111111,441057382,5,2026-08-16T12:00:00+00:00,5,261.4,0,Linked live river forecast reach,204.4718327601185
MP1100_Mergn,Meregaon_Jabalpur,Jabalpur,Narmada,Hiran,23.158055555555556,79.3861111111111,441057382,5,2026-08-16T15:00:00+00:00,6,264.7,0,Linked live river forecast reach,204.4718327601185
MP1100_Mergn,Meregaon_Jabalpur,Jabalpur,Narmada,Hiran,23.158055555555556,79.3861111111111,441057382,5,2026-08-16T18:00:00+00:00,6,264.0,0,Linked live river forecast reach,204.4718327601185
MP1100_Mergn,Meregaon_Jabalpur,Jabalpur,Narmada,Hiran,23.158055555555556,79.3861111111111,441057382,5,2026-08-16T21:00:00+00:00,6,261.1,0,Linked live river forecast reach,204.4718327601185
MP1100_Mergn,Meregaon_Jabalpur,Jabalpur,Narmada,Hiran,23.158055555555556,79.3861111111111,441057382,5,2026-08-17T00:00:00+00:00,6,259.5,0,Linked live river forecast reach,204.4718327601185
MP1100_Mergn,Meregaon_Jabalpur,Jabalpur,Narmada,Hiran,23.158055555555556,79.3861111111111,441057382,5,2026-08-17T03:00:00+00:00,6,261.5,0,Linked live river forecast reach,204.4718327601185
MP1100_Mergn,Meregaon_Jabalpur,Jabalpur,Narmada,Hiran,23.158055555555556,79.3861111111111,441057382,5,2026-08-17T06:00:00+00:00,6,266.9,0,Linked live river forecast reach,204.4718327601185
MP1100_Mergn,Meregaon_Jabalpur,Jabalpur,Narmada,Hiran,23.158055555555556,79.3861111111111,441057382,5,2026-08-17T09:00:00+00:00,6,274.3,0,Linked live river forecast reach,204.4718327601185
MP1100_Mergn,Meregaon_Jabalpur,Jabalpur,Narmada,Hiran,23.158055555555556,79.3861111111111,441057382,5,2026-08-17T12:00:00+00:00,6,283.2,0,Linked live river forecast reach,204.4718327601185
MP1100_Mergn,Meregaon_Jabalpur,Jabalpur,Narmada,Hiran,23.158055555555556,79.3861111111111,441057382,5,2026-08-17T15:00:00+00:00,7,291.8,0,Linked live river forecast reach,204.4718327601185
MP1100_Mocha,Mocha_Mandla,Mandla,Narmada,Banjar,22.3,80.46666666666667,440985868,4,2026-08-10T15:00:00+00:00,0,184.2,0,Linked live river forecast reach,24.64083458855748
MP1100_Mocha,Mocha_Mandla,Mandla,Narmada,Banjar,22.3,80.46666666666667,440985868,4,2026-08-10T18:00:00+00:00,0,174.4,0,Linked live river forecast reach,24.64083458855748
MP1100_Mocha,Mocha_Mandla,Mandla,Narmada,Banjar,22.3,80.46666666666667,440985868,4,2026-08-10T21:00:00+00:00,0,161.2,0,Linked live river forecast reach,24.64083458855748
MP1100_Mocha,Mocha_Mandla,Mandla,Narmada,Banjar,22.3,80.46666666666667,440985868,4,2026-08-11T00:00:00+00:00,0,149.4,0,Linked live river forecast reach,24.64083458855748
MP1100_Mocha,Mocha_Mandla,Mandla,Narmada,Banjar,22.3,80.46666666666667,440985868,4,2026-08-11T03:00:00+00:00,0,141.4,0,Linked live river forecast reach,24.64083458855748
MP1100_Mocha,Mocha_Mandla,Mandla,Narmada,Banjar,22.3,80.46666666666667,440985868,4,2026-08-11T06:00:00+00:00,0,136.5,0,Linked live river forecast reach,24.64083458855748
MP1100_Mocha,Mocha_Mandla,Mandla,Narmada,Banjar,22.3,80.46666666666667,440985868,4,2026-08-11T09:00:00+00:00,0,132.3,0,Linked live river forecast reach,24.64083458855748
MP1100_Mocha,Mocha_Mandla,Mandla,Narmada,Banjar,22.3,80.46666666666667,440985868,4,2026-08-11T12:00:00+00:00,0,128.7,0,Linked live river forecast reach,24.64083458855748
MP1100_Mocha,Mocha_Mandla,Mandla,Narmada,Banjar,22.3,80.46666666666667,440985868,4,2026-08-11T15:00:00+00:00,1,125.3,0,Linked live river forecast reach,24.64083458855748
MP1100_Mocha,Mocha_Mandla,Mandla,Narmada,Banjar,22.3,80.46666666666667,440985868,4,2026-08-11T18:00:00+00:00,1,119.8,0,Linked live river forecast reach,24.64083458855748
MP1100_Mocha,Mocha_Mandla,Mandla,Narmada,Banjar,22.3,80.46666666666667,440985868,4,2026-08-11T21:00:00+00:00,1,110.0,0,Linked live river forecast reach,24.64083458855748
MP1100_Mocha,Mocha_Mandla,Mandla,Narmada,Banjar,22.3,80.46666666666667,440985868,4,2026-08-12T00:00:00+00:00,1,97.6,0,Linked live river forecast reach,24.64083458855748
MP1100_Mocha,Mocha_Mandla,Mandla,Narmada,Banjar,22.3,80.46666666666667,440985868,4,2026-08-12T03:00:00+00:00,1,86.1,0,Linked live river forecast reach,24.64083458855748
MP1100_Mocha,Mocha_Mandla,Mandla,Narmada,Banjar,22.3,80.46666666666667,440985868,4,2026-08-12T06:00:00+00:00,1,77.1,0,Linked live river forecast reach,24.64083458855748
MP1100_Mocha,Mocha_Mandla,Mandla,Narmada,Banjar,22.3,80.46666666666667,440985868,4,2026-08-12T09:00:00+00:00,1,70.4,0,Linked live river forecast reach,24.64083458855748
MP1100_Mocha,Mocha_Mandla,Mandla,Narmada,Banjar,22.3,80.46666666666667,440985868,4,2026-08-12T12:00:00+00:00,1,65.2,0,Linked live river forecast reach,24.64083458855748
MP1100_Mocha,Mocha_Mandla,Mandla,Narmada,Banjar,22.3,80.46666666666667,440985868,4,2026-08-12T15:00:00+00:00,2,61.9,0,Linked live river forecast reach,24.64083458855748
MP1100_Mocha,Mocha_Mandla,Mandla,Narmada,Banjar,22.3,80.46666666666667,440985868,4,2026-08-12T18:00:00+00:00,2,60.2,0,Linked live river forecast reach,24.64083458855748
MP1100_Mocha,Mocha_Mandla,Mandla,Narmada,Banjar,22.3,80.46666666666667,440985868,4,2026-08-12T21:00:00+00:00,2,58.5,0,Linked live river forecast reach,24.64083458855748
MP1100_Mocha,Mocha_Mandla,Mandla,Narmada,Banjar,22.3,80.46666666666667,440985868,4,2026-08-13T00:00:00+00:00,2,56.3,0,Linked live river forecast reach,24.64083458855748
MP1100_Mocha,Mocha_Mandla,Mandla,Narmada,Banjar,22.3,80.46666666666667,440985868,4,2026-08-13T03:00:00+00:00,2,54.3,0,Linked live river forecast reach,24.64083458855748
MP1100_Mocha,Mocha_Mandla,Mandla,Narmada,Banjar,22.3,80.46666666666667,440985868,4,2026-08-13T06:00:00+00:00,2,52.9,0,Linked live river forecast reach,24.64083458855748
MP1100_Mocha,Mocha_Mandla,Mandla,Narmada,Banjar,22.3,80.46666666666667,440985868,4,2026-08-13T09:00:00+00:00,2,51.4,0,Linked live river forecast reach,24.64083458855748
MP1100_Mocha,Mocha_Mandla,Mandla,Narmada,Banjar,22.3,80.46666666666667,440985868,4,2026-08-13T12:00:00+00:00,2,50.1,0,Linked live river forecast reach,24.64083458855748
MP1100_Mocha,Mocha_Mandla,Mandla,Narmada,Banjar,22.3,80.46666666666667,440985868,4,2026-08-13T15:00:00+00:00,3,49.5,0,Linked live river forecast reach,24.64083458855748
MP1100_Mocha,Mocha_Mandla,Mandla,Narmada,Banjar,22.3,80.46666666666667,440985868,4,2026-08-13T18:00:00+00:00,3,49.6,0,Linked live river forecast reach,24.64083458855748
MP1100_Mocha,Mocha_Mandla,Mandla,Narmada,Banjar,22.3,80.46666666666667,440985868,4,2026-08-13T21:00:00+00:00,3,49.6,0,Linked live river forecast reach,24.64083458855748
MP1100_Mocha,Mocha_Mandla,Mandla,Narmada,Banjar,22.3,80.46666666666667,440985868,4,2026-08-14T00:00:00+00:00,3,49.5,0,Linked live river forecast reach,24.64083458855748
MP1100_Mocha,Mocha_Mandla,Mandla,Narmada,Banjar,22.3,80.46666666666667,440985868,4,2026-08-14T03:00:00+00:00,3,50.8,0,Linked live river forecast reach,24.64083458855748
MP1100_Mocha,Mocha_Mandla,Mandla,Narmada,Banjar,22.3,80.46666666666667,440985868,4,2026-08-14T06:00:00+00:00,3,52.5,0,Linked live river forecast reach,24.64083458855748
MP1100_Mocha,Mocha_Mandla,Mandla,Narmada,Banjar,22.3,80.46666666666667,440985868,4,2026-08-14T09:00:00+00:00,3,53.3,0,Linked live river forecast reach,24.64083458855748
MP1100_Mocha,Mocha_Mandla,Mandla,Narmada,Banjar,22.3,80.46666666666667,440985868,4,2026-08-14T12:00:00+00:00,3,54.8,0,Linked live river forecast reach,24.64083458855748
MP1100_Mocha,Mocha_Mandla,Mandla,Narmada,Banjar,22.3,80.46666666666667,440985868,4,2026-08-14T15:00:00+00:00,4,58.7,0,Linked live river forecast reach,24.64083458855748
MP1100_Mocha,Mocha_Mandla,Mandla,Narmada,Banjar,22.3,80.46666666666667,440985868,4,2026-08-14T18:00:00+00:00,4,63.5,0,Linked live river forecast reach,24.64083458855748
MP1100_Mocha,Mocha_Mandla,Mandla,Narmada,Banjar,22.3,80.46666666666667,440985868,4,2026-08-14T21:00:00+00:00,4,66.2,0,Linked live river forecast reach,24.64083458855748
MP1100_Mocha,Mocha_Mandla,Mandla,Narmada,Banjar,22.3,80.46666666666667,440985868,4,2026-08-15T00:00:00+00:00,4,67.4,0,Linked live river forecast reach,24.64083458855748
MP1100_Mocha,Mocha_Mandla,Mandla,Narmada,Banjar,22.3,80.46666666666667,440985868,4,2026-08-15T03:00:00+00:00,4,70.2,0,Linked live river forecast reach,24.64083458855748
MP1100_Mocha,Mocha_Mandla,Mandla,Narmada,Banjar,22.3,80.46666666666667,440985868,4,2026-08-15T06:00:00+00:00,4,74.6,0,Linked live river forecast reach,24.64083458855748
MP1100_Mocha,Mocha_Mandla,Mandla,Narmada,Banjar,22.3,80.46666666666667,440985868,4,2026-08-15T09:00:00+00:00,4,80.2,0,Linked live river forecast reach,24.64083458855748
MP1100_Mocha,Mocha_Mandla,Mandla,Narmada,Banjar,22.3,80.46666666666667,440985868,4,2026-08-15T12:00:00+00:00,4,86.8,0,Linked live river forecast reach,24.64083458855748
MP1100_Mocha,Mocha_Mandla,Mandla,Narmada,Banjar,22.3,80.46666666666667,440985868,4,2026-08-15T15:00:00+00:00,5,93.7,0,Linked live river forecast reach,24.64083458855748
MP1100_Mocha,Mocha_Mandla,Mandla,Narmada,Banjar,22.3,80.46666666666667,440985868,4,2026-08-15T18:00:00+00:00,5,99.6,0,Linked live river forecast reach,24.64083458855748
MP1100_Mocha,Mocha_Mandla,Mandla,Narmada,Banjar,22.3,80.46666666666667,440985868,4,2026-08-15T21:00:00+00:00,5,102.6,0,Linked live river forecast reach,24.64083458855748
MP1100_Mocha,Mocha_Mandla,Mandla,Narmada,Banjar,22.3,80.46666666666667,440985868,4,2026-08-16T00:00:00+00:00,5,103.7,0,Linked live river forecast reach,24.64083458855748
MP1100_Mocha,Mocha_Mandla,Mandla,Narmada,Banjar,22.3,80.46666666666667,440985868,4,2026-08-16T03:00:00+00:00,5,105.8,0,Linked live river forecast reach,24.64083458855748
MP1100_Mocha,Mocha_Mandla,Mandla,Narmada,Banjar,22.3,80.46666666666667,440985868,4,2026-08-16T06:00:00+00:00,5,108.2,0,Linked live river forecast reach,24.64083458855748
MP1100_Mocha,Mocha_Mandla,Mandla,Narmada,Banjar,22.3,80.46666666666667,440985868,4,2026-08-16T09:00:00+00:00,5,111.4,0,Linked live river forecast reach,24.64083458855748
MP1100_Mocha,Mocha_Mandla,Mandla,Narmada,Banjar,22.3,80.46666666666667,440985868,4,2026-08-16T12:00:00+00:00,5,115.4,0,Linked live river forecast reach,24.64083458855748
MP1100_Mocha,Mocha_Mandla,Mandla,Narmada,Banjar,22.3,80.46666666666667,440985868,4,2026-08-16T15:00:00+00:00,6,118.8,0,Linked live river forecast reach,24.64083458855748
MP1100_Mocha,Mocha_Mandla,Mandla,Narmada,Banjar,22.3,80.46666666666667,440985868,4,2026-08-16T18:00:00+00:00,6,121.6,0,Linked live river forecast reach,24.64083458855748
MP1100_Mocha,Mocha_Mandla,Mandla,Narmada,Banjar,22.3,80.46666666666667,440985868,4,2026-08-16T21:00:00+00:00,6,124.8,0,Linked live river forecast reach,24.64083458855748
MP1100_Mocha,Mocha_Mandla,Mandla,Narmada,Banjar,22.3,80.46666666666667,440985868,4,2026-08-17T00:00:00+00:00,6,128.5,0,Linked live river forecast reach,24.64083458855748
MP1100_Mocha,Mocha_Mandla,Mandla,Narmada,Banjar,22.3,80.46666666666667,440985868,4,2026-08-17T03:00:00+00:00,6,131.8,0,Linked live river forecast reach,24.64083458855748
MP1100_Mocha,Mocha_Mandla,Mandla,Narmada,Banjar,22.3,80.46666666666667,440985868,4,2026-08-17T06:00:00+00:00,6,133.9,0,Linked live river forecast reach,24.64083458855748
MP1100_Mocha,Mocha_Mandla,Mandla,Narmada,Banjar,22.3,80.46666666666667,440985868,4,2026-08-17T09:00:00+00:00,6,135.8,0,Linked live river forecast reach,24.64083458855748
MP1100_Mocha,Mocha_Mandla,Mandla,Narmada,Banjar,22.3,80.46666666666667,440985868,4,2026-08-17T12:00:00+00:00,6,137.4,0,Linked live river forecast reach,24.64083458855748
MP1100_Mocha,Mocha_Mandla,Mandla,Narmada,Banjar,22.3,80.46666666666667,440985868,4,2026-08-17T15:00:00+00:00,7,138.0,0,Linked live river forecast reach,24.64083458855748
MP1100_Nrngr,Noornagar,Raisen,Narmada,Tenduni,23.11138888888889,78.40277777777777,440955559,5,2026-08-10T15:00:00+00:00,0,318.9,0,Linked live river forecast reach,463.2171871901594
MP1100_Nrngr,Noornagar,Raisen,Narmada,Tenduni,23.11138888888889,78.40277777777777,440955559,5,2026-08-10T18:00:00+00:00,0,276.0,0,Linked live river forecast reach,463.2171871901594
MP1100_Nrngr,Noornagar,Raisen,Narmada,Tenduni,23.11138888888889,78.40277777777777,440955559,5,2026-08-10T21:00:00+00:00,0,231.2,0,Linked live river forecast reach,463.2171871901594
MP1100_Nrngr,Noornagar,Raisen,Narmada,Tenduni,23.11138888888889,78.40277777777777,440955559,5,2026-08-11T00:00:00+00:00,0,193.3,0,Linked live river forecast reach,463.2171871901594
MP1100_Nrngr,Noornagar,Raisen,Narmada,Tenduni,23.11138888888889,78.40277777777777,440955559,5,2026-08-11T03:00:00+00:00,0,162.5,0,Linked live river forecast reach,463.2171871901594
MP1100_Nrngr,Noornagar,Raisen,Narmada,Tenduni,23.11138888888889,78.40277777777777,440955559,5,2026-08-11T06:00:00+00:00,0,135.0,0,Linked live river forecast reach,463.2171871901594
MP1100_Nrngr,Noornagar,Raisen,Narmada,Tenduni,23.11138888888889,78.40277777777777,440955559,5,2026-08-11T09:00:00+00:00,0,111.7,0,Linked live river forecast reach,463.2171871901594
MP1100_Nrngr,Noornagar,Raisen,Narmada,Tenduni,23.11138888888889,78.40277777777777,440955559,5,2026-08-11T12:00:00+00:00,0,92.0,0,Linked live river forecast reach,463.2171871901594
MP1100_Nrngr,Noornagar,Raisen,Narmada,Tenduni,23.11138888888889,78.40277777777777,440955559,5,2026-08-11T15:00:00+00:00,1,78.2,0,Linked live river forecast reach,463.2171871901594
MP1100_Nrngr,Noornagar,Raisen,Narmada,Tenduni,23.11138888888889,78.40277777777777,440955559,5,2026-08-11T18:00:00+00:00,1,71.4,0,Linked live river forecast reach,463.2171871901594
MP1100_Nrngr,Noornagar,Raisen,Narmada,Tenduni,23.11138888888889,78.40277777777777,440955559,5,2026-08-11T21:00:00+00:00,1,69.6,0,Linked live river forecast reach,463.2171871901594
MP1100_Nrngr,Noornagar,Raisen,Narmada,Tenduni,23.11138888888889,78.40277777777777,440955559,5,2026-08-12T00:00:00+00:00,1,71.7,0,Linked live river forecast reach,463.2171871901594
MP1100_Nrngr,Noornagar,Raisen,Narmada,Tenduni,23.11138888888889,78.40277777777777,440955559,5,2026-08-12T03:00:00+00:00,1,73.5,0,Linked live river forecast reach,463.2171871901594
MP1100_Nrngr,Noornagar,Raisen,Narmada,Tenduni,23.11138888888889,78.40277777777777,440955559,5,2026-08-12T06:00:00+00:00,1,73.6,0,Linked live river forecast reach,463.2171871901594
MP1100_Nrngr,Noornagar,Raisen,Narmada,Tenduni,23.11138888888889,78.40277777777777,440955559,5,2026-08-12T09:00:00+00:00,1,72.1,0,Linked live river forecast reach,463.2171871901594
MP1100_Nrngr,Noornagar,Raisen,Narmada,Tenduni,23.11138888888889,78.40277777777777,440955559,5,2026-08-12T12:00:00+00:00,1,71.2,0,Linked live river forecast reach,463.2171871901594
MP1100_Nrngr,Noornagar,Raisen,Narmada,Tenduni,23.11138888888889,78.40277777777777,440955559,5,2026-08-12T15:00:00+00:00,2,68.9,0,Linked live river forecast reach,463.2171871901594
MP1100_Nrngr,Noornagar,Raisen,Narmada,Tenduni,23.11138888888889,78.40277777777777,440955559,5,2026-08-12T18:00:00+00:00,2,66.9,0,Linked live river forecast reach,463.2171871901594
MP1100_Nrngr,Noornagar,Raisen,Narmada,Tenduni,23.11138888888889,78.40277777777777,440955559,5,2026-08-12T21:00:00+00:00,2,66.1,0,Linked live river forecast reach,463.2171871901594
MP1100_Nrngr,Noornagar,Raisen,Narmada,Tenduni,23.11138888888889,78.40277777777777,440955559,5,2026-08-13T00:00:00+00:00,2,70.0,0,Linked live river forecast reach,463.2171871901594
MP1100_Nrngr,Noornagar,Raisen,Narmada,Tenduni,23.11138888888889,78.40277777777777,440955559,5,2026-08-13T03:00:00+00:00,2,75.2,0,Linked live river forecast reach,463.2171871901594
MP1100_Nrngr,Noornagar,Raisen,Narmada,Tenduni,23.11138888888889,78.40277777777777,440955559,5,2026-08-13T06:00:00+00:00,2,77.3,0,Linked live river forecast reach,463.2171871901594
MP1100_Nrngr,Noornagar,Raisen,Narmada,Tenduni,23.11138888888889,78.40277777777777,440955559,5,2026-08-13T09:00:00+00:00,2,79.0,0,Linked live river forecast reach,463.2171871901594
MP1100_Nrngr,Noornagar,Raisen,Narmada,Tenduni,23.11138888888889,78.40277777777777,440955559,5,2026-08-13T12:00:00+00:00,2,79.9,0,Linked live river forecast reach,463.2171871901594
MP1100_Nrngr,Noornagar,Raisen,Narmada,Tenduni,23.11138888888889,78.40277777777777,440955559,5,2026-08-13T15:00:00+00:00,3,78.4,0,Linked live river forecast reach,463.2171871901594
MP1100_Nrngr,Noornagar,Raisen,Narmada,Tenduni,23.11138888888889,78.40277777777777,440955559,5,2026-08-13T18:00:00+00:00,3,75.1,0,Linked live river forecast reach,463.2171871901594
MP1100_Nrngr,Noornagar,Raisen,Narmada,Tenduni,23.11138888888889,78.40277777777777,440955559,5,2026-08-13T21:00:00+00:00,3,69.2,0,Linked live river forecast reach,463.2171871901594
MP1100_Nrngr,Noornagar,Raisen,Narmada,Tenduni,23.11138888888889,78.40277777777777,440955559,5,2026-08-14T00:00:00+00:00,3,63.9,0,Linked live river forecast reach,463.2171871901594
MP1100_Nrngr,Noornagar,Raisen,Narmada,Tenduni,23.11138888888889,78.40277777777777,440955559,5,2026-08-14T03:00:00+00:00,3,59.7,0,Linked live river forecast reach,463.2171871901594
MP1100_Nrngr,Noornagar,Raisen,Narmada,Tenduni,23.11138888888889,78.40277777777777,440955559,5,2026-08-14T06:00:00+00:00,3,54.9,0,Linked live river forecast reach,463.2171871901594
MP1100_Nrngr,Noornagar,Raisen,Narmada,Tenduni,23.11138888888889,78.40277777777777,440955559,5,2026-08-14T09:00:00+00:00,3,51.0,0,Linked live river forecast reach,463.2171871901594
MP1100_Nrngr,Noornagar,Raisen,Narmada,Tenduni,23.11138888888889,78.40277777777777,440955559,5,2026-08-14T12:00:00+00:00,3,48.1,0,Linked live river forecast reach,463.2171871901594
MP1100_Nrngr,Noornagar,Raisen,Narmada,Tenduni,23.11138888888889,78.40277777777777,440955559,5,2026-08-14T15:00:00+00:00,4,48.1,0,Linked live river forecast reach,463.2171871901594
MP1100_Nrngr,Noornagar,Raisen,Narmada,Tenduni,23.11138888888889,78.40277777777777,440955559,5,2026-08-14T18:00:00+00:00,4,51.9,0,Linked live river forecast reach,463.2171871901594
MP1100_Nrngr,Noornagar,Raisen,Narmada,Tenduni,23.11138888888889,78.40277777777777,440955559,5,2026-08-14T21:00:00+00:00,4,56.9,0,Linked live river forecast reach,463.2171871901594
MP1100_Nrngr,Noornagar,Raisen,Narmada,Tenduni,23.11138888888889,78.40277777777777,440955559,5,2026-08-15T00:00:00+00:00,4,62.9,0,Linked live river forecast reach,463.2171871901594
MP1100_Nrngr,Noornagar,Raisen,Narmada,Tenduni,23.11138888888889,78.40277777777777,440955559,5,2026-08-15T03:00:00+00:00,4,67.5,0,Linked live river forecast reach,463.2171871901594
MP1100_Nrngr,Noornagar,Raisen,Narmada,Tenduni,23.11138888888889,78.40277777777777,440955559,5,2026-08-15T06:00:00+00:00,4,69.5,0,Linked live river forecast reach,463.2171871901594
MP1100_Nrngr,Noornagar,Raisen,Narmada,Tenduni,23.11138888888889,78.40277777777777,440955559,5,2026-08-15T09:00:00+00:00,4,70.2,0,Linked live river forecast reach,463.2171871901594
MP1100_Nrngr,Noornagar,Raisen,Narmada,Tenduni,23.11138888888889,78.40277777777777,440955559,5,2026-08-15T12:00:00+00:00,4,71.1,0,Linked live river forecast reach,463.2171871901594
MP1100_Nrngr,Noornagar,Raisen,Narmada,Tenduni,23.11138888888889,78.40277777777777,440955559,5,2026-08-15T15:00:00+00:00,5,76.6,0,Linked live river forecast reach,463.2171871901594
MP1100_Nrngr,Noornagar,Raisen,Narmada,Tenduni,23.11138888888889,78.40277777777777,440955559,5,2026-08-15T18:00:00+00:00,5,84.8,0,Linked live river forecast reach,463.2171871901594
MP1100_Nrngr,Noornagar,Raisen,Narmada,Tenduni,23.11138888888889,78.40277777777777,440955559,5,2026-08-15T21:00:00+00:00,5,92.4,0,Linked live river forecast reach,463.2171871901594
MP1100_Nrngr,Noornagar,Raisen,Narmada,Tenduni,23.11138888888889,78.40277777777777,440955559,5,2026-08-16T00:00:00+00:00,5,100.7,0,Linked live river forecast reach,463.2171871901594
MP1100_Nrngr,Noornagar,Raisen,Narmada,Tenduni,23.11138888888889,78.40277777777777,440955559,5,2026-08-16T03:00:00+00:00,5,110.5,0,Linked live river forecast reach,463.2171871901594
MP1100_Nrngr,Noornagar,Raisen,Narmada,Tenduni,23.11138888888889,78.40277777777777,440955559,5,2026-08-16T06:00:00+00:00,5,120.0,0,Linked live river forecast reach,463.2171871901594
MP1100_Nrngr,Noornagar,Raisen,Narmada,Tenduni,23.11138888888889,78.40277777777777,440955559,5,2026-08-16T09:00:00+00:00,5,132.4,0,Linked live river forecast reach,463.2171871901594
MP1100_Nrngr,Noornagar,Raisen,Narmada,Tenduni,23.11138888888889,78.40277777777777,440955559,5,2026-08-16T12:00:00+00:00,5,148.3,0,Linked live river forecast reach,463.2171871901594
MP1100_Nrngr,Noornagar,Raisen,Narmada,Tenduni,23.11138888888889,78.40277777777777,440955559,5,2026-08-16T15:00:00+00:00,6,165.1,0,Linked live river forecast reach,463.2171871901594
MP1100_Nrngr,Noornagar,Raisen,Narmada,Tenduni,23.11138888888889,78.40277777777777,440955559,5,2026-08-16T18:00:00+00:00,6,176.9,0,Linked live river forecast reach,463.2171871901594
MP1100_Nrngr,Noornagar,Raisen,Narmada,Tenduni,23.11138888888889,78.40277777777777,440955559,5,2026-08-16T21:00:00+00:00,6,180.5,0,Linked live river forecast reach,463.2171871901594
MP1100_Nrngr,Noornagar,Raisen,Narmada,Tenduni,23.11138888888889,78.40277777777777,440955559,5,2026-08-17T00:00:00+00:00,6,177.4,0,Linked live river forecast reach,463.2171871901594
MP1100_Nrngr,Noornagar,Raisen,Narmada,Tenduni,23.11138888888889,78.40277777777777,440955559,5,2026-08-17T03:00:00+00:00,6,169.8,0,Linked live river forecast reach,463.2171871901594
MP1100_Nrngr,Noornagar,Raisen,Narmada,Tenduni,23.11138888888889,78.40277777777777,440955559,5,2026-08-17T06:00:00+00:00,6,161.6,0,Linked live river forecast reach,463.2171871901594
MP1100_Nrngr,Noornagar,Raisen,Narmada,Tenduni,23.11138888888889,78.40277777777777,440955559,5,2026-08-17T09:00:00+00:00,6,152.1,0,Linked live river forecast reach,463.2171871901594
MP1100_Nrngr,Noornagar,Raisen,Narmada,Tenduni,23.11138888888889,78.40277777777777,440955559,5,2026-08-17T12:00:00+00:00,6,142.5,0,Linked live river forecast reach,463.2171871901594
MP1100_Nrngr,Noornagar,Raisen,Narmada,Tenduni,23.11138888888889,78.40277777777777,440955559,5,2026-08-17T15:00:00+00:00,7,133.1,0,Linked live river forecast reach,463.2171871901594
MP1100_Pangr,Panagar_Narsinghpur,Narsimhapur,Narmada,Dudhi,22.835277777777776,78.60333333333334,440899158,4,2026-08-10T15:00:00+00:00,0,124.9,0,Linked live river forecast reach,6.388926987308674
MP1100_Pangr,Panagar_Narsinghpur,Narsimhapur,Narmada,Dudhi,22.835277777777776,78.60333333333334,440899158,4,2026-08-10T18:00:00+00:00,0,151.5,0,Linked live river forecast reach,6.388926987308674
MP1100_Pangr,Panagar_Narsinghpur,Narsimhapur,Narmada,Dudhi,22.835277777777776,78.60333333333334,440899158,4,2026-08-10T21:00:00+00:00,0,175.6,0,Linked live river forecast reach,6.388926987308674
MP1100_Pangr,Panagar_Narsinghpur,Narsimhapur,Narmada,Dudhi,22.835277777777776,78.60333333333334,440899158,4,2026-08-11T00:00:00+00:00,0,189.5,0,Linked live river forecast reach,6.388926987308674
MP1100_Pangr,Panagar_Narsinghpur,Narsimhapur,Narmada,Dudhi,22.835277777777776,78.60333333333334,440899158,4,2026-08-11T03:00:00+00:00,0,193.0,0,Linked live river forecast reach,6.388926987308674
MP1100_Pangr,Panagar_Narsinghpur,Narsimhapur,Narmada,Dudhi,22.835277777777776,78.60333333333334,440899158,4,2026-08-11T06:00:00+00:00,0,188.5,0,Linked live river forecast reach,6.388926987308674
MP1100_Pangr,Panagar_Narsinghpur,Narsimhapur,Narmada,Dudhi,22.835277777777776,78.60333333333334,440899158,4,2026-08-11T09:00:00+00:00,0,178.3,0,Linked live river forecast reach,6.388926987308674
MP1100_Pangr,Panagar_Narsinghpur,Narsimhapur,Narmada,Dudhi,22.835277777777776,78.60333333333334,440899158,4,2026-08-11T12:00:00+00:00,0,164.2,0,Linked live river forecast reach,6.388926987308674
MP1100_Pangr,Panagar_Narsinghpur,Narsimhapur,Narmada,Dudhi,22.835277777777776,78.60333333333334,440899158,4,2026-08-11T15:00:00+00:00,1,147.7,0,Linked live river forecast reach,6.388926987308674
MP1100_Pangr,Panagar_Narsinghpur,Narsimhapur,Narmada,Dudhi,22.835277777777776,78.60333333333334,440899158,4,2026-08-11T18:00:00+00:00,1,130.3,0,Linked live river forecast reach,6.388926987308674
MP1100_Pangr,Panagar_Narsinghpur,Narsimhapur,Narmada,Dudhi,22.835277777777776,78.60333333333334,440899158,4,2026-08-11T21:00:00+00:00,1,112.7,0,Linked live river forecast reach,6.388926987308674
MP1100_Pangr,Panagar_Narsinghpur,Narsimhapur,Narmada,Dudhi,22.835277777777776,78.60333333333334,440899158,4,2026-08-12T00:00:00+00:00,1,96.9,0,Linked live river forecast reach,6.388926987308674
MP1100_Pangr,Panagar_Narsinghpur,Narsimhapur,Narmada,Dudhi,22.835277777777776,78.60333333333334,440899158,4,2026-08-12T03:00:00+00:00,1,84.0,0,Linked live river forecast reach,6.388926987308674
MP1100_Pangr,Panagar_Narsinghpur,Narsimhapur,Narmada,Dudhi,22.835277777777776,78.60333333333334,440899158,4,2026-08-12T06:00:00+00:00,1,74.2,0,Linked live river forecast reach,6.388926987308674
MP1100_Pangr,Panagar_Narsinghpur,Narsimhapur,Narmada,Dudhi,22.835277777777776,78.60333333333334,440899158,4,2026-08-12T09:00:00+00:00,1,67.5,0,Linked live river forecast reach,6.388926987308674
MP1100_Pangr,Panagar_Narsinghpur,Narsimhapur,Narmada,Dudhi,22.835277777777776,78.60333333333334,440899158,4,2026-08-12T12:00:00+00:00,1,63.8,0,Linked live river forecast reach,6.388926987308674
MP1100_Pangr,Panagar_Narsinghpur,Narsimhapur,Narmada,Dudhi,22.835277777777776,78.60333333333334,440899158,4,2026-08-12T15:00:00+00:00,2,62.9,0,Linked live river forecast reach,6.388926987308674
MP1100_Pangr,Panagar_Narsinghpur,Narsimhapur,Narmada,Dudhi,22.835277777777776,78.60333333333334,440899158,4,2026-08-12T18:00:00+00:00,2,63.8,0,Linked live river forecast reach,6.388926987308674
MP1100_Pangr,Panagar_Narsinghpur,Narsimhapur,Narmada,Dudhi,22.835277777777776,78.60333333333334,440899158,4,2026-08-12T21:00:00+00:00,2,65.1,0,Linked live river forecast reach,6.388926987308674
MP1100_Pangr,Panagar_Narsinghpur,Narsimhapur,Narmada,Dudhi,22.835277777777776,78.60333333333334,440899158,4,2026-08-13T00:00:00+00:00,2,66.2,0,Linked live river forecast reach,6.388926987308674
MP1100_Pangr,Panagar_Narsinghpur,Narsimhapur,Narmada,Dudhi,22.835277777777776,78.60333333333334,440899158,4,2026-08-13T03:00:00+00:00,2,66.9,0,Linked live river forecast reach,6.388926987308674
MP1100_Pangr,Panagar_Narsinghpur,Narsimhapur,Narmada,Dudhi,22.835277777777776,78.60333333333334,440899158,4,2026-08-13T06:00:00+00:00,2,67.7,0,Linked live river forecast reach,6.388926987308674
MP1100_Pangr,Panagar_Narsinghpur,Narsimhapur,Narmada,Dudhi,22.835277777777776,78.60333333333334,440899158,4,2026-08-13T09:00:00+00:00,2,67.8,0,Linked live river forecast reach,6.388926987308674
MP1100_Pangr,Panagar_Narsinghpur,Narsimhapur,Narmada,Dudhi,22.835277777777776,78.60333333333334,440899158,4,2026-08-13T12:00:00+00:00,2,66.8,0,Linked live river forecast reach,6.388926987308674
MP1100_Pangr,Panagar_Narsinghpur,Narsimhapur,Narmada,Dudhi,22.835277777777776,78.60333333333334,440899158,4,2026-08-13T15:00:00+00:00,3,65.1,0,Linked live river forecast reach,6.388926987308674
MP1100_Pangr,Panagar_Narsinghpur,Narsimhapur,Narmada,Dudhi,22.835277777777776,78.60333333333334,440899158,4,2026-08-13T18:00:00+00:00,3,63.2,0,Linked live river forecast reach,6.388926987308674
MP1100_Pangr,Panagar_Narsinghpur,Narsimhapur,Narmada,Dudhi,22.835277777777776,78.60333333333334,440899158,4,2026-08-13T21:00:00+00:00,3,61.5,0,Linked live river forecast reach,6.388926987308674
MP1100_Pangr,Panagar_Narsinghpur,Narsimhapur,Narmada,Dudhi,22.835277777777776,78.60333333333334,440899158,4,2026-08-14T00:00:00+00:00,3,59.7,0,Linked live river forecast reach,6.388926987308674
MP1100_Pangr,Panagar_Narsinghpur,Narsimhapur,Narmada,Dudhi,22.835277777777776,78.60333333333334,440899158,4,2026-08-14T03:00:00+00:00,3,57.7,0,Linked live river forecast reach,6.388926987308674
MP1100_Pangr,Panagar_Narsinghpur,Narsimhapur,Narmada,Dudhi,22.835277777777776,78.60333333333334,440899158,4,2026-08-14T06:00:00+00:00,3,55.9,0,Linked live river forecast reach,6.388926987308674
MP1100_Pangr,Panagar_Narsinghpur,Narsimhapur,Narmada,Dudhi,22.835277777777776,78.60333333333334,440899158,4,2026-08-14T09:00:00+00:00,3,54.8,0,Linked live river forecast reach,6.388926987308674
MP1100_Pangr,Panagar_Narsinghpur,Narsimhapur,Narmada,Dudhi,22.835277777777776,78.60333333333334,440899158,4,2026-08-14T12:00:00+00:00,3,54.2,0,Linked live river forecast reach,6.388926987308674
MP1100_Pangr,Panagar_Narsinghpur,Narsimhapur,Narmada,Dudhi,22.835277777777776,78.60333333333334,440899158,4,2026-08-14T15:00:00+00:00,4,53.2,0,Linked live river forecast reach,6.388926987308674
MP1100_Pangr,Panagar_Narsinghpur,Narsimhapur,Narmada,Dudhi,22.835277777777776,78.60333333333334,440899158,4,2026-08-14T18:00:00+00:00,4,52.1,0,Linked live river forecast reach,6.388926987308674
MP1100_Pangr,Panagar_Narsinghpur,Narsimhapur,Narmada,Dudhi,22.835277777777776,78.60333333333334,440899158,4,2026-08-14T21:00:00+00:00,4,51.2,0,Linked live river forecast reach,6.388926987308674
MP1100_Pangr,Panagar_Narsinghpur,Narsimhapur,Narmada,Dudhi,22.835277777777776,78.60333333333334,440899158,4,2026-08-15T00:00:00+00:00,4,51.5,0,Linked live river forecast reach,6.388926987308674
MP1100_Pangr,Panagar_Narsinghpur,Narsimhapur,Narmada,Dudhi,22.835277777777776,78.60333333333334,440899158,4,2026-08-15T03:00:00+00:00,4,53.2,0,Linked live river forecast reach,6.388926987308674
MP1100_Pangr,Panagar_Narsinghpur,Narsimhapur,Narmada,Dudhi,22.835277777777776,78.60333333333334,440899158,4,2026-08-15T06:00:00+00:00,4,55.9,0,Linked live river forecast reach,6.388926987308674
MP1100_Pangr,Panagar_Narsinghpur,Narsimhapur,Narmada,Dudhi,22.835277777777776,78.60333333333334,440899158,4,2026-08-15T09:00:00+00:00,4,59.3,0,Linked live river forecast reach,6.388926987308674
MP1100_Pangr,Panagar_Narsinghpur,Narsimhapur,Narmada,Dudhi,22.835277777777776,78.60333333333334,440899158,4,2026-08-15T12:00:00+00:00,4,63.4,0,Linked live river forecast reach,6.388926987308674
MP1100_Pangr,Panagar_Narsinghpur,Narsimhapur,Narmada,Dudhi,22.835277777777776,78.60333333333334,440899158,4,2026-08-15T15:00:00+00:00,5,68.0,0,Linked live river forecast reach,6.388926987308674
MP1100_Pangr,Panagar_Narsinghpur,Narsimhapur,Narmada,Dudhi,22.835277777777776,78.60333333333334,440899158,4,2026-08-15T18:00:00+00:00,5,71.9,0,Linked live river forecast reach,6.388926987308674
MP1100_Pangr,Panagar_Narsinghpur,Narsimhapur,Narmada,Dudhi,22.835277777777776,78.60333333333334,440899158,4,2026-08-15T21:00:00+00:00,5,74.5,0,Linked live river forecast reach,6.388926987308674
MP1100_Pangr,Panagar_Narsinghpur,Narsimhapur,Narmada,Dudhi,22.835277777777776,78.60333333333334,440899158,4,2026-08-16T00:00:00+00:00,5,76.5,0,Linked live river forecast reach,6.388926987308674
MP1100_Pangr,Panagar_Narsinghpur,Narsimhapur,Narmada,Dudhi,22.835277777777776,78.60333333333334,440899158,4,2026-08-16T03:00:00+00:00,5,78.8,0,Linked live river forecast reach,6.388926987308674
MP1100_Pangr,Panagar_Narsinghpur,Narsimhapur,Narmada,Dudhi,22.835277777777776,78.60333333333334,440899158,4,2026-08-16T06:00:00+00:00,5,81.2,0,Linked live river forecast reach,6.388926987308674
MP1100_Pangr,Panagar_Narsinghpur,Narsimhapur,Narmada,Dudhi,22.835277777777776,78.60333333333334,440899158,4,2026-08-16T09:00:00+00:00,5,83.7,0,Linked live river forecast reach,6.388926987308674
MP1100_Pangr,Panagar_Narsinghpur,Narsimhapur,Narmada,Dudhi,22.835277777777776,78.60333333333334,440899158,4,2026-08-16T12:00:00+00:00,5,87.0,0,Linked live river forecast reach,6.388926987308674
MP1100_Pangr,Panagar_Narsinghpur,Narsimhapur,Narmada,Dudhi,22.835277777777776,78.60333333333334,440899158,4,2026-08-16T15:00:00+00:00,6,90.9,0,Linked live river forecast reach,6.388926987308674
MP1100_Pangr,Panagar_Narsinghpur,Narsimhapur,Narmada,Dudhi,22.835277777777776,78.60333333333334,440899158,4,2026-08-16T18:00:00+00:00,6,94.1,0,Linked live river forecast reach,6.388926987308674
MP1100_Pangr,Panagar_Narsinghpur,Narsimhapur,Narmada,Dudhi,22.835277777777776,78.60333333333334,440899158,4,2026-08-16T21:00:00+00:00,6,95.4,0,Linked live river forecast reach,6.388926987308674
MP1100_Pangr,Panagar_Narsinghpur,Narsimhapur,Narmada,Dudhi,22.835277777777776,78.60333333333334,440899158,4,2026-08-17T00:00:00+00:00,6,95.7,0,Linked live river forecast reach,6.388926987308674
MP1100_Pangr,Panagar_Narsinghpur,Narsimhapur,Narmada,Dudhi,22.835277777777776,78.60333333333334,440899158,4,2026-08-17T03:00:00+00:00,6,97.0,0,Linked live river forecast reach,6.388926987308674
MP1100_Pangr,Panagar_Narsinghpur,Narsimhapur,Narmada,Dudhi,22.835277777777776,78.60333333333334,440899158,4,2026-08-17T06:00:00+00:00,6,99.3,0,Linked live river forecast reach,6.388926987308674
MP1100_Pangr,Panagar_Narsinghpur,Narsimhapur,Narmada,Dudhi,22.835277777777776,78.60333333333334,440899158,4,2026-08-17T09:00:00+00:00,6,101.6,0,Linked live river forecast reach,6.388926987308674
MP1100_Pangr,Panagar_Narsinghpur,Narsimhapur,Narmada,Dudhi,22.835277777777776,78.60333333333334,440899158,4,2026-08-17T12:00:00+00:00,6,102.3,0,Linked live river forecast reach,6.388926987308674
MP1100_Pangr,Panagar_Narsinghpur,Narsimhapur,Narmada,Dudhi,22.835277777777776,78.60333333333334,440899158,4,2026-08-17T15:00:00+00:00,7,101.3,0,Linked live river forecast reach,6.388926987308674
MP1100_Plsud,Palsud,Khargon,Narmada,Goi,21.8375,74.97083333333333,440811136,4,2026-08-10T15:00:00+00:00,0,11.5,0,Linked live river forecast reach,208.62798606668764
MP1100_Plsud,Palsud,Khargon,Narmada,Goi,21.8375,74.97083333333333,440811136,4,2026-08-10T18:00:00+00:00,0,13.0,0,Linked live river forecast reach,208.62798606668764
MP1100_Plsud,Palsud,Khargon,Narmada,Goi,21.8375,74.97083333333333,440811136,4,2026-08-10T21:00:00+00:00,0,14.9,0,Linked live river forecast reach,208.62798606668764
MP1100_Plsud,Palsud,Khargon,Narmada,Goi,21.8375,74.97083333333333,440811136,4,2026-08-11T00:00:00+00:00,0,18.7,0,Linked live river forecast reach,208.62798606668764
MP1100_Plsud,Palsud,Khargon,Narmada,Goi,21.8375,74.97083333333333,440811136,4,2026-08-11T03:00:00+00:00,0,27.9,0,Linked live river forecast reach,208.62798606668764
MP1100_Plsud,Palsud,Khargon,Narmada,Goi,21.8375,74.97083333333333,440811136,4,2026-08-11T06:00:00+00:00,0,43.5,0,Linked live river forecast reach,208.62798606668764
MP1100_Plsud,Palsud,Khargon,Narmada,Goi,21.8375,74.97083333333333,440811136,4,2026-08-11T09:00:00+00:00,0,57.9,0,Linked live river forecast reach,208.62798606668764
MP1100_Plsud,Palsud,Khargon,Narmada,Goi,21.8375,74.97083333333333,440811136,4,2026-08-11T12:00:00+00:00,0,69.0,0,Linked live river forecast reach,208.62798606668764
MP1100_Plsud,Palsud,Khargon,Narmada,Goi,21.8375,74.97083333333333,440811136,4,2026-08-11T15:00:00+00:00,1,76.9,0,Linked live river forecast reach,208.62798606668764
MP1100_Plsud,Palsud,Khargon,Narmada,Goi,21.8375,74.97083333333333,440811136,4,2026-08-11T18:00:00+00:00,1,83.7,0,Linked live river forecast reach,208.62798606668764
MP1100_Plsud,Palsud,Khargon,Narmada,Goi,21.8375,74.97083333333333,440811136,4,2026-08-11T21:00:00+00:00,1,91.4,0,Linked live river forecast reach,208.62798606668764
MP1100_Plsud,Palsud,Khargon,Narmada,Goi,21.8375,74.97083333333333,440811136,4,2026-08-12T00:00:00+00:00,1,95.9,0,Linked live river forecast reach,208.62798606668764
MP1100_Plsud,Palsud,Khargon,Narmada,Goi,21.8375,74.97083333333333,440811136,4,2026-08-12T03:00:00+00:00,1,95.7,0,Linked live river forecast reach,208.62798606668764
MP1100_Plsud,Palsud,Khargon,Narmada,Goi,21.8375,74.97083333333333,440811136,4,2026-08-12T06:00:00+00:00,1,90.4,0,Linked live river forecast reach,208.62798606668764
MP1100_Plsud,Palsud,Khargon,Narmada,Goi,21.8375,74.97083333333333,440811136,4,2026-08-12T09:00:00+00:00,1,81.8,0,Linked live river forecast reach,208.62798606668764
MP1100_Plsud,Palsud,Khargon,Narmada,Goi,21.8375,74.97083333333333,440811136,4,2026-08-12T12:00:00+00:00,1,73.5,0,Linked live river forecast reach,208.62798606668764
MP1100_Plsud,Palsud,Khargon,Narmada,Goi,21.8375,74.97083333333333,440811136,4,2026-08-12T15:00:00+00:00,2,66.4,0,Linked live river forecast reach,208.62798606668764
MP1100_Plsud,Palsud,Khargon,Narmada,Goi,21.8375,74.97083333333333,440811136,4,2026-08-12T18:00:00+00:00,2,59.6,0,Linked live river forecast reach,208.62798606668764
MP1100_Plsud,Palsud,Khargon,Narmada,Goi,21.8375,74.97083333333333,440811136,4,2026-08-12T21:00:00+00:00,2,52.1,0,Linked live river forecast reach,208.62798606668764
MP1100_Plsud,Palsud,Khargon,Narmada,Goi,21.8375,74.97083333333333,440811136,4,2026-08-13T00:00:00+00:00,2,44.2,0,Linked live river forecast reach,208.62798606668764
MP1100_Plsud,Palsud,Khargon,Narmada,Goi,21.8375,74.97083333333333,440811136,4,2026-08-13T03:00:00+00:00,2,36.7,0,Linked live river forecast reach,208.62798606668764
MP1100_Plsud,Palsud,Khargon,Narmada,Goi,21.8375,74.97083333333333,440811136,4,2026-08-13T06:00:00+00:00,2,30.3,0,Linked live river forecast reach,208.62798606668764
MP1100_Plsud,Palsud,Khargon,Narmada,Goi,21.8375,74.97083333333333,440811136,4,2026-08-13T09:00:00+00:00,2,25.4,0,Linked live river forecast reach,208.62798606668764
MP1100_Plsud,Palsud,Khargon,Narmada,Goi,21.8375,74.97083333333333,440811136,4,2026-08-13T12:00:00+00:00,2,21.7,0,Linked live river forecast reach,208.62798606668764
MP1100_Plsud,Palsud,Khargon,Narmada,Goi,21.8375,74.97083333333333,440811136,4,2026-08-13T15:00:00+00:00,3,18.6,0,Linked live river forecast reach,208.62798606668764
MP1100_Plsud,Palsud,Khargon,Narmada,Goi,21.8375,74.97083333333333,440811136,4,2026-08-13T18:00:00+00:00,3,16.5,0,Linked live river forecast reach,208.62798606668764
MP1100_Plsud,Palsud,Khargon,Narmada,Goi,21.8375,74.97083333333333,440811136,4,2026-08-13T21:00:00+00:00,3,15.1,0,Linked live river forecast reach,208.62798606668764
MP1100_Plsud,Palsud,Khargon,Narmada,Goi,21.8375,74.97083333333333,440811136,4,2026-08-14T00:00:00+00:00,3,13.9,0,Linked live river forecast reach,208.62798606668764
MP1100_Plsud,Palsud,Khargon,Narmada,Goi,21.8375,74.97083333333333,440811136,4,2026-08-14T03:00:00+00:00,3,13.0,0,Linked live river forecast reach,208.62798606668764
MP1100_Plsud,Palsud,Khargon,Narmada,Goi,21.8375,74.97083333333333,440811136,4,2026-08-14T06:00:00+00:00,3,12.4,0,Linked live river forecast reach,208.62798606668764
MP1100_Plsud,Palsud,Khargon,Narmada,Goi,21.8375,74.97083333333333,440811136,4,2026-08-14T09:00:00+00:00,3,12.0,0,Linked live river forecast reach,208.62798606668764
MP1100_Plsud,Palsud,Khargon,Narmada,Goi,21.8375,74.97083333333333,440811136,4,2026-08-14T12:00:00+00:00,3,11.6,0,Linked live river forecast reach,208.62798606668764
MP1100_Plsud,Palsud,Khargon,Narmada,Goi,21.8375,74.97083333333333,440811136,4,2026-08-14T15:00:00+00:00,4,11.3,0,Linked live river forecast reach,208.62798606668764
MP1100_Plsud,Palsud,Khargon,Narmada,Goi,21.8375,74.97083333333333,440811136,4,2026-08-14T18:00:00+00:00,4,11.0,0,Linked live river forecast reach,208.62798606668764
MP1100_Plsud,Palsud,Khargon,Narmada,Goi,21.8375,74.97083333333333,440811136,4,2026-08-14T21:00:00+00:00,4,10.8,0,Linked live river forecast reach,208.62798606668764
MP1100_Plsud,Palsud,Khargon,Narmada,Goi,21.8375,74.97083333333333,440811136,4,2026-08-15T00:00:00+00:00,4,10.6,0,Linked live river forecast reach,208.62798606668764
MP1100_Plsud,Palsud,Khargon,Narmada,Goi,21.8375,74.97083333333333,440811136,4,2026-08-15T03:00:00+00:00,4,10.4,0,Linked live river forecast reach,208.62798606668764
MP1100_Plsud,Palsud,Khargon,Narmada,Goi,21.8375,74.97083333333333,440811136,4,2026-08-15T06:00:00+00:00,4,10.4,0,Linked live river forecast reach,208.62798606668764
MP1100_Plsud,Palsud,Khargon,Narmada,Goi,21.8375,74.97083333333333,440811136,4,2026-08-15T09:00:00+00:00,4,10.4,0,Linked live river forecast reach,208.62798606668764
MP1100_Plsud,Palsud,Khargon,Narmada,Goi,21.8375,74.97083333333333,440811136,4,2026-08-15T12:00:00+00:00,4,10.6,0,Linked live river forecast reach,208.62798606668764
MP1100_Plsud,Palsud,Khargon,Narmada,Goi,21.8375,74.97083333333333,440811136,4,2026-08-15T15:00:00+00:00,5,10.8,0,Linked live river forecast reach,208.62798606668764
MP1100_Plsud,Palsud,Khargon,Narmada,Goi,21.8375,74.97083333333333,440811136,4,2026-08-15T18:00:00+00:00,5,11.0,0,Linked live river forecast reach,208.62798606668764
MP1100_Plsud,Palsud,Khargon,Narmada,Goi,21.8375,74.97083333333333,440811136,4,2026-08-15T21:00:00+00:00,5,11.2,0,Linked live river forecast reach,208.62798606668764
MP1100_Plsud,Palsud,Khargon,Narmada,Goi,21.8375,74.97083333333333,440811136,4,2026-08-16T00:00:00+00:00,5,11.4,0,Linked live river forecast reach,208.62798606668764
MP1100_Plsud,Palsud,Khargon,Narmada,Goi,21.8375,74.97083333333333,440811136,4,2026-08-16T03:00:00+00:00,5,11.6,0,Linked live river forecast reach,208.62798606668764
MP1100_Plsud,Palsud,Khargon,Narmada,Goi,21.8375,74.97083333333333,440811136,4,2026-08-16T06:00:00+00:00,5,11.8,0,Linked live river forecast reach,208.62798606668764
MP1100_Plsud,Palsud,Khargon,Narmada,Goi,21.8375,74.97083333333333,440811136,4,2026-08-16T09:00:00+00:00,5,12.1,0,Linked live river forecast reach,208.62798606668764
MP1100_Plsud,Palsud,Khargon,Narmada,Goi,21.8375,74.97083333333333,440811136,4,2026-08-16T12:00:00+00:00,5,12.3,0,Linked live river forecast reach,208.62798606668764
MP1100_Plsud,Palsud,Khargon,Narmada,Goi,21.8375,74.97083333333333,440811136,4,2026-08-16T15:00:00+00:00,6,12.4,0,Linked live river forecast reach,208.62798606668764
MP1100_Plsud,Palsud,Khargon,Narmada,Goi,21.8375,74.97083333333333,440811136,4,2026-08-16T18:00:00+00:00,6,12.1,0,Linked live river forecast reach,208.62798606668764
MP1100_Plsud,Palsud,Khargon,Narmada,Goi,21.8375,74.97083333333333,440811136,4,2026-08-16T21:00:00+00:00,6,11.8,0,Linked live river forecast reach,208.62798606668764
MP1100_Plsud,Palsud,Khargon,Narmada,Goi,21.8375,74.97083333333333,440811136,4,2026-08-17T00:00:00+00:00,6,11.6,0,Linked live river forecast reach,208.62798606668764
MP1100_Plsud,Palsud,Khargon,Narmada,Goi,21.8375,74.97083333333333,440811136,4,2026-08-17T03:00:00+00:00,6,11.4,0,Linked live river forecast reach,208.62798606668764
MP1100_Plsud,Palsud,Khargon,Narmada,Goi,21.8375,74.97083333333333,440811136,4,2026-08-17T06:00:00+00:00,6,11.3,0,Linked live river forecast reach,208.62798606668764
MP1100_Plsud,Palsud,Khargon,Narmada,Goi,21.8375,74.97083333333333,440811136,4,2026-08-17T09:00:00+00:00,6,11.4,0,Linked live river forecast reach,208.62798606668764
MP1100_Plsud,Palsud,Khargon,Narmada,Goi,21.8375,74.97083333333333,440811136,4,2026-08-17T12:00:00+00:00,6,11.6,0,Linked live river forecast reach,208.62798606668764
MP1100_Plsud,Palsud,Khargon,Narmada,Goi,21.8375,74.97083333333333,440811136,4,2026-08-17T15:00:00+00:00,7,12.0,0,Linked live river forecast reach,208.62798606668764
MP1100_Sakka,Sakke_Mandla,Mandla,Narmada,Kharmer,22.9,80.9,440908786,3,2026-08-10T15:00:00+00:00,0,23.8,0,Linked live river forecast reach,1280.5855011666822
MP1100_Sakka,Sakke_Mandla,Mandla,Narmada,Kharmer,22.9,80.9,440908786,3,2026-08-10T18:00:00+00:00,0,24.0,0,Linked live river forecast reach,1280.5855011666822
MP1100_Sakka,Sakke_Mandla,Mandla,Narmada,Kharmer,22.9,80.9,440908786,3,2026-08-10T21:00:00+00:00,0,23.8,0,Linked live river forecast reach,1280.5855011666822
MP1100_Sakka,Sakke_Mandla,Mandla,Narmada,Kharmer,22.9,80.9,440908786,3,2026-08-11T00:00:00+00:00,0,22.1,0,Linked live river forecast reach,1280.5855011666822
MP1100_Sakka,Sakke_Mandla,Mandla,Narmada,Kharmer,22.9,80.9,440908786,3,2026-08-11T03:00:00+00:00,0,19.6,0,Linked live river forecast reach,1280.5855011666822
MP1100_Sakka,Sakke_Mandla,Mandla,Narmada,Kharmer,22.9,80.9,440908786,3,2026-08-11T06:00:00+00:00,0,16.4,0,Linked live river forecast reach,1280.5855011666822
MP1100_Sakka,Sakke_Mandla,Mandla,Narmada,Kharmer,22.9,80.9,440908786,3,2026-08-11T09:00:00+00:00,0,13.5,0,Linked live river forecast reach,1280.5855011666822
MP1100_Sakka,Sakke_Mandla,Mandla,Narmada,Kharmer,22.9,80.9,440908786,3,2026-08-11T12:00:00+00:00,0,11.6,0,Linked live river forecast reach,1280.5855011666822
MP1100_Sakka,Sakke_Mandla,Mandla,Narmada,Kharmer,22.9,80.9,440908786,3,2026-08-11T15:00:00+00:00,1,10.6,0,Linked live river forecast reach,1280.5855011666822
MP1100_Sakka,Sakke_Mandla,Mandla,Narmada,Kharmer,22.9,80.9,440908786,3,2026-08-11T18:00:00+00:00,1,10.2,0,Linked live river forecast reach,1280.5855011666822
MP1100_Sakka,Sakke_Mandla,Mandla,Narmada,Kharmer,22.9,80.9,440908786,3,2026-08-11T21:00:00+00:00,1,10.3,0,Linked live river forecast reach,1280.5855011666822
MP1100_Sakka,Sakke_Mandla,Mandla,Narmada,Kharmer,22.9,80.9,440908786,3,2026-08-12T00:00:00+00:00,1,9.9,0,Linked live river forecast reach,1280.5855011666822
MP1100_Sakka,Sakke_Mandla,Mandla,Narmada,Kharmer,22.9,80.9,440908786,3,2026-08-12T03:00:00+00:00,1,9.5,0,Linked live river forecast reach,1280.5855011666822
MP1100_Sakka,Sakke_Mandla,Mandla,Narmada,Kharmer,22.9,80.9,440908786,3,2026-08-12T06:00:00+00:00,1,9.4,0,Linked live river forecast reach,1280.5855011666822
MP1100_Sakka,Sakke_Mandla,Mandla,Narmada,Kharmer,22.9,80.9,440908786,3,2026-08-12T09:00:00+00:00,1,9.2,0,Linked live river forecast reach,1280.5855011666822
MP1100_Sakka,Sakke_Mandla,Mandla,Narmada,Kharmer,22.9,80.9,440908786,3,2026-08-12T12:00:00+00:00,1,8.9,0,Linked live river forecast reach,1280.5855011666822
MP1100_Sakka,Sakke_Mandla,Mandla,Narmada,Kharmer,22.9,80.9,440908786,3,2026-08-12T15:00:00+00:00,2,8.7,0,Linked live river forecast reach,1280.5855011666822
MP1100_Sakka,Sakke_Mandla,Mandla,Narmada,Kharmer,22.9,80.9,440908786,3,2026-08-12T18:00:00+00:00,2,8.3,0,Linked live river forecast reach,1280.5855011666822
MP1100_Sakka,Sakke_Mandla,Mandla,Narmada,Kharmer,22.9,80.9,440908786,3,2026-08-12T21:00:00+00:00,2,7.8,0,Linked live river forecast reach,1280.5855011666822
MP1100_Sakka,Sakke_Mandla,Mandla,Narmada,Kharmer,22.9,80.9,440908786,3,2026-08-13T00:00:00+00:00,2,7.2,0,Linked live river forecast reach,1280.5855011666822
MP1100_Sakka,Sakke_Mandla,Mandla,Narmada,Kharmer,22.9,80.9,440908786,3,2026-08-13T03:00:00+00:00,2,7.0,0,Linked live river forecast reach,1280.5855011666822
MP1100_Sakka,Sakke_Mandla,Mandla,Narmada,Kharmer,22.9,80.9,440908786,3,2026-08-13T06:00:00+00:00,2,6.8,0,Linked live river forecast reach,1280.5855011666822
MP1100_Sakka,Sakke_Mandla,Mandla,Narmada,Kharmer,22.9,80.9,440908786,3,2026-08-13T09:00:00+00:00,2,6.8,0,Linked live river forecast reach,1280.5855011666822
MP1100_Sakka,Sakke_Mandla,Mandla,Narmada,Kharmer,22.9,80.9,440908786,3,2026-08-13T12:00:00+00:00,2,7.4,0,Linked live river forecast reach,1280.5855011666822
MP1100_Sakka,Sakke_Mandla,Mandla,Narmada,Kharmer,22.9,80.9,440908786,3,2026-08-13T15:00:00+00:00,3,8.7,0,Linked live river forecast reach,1280.5855011666822
MP1100_Sakka,Sakke_Mandla,Mandla,Narmada,Kharmer,22.9,80.9,440908786,3,2026-08-13T18:00:00+00:00,3,10.2,0,Linked live river forecast reach,1280.5855011666822
MP1100_Sakka,Sakke_Mandla,Mandla,Narmada,Kharmer,22.9,80.9,440908786,3,2026-08-13T21:00:00+00:00,3,11.1,0,Linked live river forecast reach,1280.5855011666822
MP1100_Sakka,Sakke_Mandla,Mandla,Narmada,Kharmer,22.9,80.9,440908786,3,2026-08-14T00:00:00+00:00,3,11.1,0,Linked live river forecast reach,1280.5855011666822
MP1100_Sakka,Sakke_Mandla,Mandla,Narmada,Kharmer,22.9,80.9,440908786,3,2026-08-14T03:00:00+00:00,3,10.6,0,Linked live river forecast reach,1280.5855011666822
MP1100_Sakka,Sakke_Mandla,Mandla,Narmada,Kharmer,22.9,80.9,440908786,3,2026-08-14T06:00:00+00:00,3,10.7,0,Linked live river forecast reach,1280.5855011666822
MP1100_Sakka,Sakke_Mandla,Mandla,Narmada,Kharmer,22.9,80.9,440908786,3,2026-08-14T09:00:00+00:00,3,12.3,0,Linked live river forecast reach,1280.5855011666822
MP1100_Sakka,Sakke_Mandla,Mandla,Narmada,Kharmer,22.9,80.9,440908786,3,2026-08-14T12:00:00+00:00,3,14.1,0,Linked live river forecast reach,1280.5855011666822
MP1100_Sakka,Sakke_Mandla,Mandla,Narmada,Kharmer,22.9,80.9,440908786,3,2026-08-14T15:00:00+00:00,4,16.9,0,Linked live river forecast reach,1280.5855011666822
MP1100_Sakka,Sakke_Mandla,Mandla,Narmada,Kharmer,22.9,80.9,440908786,3,2026-08-14T18:00:00+00:00,4,20.5,0,Linked live river forecast reach,1280.5855011666822
MP1100_Sakka,Sakke_Mandla,Mandla,Narmada,Kharmer,22.9,80.9,440908786,3,2026-08-14T21:00:00+00:00,4,22.7,0,Linked live river forecast reach,1280.5855011666822
MP1100_Sakka,Sakke_Mandla,Mandla,Narmada,Kharmer,22.9,80.9,440908786,3,2026-08-15T00:00:00+00:00,4,24.4,0,Linked live river forecast reach,1280.5855011666822
MP1100_Sakka,Sakke_Mandla,Mandla,Narmada,Kharmer,22.9,80.9,440908786,3,2026-08-15T03:00:00+00:00,4,26.9,0,Linked live river forecast reach,1280.5855011666822
MP1100_Sakka,Sakke_Mandla,Mandla,Narmada,Kharmer,22.9,80.9,440908786,3,2026-08-15T06:00:00+00:00,4,31.4,0,Linked live river forecast reach,1280.5855011666822
MP1100_Sakka,Sakke_Mandla,Mandla,Narmada,Kharmer,22.9,80.9,440908786,3,2026-08-15T09:00:00+00:00,4,35.3,0,Linked live river forecast reach,1280.5855011666822
MP1100_Sakka,Sakke_Mandla,Mandla,Narmada,Kharmer,22.9,80.9,440908786,3,2026-08-15T12:00:00+00:00,4,37.7,0,Linked live river forecast reach,1280.5855011666822
MP1100_Sakka,Sakke_Mandla,Mandla,Narmada,Kharmer,22.9,80.9,440908786,3,2026-08-15T15:00:00+00:00,5,38.8,0,Linked live river forecast reach,1280.5855011666822
MP1100_Sakka,Sakke_Mandla,Mandla,Narmada,Kharmer,22.9,80.9,440908786,3,2026-08-15T18:00:00+00:00,5,38.9,0,Linked live river forecast reach,1280.5855011666822
MP1100_Sakka,Sakke_Mandla,Mandla,Narmada,Kharmer,22.9,80.9,440908786,3,2026-08-15T21:00:00+00:00,5,38.9,0,Linked live river forecast reach,1280.5855011666822
MP1100_Sakka,Sakke_Mandla,Mandla,Narmada,Kharmer,22.9,80.9,440908786,3,2026-08-16T00:00:00+00:00,5,39.4,0,Linked live river forecast reach,1280.5855011666822
MP1100_Sakka,Sakke_Mandla,Mandla,Narmada,Kharmer,22.9,80.9,440908786,3,2026-08-16T03:00:00+00:00,5,40.2,0,Linked live river forecast reach,1280.5855011666822
MP1100_Sakka,Sakke_Mandla,Mandla,Narmada,Kharmer,22.9,80.9,440908786,3,2026-08-16T06:00:00+00:00,5,41.2,0,Linked live river forecast reach,1280.5855011666822
MP1100_Sakka,Sakke_Mandla,Mandla,Narmada,Kharmer,22.9,80.9,440908786,3,2026-08-16T09:00:00+00:00,5,42.8,0,Linked live river forecast reach,1280.5855011666822
MP1100_Sakka,Sakke_Mandla,Mandla,Narmada,Kharmer,22.9,80.9,440908786,3,2026-08-16T12:00:00+00:00,5,44.5,0,Linked live river forecast reach,1280.5855011666822
MP1100_Sakka,Sakke_Mandla,Mandla,Narmada,Kharmer,22.9,80.9,440908786,3,2026-08-16T15:00:00+00:00,6,45.9,0,Linked live river forecast reach,1280.5855011666822
MP1100_Sakka,Sakke_Mandla,Mandla,Narmada,Kharmer,22.9,80.9,440908786,3,2026-08-16T18:00:00+00:00,6,46.9,0,Linked live river forecast reach,1280.5855011666822
MP1100_Sakka,Sakke_Mandla,Mandla,Narmada,Kharmer,22.9,80.9,440908786,3,2026-08-16T21:00:00+00:00,6,45.9,0,Linked live river forecast reach,1280.5855011666822
MP1100_Sakka,Sakke_Mandla,Mandla,Narmada,Kharmer,22.9,80.9,440908786,3,2026-08-17T00:00:00+00:00,6,43.6,0,Linked live river forecast reach,1280.5855011666822
MP1100_Sakka,Sakke_Mandla,Mandla,Narmada,Kharmer,22.9,80.9,440908786,3,2026-08-17T03:00:00+00:00,6,40.5,0,Linked live river forecast reach,1280.5855011666822
MP1100_Sakka,Sakke_Mandla,Mandla,Narmada,Kharmer,22.9,80.9,440908786,3,2026-08-17T06:00:00+00:00,6,37.1,0,Linked live river forecast reach,1280.5855011666822
MP1100_Sakka,Sakke_Mandla,Mandla,Narmada,Kharmer,22.9,80.9,440908786,3,2026-08-17T09:00:00+00:00,6,34.8,0,Linked live river forecast reach,1280.5855011666822
MP1100_Sakka,Sakke_Mandla,Mandla,Narmada,Kharmer,22.9,80.9,440908786,3,2026-08-17T12:00:00+00:00,6,33.6,0,Linked live river forecast reach,1280.5855011666822
MP1100_Sakka,Sakke_Mandla,Mandla,Narmada,Kharmer,22.9,80.9,440908786,3,2026-08-17T15:00:00+00:00,7,32.8,0,Linked live river forecast reach,1280.5855011666822
MP1100_Sehra,Sihora_Jabalpur,Jabalpur,Narmada,Hiran,23.440555555555555,80.09055555555555,440933529,5,2026-08-10T15:00:00+00:00,0,81.9,0,Linked live river forecast reach,55.47008673184719
MP1100_Sehra,Sihora_Jabalpur,Jabalpur,Narmada,Hiran,23.440555555555555,80.09055555555555,440933529,5,2026-08-10T18:00:00+00:00,0,68.0,0,Linked live river forecast reach,55.47008673184719
MP1100_Sehra,Sihora_Jabalpur,Jabalpur,Narmada,Hiran,23.440555555555555,80.09055555555555,440933529,5,2026-08-10T21:00:00+00:00,0,53.9,0,Linked live river forecast reach,55.47008673184719
MP1100_Sehra,Sihora_Jabalpur,Jabalpur,Narmada,Hiran,23.440555555555555,80.09055555555555,440933529,5,2026-08-11T00:00:00+00:00,0,42.4,0,Linked live river forecast reach,55.47008673184719
MP1100_Sehra,Sihora_Jabalpur,Jabalpur,Narmada,Hiran,23.440555555555555,80.09055555555555,440933529,5,2026-08-11T03:00:00+00:00,0,35.9,0,Linked live river forecast reach,55.47008673184719
MP1100_Sehra,Sihora_Jabalpur,Jabalpur,Narmada,Hiran,23.440555555555555,80.09055555555555,440933529,5,2026-08-11T06:00:00+00:00,0,32.6,0,Linked live river forecast reach,55.47008673184719
MP1100_Sehra,Sihora_Jabalpur,Jabalpur,Narmada,Hiran,23.440555555555555,80.09055555555555,440933529,5,2026-08-11T09:00:00+00:00,0,31.4,0,Linked live river forecast reach,55.47008673184719
MP1100_Sehra,Sihora_Jabalpur,Jabalpur,Narmada,Hiran,23.440555555555555,80.09055555555555,440933529,5,2026-08-11T12:00:00+00:00,0,30.3,0,Linked live river forecast reach,55.47008673184719
MP1100_Sehra,Sihora_Jabalpur,Jabalpur,Narmada,Hiran,23.440555555555555,80.09055555555555,440933529,5,2026-08-11T15:00:00+00:00,1,30.8,0,Linked live river forecast reach,55.47008673184719
MP1100_Sehra,Sihora_Jabalpur,Jabalpur,Narmada,Hiran,23.440555555555555,80.09055555555555,440933529,5,2026-08-11T18:00:00+00:00,1,33.4,0,Linked live river forecast reach,55.47008673184719
MP1100_Sehra,Sihora_Jabalpur,Jabalpur,Narmada,Hiran,23.440555555555555,80.09055555555555,440933529,5,2026-08-11T21:00:00+00:00,1,33.5,0,Linked live river forecast reach,55.47008673184719
MP1100_Sehra,Sihora_Jabalpur,Jabalpur,Narmada,Hiran,23.440555555555555,80.09055555555555,440933529,5,2026-08-12T00:00:00+00:00,1,33.1,0,Linked live river forecast reach,55.47008673184719
MP1100_Sehra,Sihora_Jabalpur,Jabalpur,Narmada,Hiran,23.440555555555555,80.09055555555555,440933529,5,2026-08-12T03:00:00+00:00,1,34.4,0,Linked live river forecast reach,55.47008673184719
MP1100_Sehra,Sihora_Jabalpur,Jabalpur,Narmada,Hiran,23.440555555555555,80.09055555555555,440933529,5,2026-08-12T06:00:00+00:00,1,35.1,0,Linked live river forecast reach,55.47008673184719
MP1100_Sehra,Sihora_Jabalpur,Jabalpur,Narmada,Hiran,23.440555555555555,80.09055555555555,440933529,5,2026-08-12T09:00:00+00:00,1,35.5,0,Linked live river forecast reach,55.47008673184719
MP1100_Sehra,Sihora_Jabalpur,Jabalpur,Narmada,Hiran,23.440555555555555,80.09055555555555,440933529,5,2026-08-12T12:00:00+00:00,1,35.2,0,Linked live river forecast reach,55.47008673184719
MP1100_Sehra,Sihora_Jabalpur,Jabalpur,Narmada,Hiran,23.440555555555555,80.09055555555555,440933529,5,2026-08-12T15:00:00+00:00,2,34.0,0,Linked live river forecast reach,55.47008673184719
MP1100_Sehra,Sihora_Jabalpur,Jabalpur,Narmada,Hiran,23.440555555555555,80.09055555555555,440933529,5,2026-08-12T18:00:00+00:00,2,31.8,0,Linked live river forecast reach,55.47008673184719
MP1100_Sehra,Sihora_Jabalpur,Jabalpur,Narmada,Hiran,23.440555555555555,80.09055555555555,440933529,5,2026-08-12T21:00:00+00:00,2,28.7,0,Linked live river forecast reach,55.47008673184719
MP1100_Sehra,Sihora_Jabalpur,Jabalpur,Narmada,Hiran,23.440555555555555,80.09055555555555,440933529,5,2026-08-13T00:00:00+00:00,2,25.5,0,Linked live river forecast reach,55.47008673184719
MP1100_Sehra,Sihora_Jabalpur,Jabalpur,Narmada,Hiran,23.440555555555555,80.09055555555555,440933529,5,2026-08-13T03:00:00+00:00,2,23.2,0,Linked live river forecast reach,55.47008673184719
MP1100_Sehra,Sihora_Jabalpur,Jabalpur,Narmada,Hiran,23.440555555555555,80.09055555555555,440933529,5,2026-08-13T06:00:00+00:00,2,21.6,0,Linked live river forecast reach,55.47008673184719
MP1100_Sehra,Sihora_Jabalpur,Jabalpur,Narmada,Hiran,23.440555555555555,80.09055555555555,440933529,5,2026-08-13T09:00:00+00:00,2,20.9,0,Linked live river forecast reach,55.47008673184719
MP1100_Sehra,Sihora_Jabalpur,Jabalpur,Narmada,Hiran,23.440555555555555,80.09055555555555,440933529,5,2026-08-13T12:00:00+00:00,2,20.7,0,Linked live river forecast reach,55.47008673184719
MP1100_Sehra,Sihora_Jabalpur,Jabalpur,Narmada,Hiran,23.440555555555555,80.09055555555555,440933529,5,2026-08-13T15:00:00+00:00,3,21.9,0,Linked live river forecast reach,55.47008673184719
MP1100_Sehra,Sihora_Jabalpur,Jabalpur,Narmada,Hiran,23.440555555555555,80.09055555555555,440933529,5,2026-08-13T18:00:00+00:00,3,24.0,0,Linked live river forecast reach,55.47008673184719
MP1100_Sehra,Sihora_Jabalpur,Jabalpur,Narmada,Hiran,23.440555555555555,80.09055555555555,440933529,5,2026-08-13T21:00:00+00:00,3,25.1,0,Linked live river forecast reach,55.47008673184719
MP1100_Sehra,Sihora_Jabalpur,Jabalpur,Narmada,Hiran,23.440555555555555,80.09055555555555,440933529,5,2026-08-14T00:00:00+00:00,3,27.3,0,Linked live river forecast reach,55.47008673184719
MP1100_Sehra,Sihora_Jabalpur,Jabalpur,Narmada,Hiran,23.440555555555555,80.09055555555555,440933529,5,2026-08-14T03:00:00+00:00,3,29.8,0,Linked live river forecast reach,55.47008673184719
MP1100_Sehra,Sihora_Jabalpur,Jabalpur,Narmada,Hiran,23.440555555555555,80.09055555555555,440933529,5,2026-08-14T06:00:00+00:00,3,32.3,0,Linked live river forecast reach,55.47008673184719
MP1100_Sehra,Sihora_Jabalpur,Jabalpur,Narmada,Hiran,23.440555555555555,80.09055555555555,440933529,5,2026-08-14T09:00:00+00:00,3,34.4,0,Linked live river forecast reach,55.47008673184719
MP1100_Sehra,Sihora_Jabalpur,Jabalpur,Narmada,Hiran,23.440555555555555,80.09055555555555,440933529,5,2026-08-14T12:00:00+00:00,3,37.2,0,Linked live river forecast reach,55.47008673184719
MP1100_Sehra,Sihora_Jabalpur,Jabalpur,Narmada,Hiran,23.440555555555555,80.09055555555555,440933529,5,2026-08-14T15:00:00+00:00,4,42.2,0,Linked live river forecast reach,55.47008673184719
MP1100_Sehra,Sihora_Jabalpur,Jabalpur,Narmada,Hiran,23.440555555555555,80.09055555555555,440933529,5,2026-08-14T18:00:00+00:00,4,46.6,0,Linked live river forecast reach,55.47008673184719
MP1100_Sehra,Sihora_Jabalpur,Jabalpur,Narmada,Hiran,23.440555555555555,80.09055555555555,440933529,5,2026-08-14T21:00:00+00:00,4,56.2,0,Linked live river forecast reach,55.47008673184719
MP1100_Sehra,Sihora_Jabalpur,Jabalpur,Narmada,Hiran,23.440555555555555,80.09055555555555,440933529,5,2026-08-15T00:00:00+00:00,4,87.5,0,Linked live river forecast reach,55.47008673184719
MP1100_Sehra,Sihora_Jabalpur,Jabalpur,Narmada,Hiran,23.440555555555555,80.09055555555555,440933529,5,2026-08-15T03:00:00+00:00,4,116.3,0,Linked live river forecast reach,55.47008673184719
MP1100_Sehra,Sihora_Jabalpur,Jabalpur,Narmada,Hiran,23.440555555555555,80.09055555555555,440933529,5,2026-08-15T06:00:00+00:00,4,141.7,0,Linked live river forecast reach,55.47008673184719
MP1100_Sehra,Sihora_Jabalpur,Jabalpur,Narmada,Hiran,23.440555555555555,80.09055555555555,440933529,5,2026-08-15T09:00:00+00:00,4,174.1,0,Linked live river forecast reach,55.47008673184719
MP1100_Sehra,Sihora_Jabalpur,Jabalpur,Narmada,Hiran,23.440555555555555,80.09055555555555,440933529,5,2026-08-15T12:00:00+00:00,4,222.1,0,Linked live river forecast reach,55.47008673184719
MP1100_Sehra,Sihora_Jabalpur,Jabalpur,Narmada,Hiran,23.440555555555555,80.09055555555555,440933529,5,2026-08-15T15:00:00+00:00,5,273.3,0,Linked live river forecast reach,55.47008673184719
MP1100_Sehra,Sihora_Jabalpur,Jabalpur,Narmada,Hiran,23.440555555555555,80.09055555555555,440933529,5,2026-08-15T18:00:00+00:00,5,307.0,0,Linked live river forecast reach,55.47008673184719
MP1100_Sehra,Sihora_Jabalpur,Jabalpur,Narmada,Hiran,23.440555555555555,80.09055555555555,440933529,5,2026-08-15T21:00:00+00:00,5,318.0,0,Linked live river forecast reach,55.47008673184719
MP1100_Sehra,Sihora_Jabalpur,Jabalpur,Narmada,Hiran,23.440555555555555,80.09055555555555,440933529,5,2026-08-16T00:00:00+00:00,5,316.9,0,Linked live river forecast reach,55.47008673184719
MP1100_Sehra,Sihora_Jabalpur,Jabalpur,Narmada,Hiran,23.440555555555555,80.09055555555555,440933529,5,2026-08-16T03:00:00+00:00,5,308.4,0,Linked live river forecast reach,55.47008673184719
MP1100_Sehra,Sihora_Jabalpur,Jabalpur,Narmada,Hiran,23.440555555555555,80.09055555555555,440933529,5,2026-08-16T06:00:00+00:00,5,301.5,0,Linked live river forecast reach,55.47008673184719
MP1100_Sehra,Sihora_Jabalpur,Jabalpur,Narmada,Hiran,23.440555555555555,80.09055555555555,440933529,5,2026-08-16T09:00:00+00:00,5,290.2,0,Linked live river forecast reach,55.47008673184719
MP1100_Sehra,Sihora_Jabalpur,Jabalpur,Narmada,Hiran,23.440555555555555,80.09055555555555,440933529,5,2026-08-16T12:00:00+00:00,5,272.5,0,Linked live river forecast reach,55.47008673184719
MP1100_Sehra,Sihora_Jabalpur,Jabalpur,Narmada,Hiran,23.440555555555555,80.09055555555555,440933529,5,2026-08-16T15:00:00+00:00,6,253.9,0,Linked live river forecast reach,55.47008673184719
MP1100_Sehra,Sihora_Jabalpur,Jabalpur,Narmada,Hiran,23.440555555555555,80.09055555555555,440933529,5,2026-08-16T18:00:00+00:00,6,231.4,0,Linked live river forecast reach,55.47008673184719
MP1100_Sehra,Sihora_Jabalpur,Jabalpur,Narmada,Hiran,23.440555555555555,80.09055555555555,440933529,5,2026-08-16T21:00:00+00:00,6,208.0,0,Linked live river forecast reach,55.47008673184719
MP1100_Sehra,Sihora_Jabalpur,Jabalpur,Narmada,Hiran,23.440555555555555,80.09055555555555,440933529,5,2026-08-17T00:00:00+00:00,6,193.6,0,Linked live river forecast reach,55.47008673184719
MP1100_Sehra,Sihora_Jabalpur,Jabalpur,Narmada,Hiran,23.440555555555555,80.09055555555555,440933529,5,2026-08-17T03:00:00+00:00,6,184.2,0,Linked live river forecast reach,55.47008673184719
MP1100_Sehra,Sihora_Jabalpur,Jabalpur,Narmada,Hiran,23.440555555555555,80.09055555555555,440933529,5,2026-08-17T06:00:00+00:00,6,176.8,0,Linked live river forecast reach,55.47008673184719
MP1100_Sehra,Sihora_Jabalpur,Jabalpur,Narmada,Hiran,23.440555555555555,80.09055555555555,440933529,5,2026-08-17T09:00:00+00:00,6,169.8,0,Linked live river forecast reach,55.47008673184719
MP1100_Sehra,Sihora_Jabalpur,Jabalpur,Narmada,Hiran,23.440555555555555,80.09055555555555,440933529,5,2026-08-17T12:00:00+00:00,6,161.1,0,Linked live river forecast reach,55.47008673184719
MP1100_Sehra,Sihora_Jabalpur,Jabalpur,Narmada,Hiran,23.440555555555555,80.09055555555555,440933529,5,2026-08-17T15:00:00+00:00,7,151.4,0,Linked live river forecast reach,55.47008673184719
MP1100_Shahp,Shahpur,Betul,Narmada,Tawa,22.133333333333333,77.96666666666667,440596466,2,2026-08-10T15:00:00+00:00,0,5.2,0,Linked live river forecast reach,1586.027397697594
MP1100_Slwda,Saliwada_Jabalpur,Jabalpur,Narmada,Gour,23.118055555555557,80.01222222222222,440974823,4,2026-08-10T15:00:00+00:00,0,58.1,0,Linked live river forecast reach,74.28289313847199
MP1100_Slwda,Saliwada_Jabalpur,Jabalpur,Narmada,Gour,23.118055555555557,80.01222222222222,440974823,4,2026-08-10T18:00:00+00:00,0,53.9,0,Linked live river forecast reach,74.28289313847199
MP1100_Slwda,Saliwada_Jabalpur,Jabalpur,Narmada,Gour,23.118055555555557,80.01222222222222,440974823,4,2026-08-10T21:00:00+00:00,0,49.1,0,Linked live river forecast reach,74.28289313847199
MP1100_Slwda,Saliwada_Jabalpur,Jabalpur,Narmada,Gour,23.118055555555557,80.01222222222222,440974823,4,2026-08-11T00:00:00+00:00,0,44.2,0,Linked live river forecast reach,74.28289313847199
MP1100_Slwda,Saliwada_Jabalpur,Jabalpur,Narmada,Gour,23.118055555555557,80.01222222222222,440974823,4,2026-08-11T03:00:00+00:00,0,39.5,0,Linked live river forecast reach,74.28289313847199
MP1100_Slwda,Saliwada_Jabalpur,Jabalpur,Narmada,Gour,23.118055555555557,80.01222222222222,440974823,4,2026-08-11T06:00:00+00:00,0,35.6,0,Linked live river forecast reach,74.28289313847199
MP1100_Slwda,Saliwada_Jabalpur,Jabalpur,Narmada,Gour,23.118055555555557,80.01222222222222,440974823,4,2026-08-11T09:00:00+00:00,0,33.3,0,Linked live river forecast reach,74.28289313847199
MP1100_Slwda,Saliwada_Jabalpur,Jabalpur,Narmada,Gour,23.118055555555557,80.01222222222222,440974823,4,2026-08-11T12:00:00+00:00,0,32.3,0,Linked live river forecast reach,74.28289313847199
MP1100_Slwda,Saliwada_Jabalpur,Jabalpur,Narmada,Gour,23.118055555555557,80.01222222222222,440974823,4,2026-08-11T15:00:00+00:00,1,31.9,0,Linked live river forecast reach,74.28289313847199
MP1100_Slwda,Saliwada_Jabalpur,Jabalpur,Narmada,Gour,23.118055555555557,80.01222222222222,440974823,4,2026-08-11T18:00:00+00:00,1,31.7,0,Linked live river forecast reach,74.28289313847199
MP1100_Slwda,Saliwada_Jabalpur,Jabalpur,Narmada,Gour,23.118055555555557,80.01222222222222,440974823,4,2026-08-11T21:00:00+00:00,1,32.0,0,Linked live river forecast reach,74.28289313847199
MP1100_Slwda,Saliwada_Jabalpur,Jabalpur,Narmada,Gour,23.118055555555557,80.01222222222222,440974823,4,2026-08-12T00:00:00+00:00,1,32.6,0,Linked live river forecast reach,74.28289313847199
MP1100_Slwda,Saliwada_Jabalpur,Jabalpur,Narmada,Gour,23.118055555555557,80.01222222222222,440974823,4,2026-08-12T03:00:00+00:00,1,32.2,0,Linked live river forecast reach,74.28289313847199
MP1100_Slwda,Saliwada_Jabalpur,Jabalpur,Narmada,Gour,23.118055555555557,80.01222222222222,440974823,4,2026-08-12T06:00:00+00:00,1,31.0,0,Linked live river forecast reach,74.28289313847199
MP1100_Slwda,Saliwada_Jabalpur,Jabalpur,Narmada,Gour,23.118055555555557,80.01222222222222,440974823,4,2026-08-12T09:00:00+00:00,1,30.4,0,Linked live river forecast reach,74.28289313847199
MP1100_Slwda,Saliwada_Jabalpur,Jabalpur,Narmada,Gour,23.118055555555557,80.01222222222222,440974823,4,2026-08-12T12:00:00+00:00,1,30.3,0,Linked live river forecast reach,74.28289313847199
MP1100_Slwda,Saliwada_Jabalpur,Jabalpur,Narmada,Gour,23.118055555555557,80.01222222222222,440974823,4,2026-08-12T15:00:00+00:00,2,29.9,0,Linked live river forecast reach,74.28289313847199
MP1100_Slwda,Saliwada_Jabalpur,Jabalpur,Narmada,Gour,23.118055555555557,80.01222222222222,440974823,4,2026-08-12T18:00:00+00:00,2,29.2,0,Linked live river forecast reach,74.28289313847199
MP1100_Slwda,Saliwada_Jabalpur,Jabalpur,Narmada,Gour,23.118055555555557,80.01222222222222,440974823,4,2026-08-12T21:00:00+00:00,2,28.4,0,Linked live river forecast reach,74.28289313847199
MP1100_Slwda,Saliwada_Jabalpur,Jabalpur,Narmada,Gour,23.118055555555557,80.01222222222222,440974823,4,2026-08-13T00:00:00+00:00,2,27.3,0,Linked live river forecast reach,74.28289313847199
MP1100_Slwda,Saliwada_Jabalpur,Jabalpur,Narmada,Gour,23.118055555555557,80.01222222222222,440974823,4,2026-08-13T03:00:00+00:00,2,26.1,0,Linked live river forecast reach,74.28289313847199
MP1100_Slwda,Saliwada_Jabalpur,Jabalpur,Narmada,Gour,23.118055555555557,80.01222222222222,440974823,4,2026-08-13T06:00:00+00:00,2,25.4,0,Linked live river forecast reach,74.28289313847199
MP1100_Slwda,Saliwada_Jabalpur,Jabalpur,Narmada,Gour,23.118055555555557,80.01222222222222,440974823,4,2026-08-13T09:00:00+00:00,2,26.4,0,Linked live river forecast reach,74.28289313847199
MP1100_Slwda,Saliwada_Jabalpur,Jabalpur,Narmada,Gour,23.118055555555557,80.01222222222222,440974823,4,2026-08-13T12:00:00+00:00,2,27.9,0,Linked live river forecast reach,74.28289313847199
MP1100_Slwda,Saliwada_Jabalpur,Jabalpur,Narmada,Gour,23.118055555555557,80.01222222222222,440974823,4,2026-08-13T15:00:00+00:00,3,30.1,0,Linked live river forecast reach,74.28289313847199
MP1100_Slwda,Saliwada_Jabalpur,Jabalpur,Narmada,Gour,23.118055555555557,80.01222222222222,440974823,4,2026-08-13T18:00:00+00:00,3,32.5,0,Linked live river forecast reach,74.28289313847199
MP1100_Slwda,Saliwada_Jabalpur,Jabalpur,Narmada,Gour,23.118055555555557,80.01222222222222,440974823,4,2026-08-13T21:00:00+00:00,3,34.1,0,Linked live river forecast reach,74.28289313847199
MP1100_Slwda,Saliwada_Jabalpur,Jabalpur,Narmada,Gour,23.118055555555557,80.01222222222222,440974823,4,2026-08-14T00:00:00+00:00,3,35.1,0,Linked live river forecast reach,74.28289313847199
MP1100_Slwda,Saliwada_Jabalpur,Jabalpur,Narmada,Gour,23.118055555555557,80.01222222222222,440974823,4,2026-08-14T03:00:00+00:00,3,36.1,0,Linked live river forecast reach,74.28289313847199
MP1100_Slwda,Saliwada_Jabalpur,Jabalpur,Narmada,Gour,23.118055555555557,80.01222222222222,440974823,4,2026-08-14T06:00:00+00:00,3,37.6,0,Linked live river forecast reach,74.28289313847199
MP1100_Slwda,Saliwada_Jabalpur,Jabalpur,Narmada,Gour,23.118055555555557,80.01222222222222,440974823,4,2026-08-14T09:00:00+00:00,3,38.8,0,Linked live river forecast reach,74.28289313847199
MP1100_Slwda,Saliwada_Jabalpur,Jabalpur,Narmada,Gour,23.118055555555557,80.01222222222222,440974823,4,2026-08-14T12:00:00+00:00,3,40.3,0,Linked live river forecast reach,74.28289313847199
MP1100_Slwda,Saliwada_Jabalpur,Jabalpur,Narmada,Gour,23.118055555555557,80.01222222222222,440974823,4,2026-08-14T15:00:00+00:00,4,43.1,0,Linked live river forecast reach,74.28289313847199
MP1100_Slwda,Saliwada_Jabalpur,Jabalpur,Narmada,Gour,23.118055555555557,80.01222222222222,440974823,4,2026-08-14T18:00:00+00:00,4,47.6,0,Linked live river forecast reach,74.28289313847199
MP1100_Slwda,Saliwada_Jabalpur,Jabalpur,Narmada,Gour,23.118055555555557,80.01222222222222,440974823,4,2026-08-14T21:00:00+00:00,4,54.6,0,Linked live river forecast reach,74.28289313847199
MP1100_Slwda,Saliwada_Jabalpur,Jabalpur,Narmada,Gour,23.118055555555557,80.01222222222222,440974823,4,2026-08-15T00:00:00+00:00,4,64.0,0,Linked live river forecast reach,74.28289313847199
MP1100_Slwda,Saliwada_Jabalpur,Jabalpur,Narmada,Gour,23.118055555555557,80.01222222222222,440974823,4,2026-08-15T03:00:00+00:00,4,76.1,0,Linked live river forecast reach,74.28289313847199
MP1100_Slwda,Saliwada_Jabalpur,Jabalpur,Narmada,Gour,23.118055555555557,80.01222222222222,440974823,4,2026-08-15T06:00:00+00:00,4,89.6,0,Linked live river forecast reach,74.28289313847199
MP1100_Slwda,Saliwada_Jabalpur,Jabalpur,Narmada,Gour,23.118055555555557,80.01222222222222,440974823,4,2026-08-15T09:00:00+00:00,4,102.3,0,Linked live river forecast reach,74.28289313847199
MP1100_Slwda,Saliwada_Jabalpur,Jabalpur,Narmada,Gour,23.118055555555557,80.01222222222222,440974823,4,2026-08-15T12:00:00+00:00,4,116.4,0,Linked live river forecast reach,74.28289313847199
MP1100_Slwda,Saliwada_Jabalpur,Jabalpur,Narmada,Gour,23.118055555555557,80.01222222222222,440974823,4,2026-08-15T15:00:00+00:00,5,131.0,0,Linked live river forecast reach,74.28289313847199
MP1100_Slwda,Saliwada_Jabalpur,Jabalpur,Narmada,Gour,23.118055555555557,80.01222222222222,440974823,4,2026-08-15T18:00:00+00:00,5,143.3,0,Linked live river forecast reach,74.28289313847199
MP1100_Slwda,Saliwada_Jabalpur,Jabalpur,Narmada,Gour,23.118055555555557,80.01222222222222,440974823,4,2026-08-15T21:00:00+00:00,5,151.7,0,Linked live river forecast reach,74.28289313847199
MP1100_Slwda,Saliwada_Jabalpur,Jabalpur,Narmada,Gour,23.118055555555557,80.01222222222222,440974823,4,2026-08-16T00:00:00+00:00,5,155.3,0,Linked live river forecast reach,74.28289313847199
MP1100_Slwda,Saliwada_Jabalpur,Jabalpur,Narmada,Gour,23.118055555555557,80.01222222222222,440974823,4,2026-08-16T03:00:00+00:00,5,155.1,0,Linked live river forecast reach,74.28289313847199
MP1100_Slwda,Saliwada_Jabalpur,Jabalpur,Narmada,Gour,23.118055555555557,80.01222222222222,440974823,4,2026-08-16T06:00:00+00:00,5,154.4,0,Linked live river forecast reach,74.28289313847199
MP1100_Slwda,Saliwada_Jabalpur,Jabalpur,Narmada,Gour,23.118055555555557,80.01222222222222,440974823,4,2026-08-16T09:00:00+00:00,5,153.1,0,Linked live river forecast reach,74.28289313847199
MP1100_Slwda,Saliwada_Jabalpur,Jabalpur,Narmada,Gour,23.118055555555557,80.01222222222222,440974823,4,2026-08-16T12:00:00+00:00,5,149.2,0,Linked live river forecast reach,74.28289313847199
MP1100_Slwda,Saliwada_Jabalpur,Jabalpur,Narmada,Gour,23.118055555555557,80.01222222222222,440974823,4,2026-08-16T15:00:00+00:00,6,144.4,0,Linked live river forecast reach,74.28289313847199
MP1100_Slwda,Saliwada_Jabalpur,Jabalpur,Narmada,Gour,23.118055555555557,80.01222222222222,440974823,4,2026-08-16T18:00:00+00:00,6,139.2,0,Linked live river forecast reach,74.28289313847199
MP1100_Slwda,Saliwada_Jabalpur,Jabalpur,Narmada,Gour,23.118055555555557,80.01222222222222,440974823,4,2026-08-16T21:00:00+00:00,6,133.6,0,Linked live river forecast reach,74.28289313847199
MP1100_Slwda,Saliwada_Jabalpur,Jabalpur,Narmada,Gour,23.118055555555557,80.01222222222222,440974823,4,2026-08-17T00:00:00+00:00,6,129.0,0,Linked live river forecast reach,74.28289313847199
MP1100_Slwda,Saliwada_Jabalpur,Jabalpur,Narmada,Gour,23.118055555555557,80.01222222222222,440974823,4,2026-08-17T03:00:00+00:00,6,126.2,0,Linked live river forecast reach,74.28289313847199
MP1100_Slwda,Saliwada_Jabalpur,Jabalpur,Narmada,Gour,23.118055555555557,80.01222222222222,440974823,4,2026-08-17T06:00:00+00:00,6,125.4,0,Linked live river forecast reach,74.28289313847199
MP1100_Slwda,Saliwada_Jabalpur,Jabalpur,Narmada,Gour,23.118055555555557,80.01222222222222,440974823,4,2026-08-17T09:00:00+00:00,6,126.1,0,Linked live river forecast reach,74.28289313847199
MP1100_Slwda,Saliwada_Jabalpur,Jabalpur,Narmada,Gour,23.118055555555557,80.01222222222222,440974823,4,2026-08-17T12:00:00+00:00,6,126.9,0,Linked live river forecast reach,74.28289313847199
MP1100_Slwda,Saliwada_Jabalpur,Jabalpur,Narmada,Gour,23.118055555555557,80.01222222222222,440974823,4,2026-08-17T15:00:00+00:00,7,127.0,0,Linked live river forecast reach,74.28289313847199
MP1100_Strna,Satrana,Sehore,Narmada,Kolar,22.67222222222222,77.355,440859257,4,2026-08-10T15:00:00+00:00,0,77.7,0,Linked live river forecast reach,288.4016057340481
MP1100_Tamer,Temar_Jabalpur,Jabalpur,Narmada,Tamer,22.7,80.39166666666667,440541401,3,2026-08-10T15:00:00+00:00,0,7.5,0,Linked live river forecast reach,1919.5379030316149
MP1100_Thkri,Thikri,Khargon,Narmada,Narmada,22.066666666666666,75.48333333333333,440658387,2,2026-08-10T15:00:00+00:00,0,0.2,0,Linked live river forecast reach,897.3933785034772
MP0280_Jrwhi,Jarwahi,Sahodal,Ganga,Son,23.259444444444444,81.58527777777778,441016097,5,2026-08-10T15:00:00+00:00,0,288.2,0,Linked live river forecast reach,404.0663954238358
MP0280_Jrwhi,Jarwahi,Sahodal,Ganga,Son,23.259444444444444,81.58527777777778,441016097,5,2026-08-10T18:00:00+00:00,0,288.3,0,Linked live river forecast reach,404.0663954238358
MP0280_Jrwhi,Jarwahi,Sahodal,Ganga,Son,23.259444444444444,81.58527777777778,441016097,5,2026-08-10T21:00:00+00:00,0,288.6,0,Linked live river forecast reach,404.0663954238358
MP0280_Jrwhi,Jarwahi,Sahodal,Ganga,Son,23.259444444444444,81.58527777777778,441016097,5,2026-08-11T00:00:00+00:00,0,287.2,0,Linked live river forecast reach,404.0663954238358
MP0280_Jrwhi,Jarwahi,Sahodal,Ganga,Son,23.259444444444444,81.58527777777778,441016097,5,2026-08-11T03:00:00+00:00,0,282.3,0,Linked live river forecast reach,404.0663954238358
MP0280_Jrwhi,Jarwahi,Sahodal,Ganga,Son,23.259444444444444,81.58527777777778,441016097,5,2026-08-11T06:00:00+00:00,0,273.1,0,Linked live river forecast reach,404.0663954238358
MP0280_Jrwhi,Jarwahi,Sahodal,Ganga,Son,23.259444444444444,81.58527777777778,441016097,5,2026-08-11T09:00:00+00:00,0,262.9,0,Linked live river forecast reach,404.0663954238358
MP0280_Jrwhi,Jarwahi,Sahodal,Ganga,Son,23.259444444444444,81.58527777777778,441016097,5,2026-08-11T12:00:00+00:00,0,256.3,0,Linked live river forecast reach,404.0663954238358
MP0280_Jrwhi,Jarwahi,Sahodal,Ganga,Son,23.259444444444444,81.58527777777778,441016097,5,2026-08-11T15:00:00+00:00,1,253.9,0,Linked live river forecast reach,404.0663954238358
MP0280_Jrwhi,Jarwahi,Sahodal,Ganga,Son,23.259444444444444,81.58527777777778,441016097,5,2026-08-11T18:00:00+00:00,1,254.7,0,Linked live river forecast reach,404.0663954238358
MP0280_Jrwhi,Jarwahi,Sahodal,Ganga,Son,23.259444444444444,81.58527777777778,441016097,5,2026-08-11T21:00:00+00:00,1,254.2,0,Linked live river forecast reach,404.0663954238358
MP0280_Jrwhi,Jarwahi,Sahodal,Ganga,Son,23.259444444444444,81.58527777777778,441016097,5,2026-08-12T00:00:00+00:00,1,252.1,0,Linked live river forecast reach,404.0663954238358
MP0280_Jrwhi,Jarwahi,Sahodal,Ganga,Son,23.259444444444444,81.58527777777778,441016097,5,2026-08-12T03:00:00+00:00,1,246.3,0,Linked live river forecast reach,404.0663954238358
MP0280_Jrwhi,Jarwahi,Sahodal,Ganga,Son,23.259444444444444,81.58527777777778,441016097,5,2026-08-12T06:00:00+00:00,1,238.5,0,Linked live river forecast reach,404.0663954238358
MP0280_Jrwhi,Jarwahi,Sahodal,Ganga,Son,23.259444444444444,81.58527777777778,441016097,5,2026-08-12T09:00:00+00:00,1,231.4,0,Linked live river forecast reach,404.0663954238358
MP0280_Jrwhi,Jarwahi,Sahodal,Ganga,Son,23.259444444444444,81.58527777777778,441016097,5,2026-08-12T12:00:00+00:00,1,225.8,0,Linked live river forecast reach,404.0663954238358
MP0280_Jrwhi,Jarwahi,Sahodal,Ganga,Son,23.259444444444444,81.58527777777778,441016097,5,2026-08-12T15:00:00+00:00,2,223.5,0,Linked live river forecast reach,404.0663954238358
MP0280_Jrwhi,Jarwahi,Sahodal,Ganga,Son,23.259444444444444,81.58527777777778,441016097,5,2026-08-12T18:00:00+00:00,2,224.1,0,Linked live river forecast reach,404.0663954238358
MP0280_Jrwhi,Jarwahi,Sahodal,Ganga,Son,23.259444444444444,81.58527777777778,441016097,5,2026-08-12T21:00:00+00:00,2,226.8,0,Linked live river forecast reach,404.0663954238358
MP0280_Jrwhi,Jarwahi,Sahodal,Ganga,Son,23.259444444444444,81.58527777777778,441016097,5,2026-08-13T00:00:00+00:00,2,230.9,0,Linked live river forecast reach,404.0663954238358
MP0280_Jrwhi,Jarwahi,Sahodal,Ganga,Son,23.259444444444444,81.58527777777778,441016097,5,2026-08-13T03:00:00+00:00,2,234.6,0,Linked live river forecast reach,404.0663954238358
MP0280_Jrwhi,Jarwahi,Sahodal,Ganga,Son,23.259444444444444,81.58527777777778,441016097,5,2026-08-13T06:00:00+00:00,2,236.2,0,Linked live river forecast reach,404.0663954238358
MP0280_Jrwhi,Jarwahi,Sahodal,Ganga,Son,23.259444444444444,81.58527777777778,441016097,5,2026-08-13T09:00:00+00:00,2,235.6,0,Linked live river forecast reach,404.0663954238358
MP0280_Jrwhi,Jarwahi,Sahodal,Ganga,Son,23.259444444444444,81.58527777777778,441016097,5,2026-08-13T12:00:00+00:00,2,234.3,0,Linked live river forecast reach,404.0663954238358
MP0280_Jrwhi,Jarwahi,Sahodal,Ganga,Son,23.259444444444444,81.58527777777778,441016097,5,2026-08-13T15:00:00+00:00,3,232.5,0,Linked live river forecast reach,404.0663954238358
MP0280_Jrwhi,Jarwahi,Sahodal,Ganga,Son,23.259444444444444,81.58527777777778,441016097,5,2026-08-13T18:00:00+00:00,3,230.9,0,Linked live river forecast reach,404.0663954238358
MP0280_Jrwhi,Jarwahi,Sahodal,Ganga,Son,23.259444444444444,81.58527777777778,441016097,5,2026-08-13T21:00:00+00:00,3,229.0,0,Linked live river forecast reach,404.0663954238358
MP0280_Jrwhi,Jarwahi,Sahodal,Ganga,Son,23.259444444444444,81.58527777777778,441016097,5,2026-08-14T00:00:00+00:00,3,227.6,0,Linked live river forecast reach,404.0663954238358
MP0280_Jrwhi,Jarwahi,Sahodal,Ganga,Son,23.259444444444444,81.58527777777778,441016097,5,2026-08-14T03:00:00+00:00,3,228.1,0,Linked live river forecast reach,404.0663954238358
MP0280_Jrwhi,Jarwahi,Sahodal,Ganga,Son,23.259444444444444,81.58527777777778,441016097,5,2026-08-14T06:00:00+00:00,3,230.6,0,Linked live river forecast reach,404.0663954238358
MP0280_Jrwhi,Jarwahi,Sahodal,Ganga,Son,23.259444444444444,81.58527777777778,441016097,5,2026-08-14T09:00:00+00:00,3,235.7,0,Linked live river forecast reach,404.0663954238358
MP0280_Jrwhi,Jarwahi,Sahodal,Ganga,Son,23.259444444444444,81.58527777777778,441016097,5,2026-08-14T12:00:00+00:00,3,243.7,0,Linked live river forecast reach,404.0663954238358
MP0280_Jrwhi,Jarwahi,Sahodal,Ganga,Son,23.259444444444444,81.58527777777778,441016097,5,2026-08-14T15:00:00+00:00,4,253.4,0,Linked live river forecast reach,404.0663954238358
MP0280_Jrwhi,Jarwahi,Sahodal,Ganga,Son,23.259444444444444,81.58527777777778,441016097,5,2026-08-14T18:00:00+00:00,4,261.7,0,Linked live river forecast reach,404.0663954238358
MP0280_Jrwhi,Jarwahi,Sahodal,Ganga,Son,23.259444444444444,81.58527777777778,441016097,5,2026-08-14T21:00:00+00:00,4,266.4,0,Linked live river forecast reach,404.0663954238358
MP0280_Jrwhi,Jarwahi,Sahodal,Ganga,Son,23.259444444444444,81.58527777777778,441016097,5,2026-08-15T00:00:00+00:00,4,267.3,0,Linked live river forecast reach,404.0663954238358
MP0280_Jrwhi,Jarwahi,Sahodal,Ganga,Son,23.259444444444444,81.58527777777778,441016097,5,2026-08-15T03:00:00+00:00,4,266.4,0,Linked live river forecast reach,404.0663954238358
MP0280_Jrwhi,Jarwahi,Sahodal,Ganga,Son,23.259444444444444,81.58527777777778,441016097,5,2026-08-15T06:00:00+00:00,4,264.4,0,Linked live river forecast reach,404.0663954238358
MP0280_Jrwhi,Jarwahi,Sahodal,Ganga,Son,23.259444444444444,81.58527777777778,441016097,5,2026-08-15T09:00:00+00:00,4,262.8,0,Linked live river forecast reach,404.0663954238358
MP0280_Jrwhi,Jarwahi,Sahodal,Ganga,Son,23.259444444444444,81.58527777777778,441016097,5,2026-08-15T12:00:00+00:00,4,263.0,0,Linked live river forecast reach,404.0663954238358
MP0280_Jrwhi,Jarwahi,Sahodal,Ganga,Son,23.259444444444444,81.58527777777778,441016097,5,2026-08-15T15:00:00+00:00,5,265.6,0,Linked live river forecast reach,404.0663954238358
MP0280_Jrwhi,Jarwahi,Sahodal,Ganga,Son,23.259444444444444,81.58527777777778,441016097,5,2026-08-15T18:00:00+00:00,5,270.5,0,Linked live river forecast reach,404.0663954238358
MP0280_Jrwhi,Jarwahi,Sahodal,Ganga,Son,23.259444444444444,81.58527777777778,441016097,5,2026-08-15T21:00:00+00:00,5,276.0,0,Linked live river forecast reach,404.0663954238358
MP0280_Jrwhi,Jarwahi,Sahodal,Ganga,Son,23.259444444444444,81.58527777777778,441016097,5,2026-08-16T00:00:00+00:00,5,282.1,0,Linked live river forecast reach,404.0663954238358
MP0280_Jrwhi,Jarwahi,Sahodal,Ganga,Son,23.259444444444444,81.58527777777778,441016097,5,2026-08-16T03:00:00+00:00,5,289.9,0,Linked live river forecast reach,404.0663954238358
MP0280_Jrwhi,Jarwahi,Sahodal,Ganga,Son,23.259444444444444,81.58527777777778,441016097,5,2026-08-16T06:00:00+00:00,5,297.5,0,Linked live river forecast reach,404.0663954238358
MP0280_Jrwhi,Jarwahi,Sahodal,Ganga,Son,23.259444444444444,81.58527777777778,441016097,5,2026-08-16T09:00:00+00:00,5,301.1,0,Linked live river forecast reach,404.0663954238358
MP0280_Jrwhi,Jarwahi,Sahodal,Ganga,Son,23.259444444444444,81.58527777777778,441016097,5,2026-08-16T12:00:00+00:00,5,299.5,0,Linked live river forecast reach,404.0663954238358
MP0280_Jrwhi,Jarwahi,Sahodal,Ganga,Son,23.259444444444444,81.58527777777778,441016097,5,2026-08-16T15:00:00+00:00,6,293.8,0,Linked live river forecast reach,404.0663954238358
MP0280_Jrwhi,Jarwahi,Sahodal,Ganga,Son,23.259444444444444,81.58527777777778,441016097,5,2026-08-16T18:00:00+00:00,6,286.0,0,Linked live river forecast reach,404.0663954238358
MP0280_Jrwhi,Jarwahi,Sahodal,Ganga,Son,23.259444444444444,81.58527777777778,441016097,5,2026-08-16T21:00:00+00:00,6,278.2,0,Linked live river forecast reach,404.0663954238358
MP0280_Jrwhi,Jarwahi,Sahodal,Ganga,Son,23.259444444444444,81.58527777777778,441016097,5,2026-08-17T00:00:00+00:00,6,271.5,0,Linked live river forecast reach,404.0663954238358
MP0280_Jrwhi,Jarwahi,Sahodal,Ganga,Son,23.259444444444444,81.58527777777778,441016097,5,2026-08-17T03:00:00+00:00,6,266.1,0,Linked live river forecast reach,404.0663954238358
MP0280_Jrwhi,Jarwahi,Sahodal,Ganga,Son,23.259444444444444,81.58527777777778,441016097,5,2026-08-17T06:00:00+00:00,6,261.9,0,Linked live river forecast reach,404.0663954238358
MP0280_Jrwhi,Jarwahi,Sahodal,Ganga,Son,23.259444444444444,81.58527777777778,441016097,5,2026-08-17T09:00:00+00:00,6,259.2,0,Linked live river forecast reach,404.0663954238358
MP0280_Jrwhi,Jarwahi,Sahodal,Ganga,Son,23.259444444444444,81.58527777777778,441016097,5,2026-08-17T12:00:00+00:00,6,257.7,0,Linked live river forecast reach,404.0663954238358
MP0280_Jrwhi,Jarwahi,Sahodal,Ganga,Son,23.259444444444444,81.58527777777778,441016097,5,2026-08-17T15:00:00+00:00,7,257.2,0,Linked live river forecast reach,404.0663954238358
MP0280_Mrsbd,Marsiabad,Sahodal,Ganga,Son,23.764166666666668,81.19944444444444,441038091,5,2026-08-10T15:00:00+00:00,0,619.1,0,Linked live river forecast reach,704.0066462622968
MP0280_Mrsbd,Marsiabad,Sahodal,Ganga,Son,23.764166666666668,81.19944444444444,441038091,5,2026-08-10T18:00:00+00:00,0,635.6,0,Linked live river forecast reach,704.0066462622968
MP0280_Mrsbd,Marsiabad,Sahodal,Ganga,Son,23.764166666666668,81.19944444444444,441038091,5,2026-08-10T21:00:00+00:00,0,660.1,0,Linked live river forecast reach,704.0066462622968
MP0280_Mrsbd,Marsiabad,Sahodal,Ganga,Son,23.764166666666668,81.19944444444444,441038091,5,2026-08-11T00:00:00+00:00,0,688.6,0,Linked live river forecast reach,704.0066462622968
MP0280_Mrsbd,Marsiabad,Sahodal,Ganga,Son,23.764166666666668,81.19944444444444,441038091,5,2026-08-11T03:00:00+00:00,0,711.3,0,Linked live river forecast reach,704.0066462622968
MP0280_Mrsbd,Marsiabad,Sahodal,Ganga,Son,23.764166666666668,81.19944444444444,441038091,5,2026-08-11T06:00:00+00:00,0,727.1,0,Linked live river forecast reach,704.0066462622968
MP0280_Mrsbd,Marsiabad,Sahodal,Ganga,Son,23.764166666666668,81.19944444444444,441038091,5,2026-08-11T09:00:00+00:00,0,739.3,0,Linked live river forecast reach,704.0066462622968
MP0280_Mrsbd,Marsiabad,Sahodal,Ganga,Son,23.764166666666668,81.19944444444444,441038091,5,2026-08-11T12:00:00+00:00,0,750.6,0,Linked live river forecast reach,704.0066462622968
MP0280_Mrsbd,Marsiabad,Sahodal,Ganga,Son,23.764166666666668,81.19944444444444,441038091,5,2026-08-11T15:00:00+00:00,1,766.4,0,Linked live river forecast reach,704.0066462622968
MP0280_Mrsbd,Marsiabad,Sahodal,Ganga,Son,23.764166666666668,81.19944444444444,441038091,5,2026-08-11T18:00:00+00:00,1,785.1,0,Linked live river forecast reach,704.0066462622968
MP0280_Mrsbd,Marsiabad,Sahodal,Ganga,Son,23.764166666666668,81.19944444444444,441038091,5,2026-08-11T21:00:00+00:00,1,797.6,0,Linked live river forecast reach,704.0066462622968
MP0280_Mrsbd,Marsiabad,Sahodal,Ganga,Son,23.764166666666668,81.19944444444444,441038091,5,2026-08-12T00:00:00+00:00,1,798.7,0,Linked live river forecast reach,704.0066462622968
MP0280_Mrsbd,Marsiabad,Sahodal,Ganga,Son,23.764166666666668,81.19944444444444,441038091,5,2026-08-12T03:00:00+00:00,1,788.5,0,Linked live river forecast reach,704.0066462622968
MP0280_Mrsbd,Marsiabad,Sahodal,Ganga,Son,23.764166666666668,81.19944444444444,441038091,5,2026-08-12T06:00:00+00:00,1,770.1,0,Linked live river forecast reach,704.0066462622968
MP0280_Mrsbd,Marsiabad,Sahodal,Ganga,Son,23.764166666666668,81.19944444444444,441038091,5,2026-08-12T09:00:00+00:00,1,748.6,0,Linked live river forecast reach,704.0066462622968
MP0280_Mrsbd,Marsiabad,Sahodal,Ganga,Son,23.764166666666668,81.19944444444444,441038091,5,2026-08-12T12:00:00+00:00,1,726.7,0,Linked live river forecast reach,704.0066462622968
MP0280_Mrsbd,Marsiabad,Sahodal,Ganga,Son,23.764166666666668,81.19944444444444,441038091,5,2026-08-12T15:00:00+00:00,2,705.0,0,Linked live river forecast reach,704.0066462622968
MP0280_Mrsbd,Marsiabad,Sahodal,Ganga,Son,23.764166666666668,81.19944444444444,441038091,5,2026-08-12T18:00:00+00:00,2,684.9,0,Linked live river forecast reach,704.0066462622968
MP0280_Mrsbd,Marsiabad,Sahodal,Ganga,Son,23.764166666666668,81.19944444444444,441038091,5,2026-08-12T21:00:00+00:00,2,666.1,0,Linked live river forecast reach,704.0066462622968
MP0280_Mrsbd,Marsiabad,Sahodal,Ganga,Son,23.764166666666668,81.19944444444444,441038091,5,2026-08-13T00:00:00+00:00,2,648.6,0,Linked live river forecast reach,704.0066462622968
MP0280_Mrsbd,Marsiabad,Sahodal,Ganga,Son,23.764166666666668,81.19944444444444,441038091,5,2026-08-13T03:00:00+00:00,2,633.4,0,Linked live river forecast reach,704.0066462622968
MP0280_Mrsbd,Marsiabad,Sahodal,Ganga,Son,23.764166666666668,81.19944444444444,441038091,5,2026-08-13T06:00:00+00:00,2,620.5,0,Linked live river forecast reach,704.0066462622968
MP0280_Mrsbd,Marsiabad,Sahodal,Ganga,Son,23.764166666666668,81.19944444444444,441038091,5,2026-08-13T09:00:00+00:00,2,613.9,0,Linked live river forecast reach,704.0066462622968
MP0280_Mrsbd,Marsiabad,Sahodal,Ganga,Son,23.764166666666668,81.19944444444444,441038091,5,2026-08-13T12:00:00+00:00,2,615.5,0,Linked live river forecast reach,704.0066462622968
MP0280_Mrsbd,Marsiabad,Sahodal,Ganga,Son,23.764166666666668,81.19944444444444,441038091,5,2026-08-13T15:00:00+00:00,3,622.6,0,Linked live river forecast reach,704.0066462622968
MP0280_Mrsbd,Marsiabad,Sahodal,Ganga,Son,23.764166666666668,81.19944444444444,441038091,5,2026-08-13T18:00:00+00:00,3,632.5,0,Linked live river forecast reach,704.0066462622968
MP0280_Mrsbd,Marsiabad,Sahodal,Ganga,Son,23.764166666666668,81.19944444444444,441038091,5,2026-08-13T21:00:00+00:00,3,638.7,0,Linked live river forecast reach,704.0066462622968
MP0280_Mrsbd,Marsiabad,Sahodal,Ganga,Son,23.764166666666668,81.19944444444444,441038091,5,2026-08-14T00:00:00+00:00,3,636.6,0,Linked live river forecast reach,704.0066462622968
MP0280_Mrsbd,Marsiabad,Sahodal,Ganga,Son,23.764166666666668,81.19944444444444,441038091,5,2026-08-14T03:00:00+00:00,3,629.0,0,Linked live river forecast reach,704.0066462622968
MP0280_Mrsbd,Marsiabad,Sahodal,Ganga,Son,23.764166666666668,81.19944444444444,441038091,5,2026-08-14T06:00:00+00:00,3,619.9,0,Linked live river forecast reach,704.0066462622968
MP0280_Mrsbd,Marsiabad,Sahodal,Ganga,Son,23.764166666666668,81.19944444444444,441038091,5,2026-08-14T09:00:00+00:00,3,615.6,0,Linked live river forecast reach,704.0066462622968
MP0280_Mrsbd,Marsiabad,Sahodal,Ganga,Son,23.764166666666668,81.19944444444444,441038091,5,2026-08-14T12:00:00+00:00,3,618.3,0,Linked live river forecast reach,704.0066462622968
MP0280_Mrsbd,Marsiabad,Sahodal,Ganga,Son,23.764166666666668,81.19944444444444,441038091,5,2026-08-14T15:00:00+00:00,4,627.1,0,Linked live river forecast reach,704.0066462622968
MP0280_Mrsbd,Marsiabad,Sahodal,Ganga,Son,23.764166666666668,81.19944444444444,441038091,5,2026-08-14T18:00:00+00:00,4,640.5,0,Linked live river forecast reach,704.0066462622968
MP0280_Mrsbd,Marsiabad,Sahodal,Ganga,Son,23.764166666666668,81.19944444444444,441038091,5,2026-08-14T21:00:00+00:00,4,650.8,0,Linked live river forecast reach,704.0066462622968
MP0280_Mrsbd,Marsiabad,Sahodal,Ganga,Son,23.764166666666668,81.19944444444444,441038091,5,2026-08-15T00:00:00+00:00,4,652.3,0,Linked live river forecast reach,704.0066462622968
MP0280_Mrsbd,Marsiabad,Sahodal,Ganga,Son,23.764166666666668,81.19944444444444,441038091,5,2026-08-15T03:00:00+00:00,4,645.9,0,Linked live river forecast reach,704.0066462622968
MP0280_Mrsbd,Marsiabad,Sahodal,Ganga,Son,23.764166666666668,81.19944444444444,441038091,5,2026-08-15T06:00:00+00:00,4,635.2,0,Linked live river forecast reach,704.0066462622968
MP0280_Mrsbd,Marsiabad,Sahodal,Ganga,Son,23.764166666666668,81.19944444444444,441038091,5,2026-08-15T09:00:00+00:00,4,624.6,0,Linked live river forecast reach,704.0066462622968
MP0280_Mrsbd,Marsiabad,Sahodal,Ganga,Son,23.764166666666668,81.19944444444444,441038091,5,2026-08-15T12:00:00+00:00,4,616.7,0,Linked live river forecast reach,704.0066462622968
MP0280_Mrsbd,Marsiabad,Sahodal,Ganga,Son,23.764166666666668,81.19944444444444,441038091,5,2026-08-15T15:00:00+00:00,5,612.7,0,Linked live river forecast reach,704.0066462622968
MP0280_Mrsbd,Marsiabad,Sahodal,Ganga,Son,23.764166666666668,81.19944444444444,441038091,5,2026-08-15T18:00:00+00:00,5,612.2,0,Linked live river forecast reach,704.0066462622968
MP0280_Mrsbd,Marsiabad,Sahodal,Ganga,Son,23.764166666666668,81.19944444444444,441038091,5,2026-08-15T21:00:00+00:00,5,614.8,0,Linked live river forecast reach,704.0066462622968
MP0280_Mrsbd,Marsiabad,Sahodal,Ganga,Son,23.764166666666668,81.19944444444444,441038091,5,2026-08-16T00:00:00+00:00,5,621.3,0,Linked live river forecast reach,704.0066462622968
MP0280_Mrsbd,Marsiabad,Sahodal,Ganga,Son,23.764166666666668,81.19944444444444,441038091,5,2026-08-16T03:00:00+00:00,5,632.1,0,Linked live river forecast reach,704.0066462622968
MP0280_Mrsbd,Marsiabad,Sahodal,Ganga,Son,23.764166666666668,81.19944444444444,441038091,5,2026-08-16T06:00:00+00:00,5,648.3,0,Linked live river forecast reach,704.0066462622968
MP0280_Mrsbd,Marsiabad,Sahodal,Ganga,Son,23.764166666666668,81.19944444444444,441038091,5,2026-08-16T09:00:00+00:00,5,670.2,0,Linked live river forecast reach,704.0066462622968
MP0280_Mrsbd,Marsiabad,Sahodal,Ganga,Son,23.764166666666668,81.19944444444444,441038091,5,2026-08-16T12:00:00+00:00,5,691.9,0,Linked live river forecast reach,704.0066462622968
MP0280_Mrsbd,Marsiabad,Sahodal,Ganga,Son,23.764166666666668,81.19944444444444,441038091,5,2026-08-16T15:00:00+00:00,6,707.7,0,Linked live river forecast reach,704.0066462622968
MP0280_Mrsbd,Marsiabad,Sahodal,Ganga,Son,23.764166666666668,81.19944444444444,441038091,5,2026-08-16T18:00:00+00:00,6,716.1,0,Linked live river forecast reach,704.0066462622968
MP0280_Mrsbd,Marsiabad,Sahodal,Ganga,Son,23.764166666666668,81.19944444444444,441038091,5,2026-08-16T21:00:00+00:00,6,717.1,0,Linked live river forecast reach,704.0066462622968
MP0280_Mrsbd,Marsiabad,Sahodal,Ganga,Son,23.764166666666668,81.19944444444444,441038091,5,2026-08-17T00:00:00+00:00,6,714.4,0,Linked live river forecast reach,704.0066462622968
MP0280_Mrsbd,Marsiabad,Sahodal,Ganga,Son,23.764166666666668,81.19944444444444,441038091,5,2026-08-17T03:00:00+00:00,6,710.6,0,Linked live river forecast reach,704.0066462622968
MP0280_Mrsbd,Marsiabad,Sahodal,Ganga,Son,23.764166666666668,81.19944444444444,441038091,5,2026-08-17T06:00:00+00:00,6,707.0,0,Linked live river forecast reach,704.0066462622968
MP0280_Mrsbd,Marsiabad,Sahodal,Ganga,Son,23.764166666666668,81.19944444444444,441038091,5,2026-08-17T09:00:00+00:00,6,705.6,0,Linked live river forecast reach,704.0066462622968
MP0280_Mrsbd,Marsiabad,Sahodal,Ganga,Son,23.764166666666668,81.19944444444444,441038091,5,2026-08-17T12:00:00+00:00,6,705.7,0,Linked live river forecast reach,704.0066462622968
MP0280_Mrsbd,Marsiabad,Sahodal,Ganga,Son,23.764166666666668,81.19944444444444,441038091,5,2026-08-17T15:00:00+00:00,7,705.8,0,Linked live river forecast reach,704.0066462622968
MP0281_Kewai,Kewai,Anoopur,Ganga,Son,23.258333333333333,82.04444444444445,440943169,4,2026-08-10T15:00:00+00:00,0,23.3,0,Linked live river forecast reach,98.77797257900238
MP0281_Kewai,Kewai,Anoopur,Ganga,Son,23.258333333333333,82.04444444444445,440943169,4,2026-08-10T18:00:00+00:00,0,24.0,0,Linked live river forecast reach,98.77797257900238
MP0281_Kewai,Kewai,Anoopur,Ganga,Son,23.258333333333333,82.04444444444445,440943169,4,2026-08-10T21:00:00+00:00,0,27.7,0,Linked live river forecast reach,98.77797257900238
MP0281_Kewai,Kewai,Anoopur,Ganga,Son,23.258333333333333,82.04444444444445,440943169,4,2026-08-11T00:00:00+00:00,0,31.9,0,Linked live river forecast reach,98.77797257900238
MP0281_Kewai,Kewai,Anoopur,Ganga,Son,23.258333333333333,82.04444444444445,440943169,4,2026-08-11T03:00:00+00:00,0,34.6,0,Linked live river forecast reach,98.77797257900238
MP0281_Kewai,Kewai,Anoopur,Ganga,Son,23.258333333333333,82.04444444444445,440943169,4,2026-08-11T06:00:00+00:00,0,36.9,0,Linked live river forecast reach,98.77797257900238
MP0281_Kewai,Kewai,Anoopur,Ganga,Son,23.258333333333333,82.04444444444445,440943169,4,2026-08-11T09:00:00+00:00,0,39.2,0,Linked live river forecast reach,98.77797257900238
MP0281_Kewai,Kewai,Anoopur,Ganga,Son,23.258333333333333,82.04444444444445,440943169,4,2026-08-11T12:00:00+00:00,0,40.8,0,Linked live river forecast reach,98.77797257900238
MP0281_Kewai,Kewai,Anoopur,Ganga,Son,23.258333333333333,82.04444444444445,440943169,4,2026-08-11T15:00:00+00:00,1,40.5,0,Linked live river forecast reach,98.77797257900238
MP0281_Kewai,Kewai,Anoopur,Ganga,Son,23.258333333333333,82.04444444444445,440943169,4,2026-08-11T18:00:00+00:00,1,37.9,0,Linked live river forecast reach,98.77797257900238
MP0281_Kewai,Kewai,Anoopur,Ganga,Son,23.258333333333333,82.04444444444445,440943169,4,2026-08-11T21:00:00+00:00,1,34.3,0,Linked live river forecast reach,98.77797257900238
MP0281_Kewai,Kewai,Anoopur,Ganga,Son,23.258333333333333,82.04444444444445,440943169,4,2026-08-12T00:00:00+00:00,1,32.2,0,Linked live river forecast reach,98.77797257900238
MP0281_Kewai,Kewai,Anoopur,Ganga,Son,23.258333333333333,82.04444444444445,440943169,4,2026-08-12T03:00:00+00:00,1,32.3,0,Linked live river forecast reach,98.77797257900238
MP0281_Kewai,Kewai,Anoopur,Ganga,Son,23.258333333333333,82.04444444444445,440943169,4,2026-08-12T06:00:00+00:00,1,31.9,0,Linked live river forecast reach,98.77797257900238
MP0281_Kewai,Kewai,Anoopur,Ganga,Son,23.258333333333333,82.04444444444445,440943169,4,2026-08-12T09:00:00+00:00,1,29.8,0,Linked live river forecast reach,98.77797257900238
MP0281_Kewai,Kewai,Anoopur,Ganga,Son,23.258333333333333,82.04444444444445,440943169,4,2026-08-12T12:00:00+00:00,1,27.9,0,Linked live river forecast reach,98.77797257900238
MP0281_Kewai,Kewai,Anoopur,Ganga,Son,23.258333333333333,82.04444444444445,440943169,4,2026-08-12T15:00:00+00:00,2,27.0,0,Linked live river forecast reach,98.77797257900238
MP0281_Kewai,Kewai,Anoopur,Ganga,Son,23.258333333333333,82.04444444444445,440943169,4,2026-08-12T18:00:00+00:00,2,26.6,0,Linked live river forecast reach,98.77797257900238
MP0281_Kewai,Kewai,Anoopur,Ganga,Son,23.258333333333333,82.04444444444445,440943169,4,2026-08-12T21:00:00+00:00,2,26.1,0,Linked live river forecast reach,98.77797257900238
MP0281_Kewai,Kewai,Anoopur,Ganga,Son,23.258333333333333,82.04444444444445,440943169,4,2026-08-13T00:00:00+00:00,2,26.9,0,Linked live river forecast reach,98.77797257900238
MP0281_Kewai,Kewai,Anoopur,Ganga,Son,23.258333333333333,82.04444444444445,440943169,4,2026-08-13T03:00:00+00:00,2,28.9,0,Linked live river forecast reach,98.77797257900238
MP0281_Kewai,Kewai,Anoopur,Ganga,Son,23.258333333333333,82.04444444444445,440943169,4,2026-08-13T06:00:00+00:00,2,29.7,0,Linked live river forecast reach,98.77797257900238
MP0281_Kewai,Kewai,Anoopur,Ganga,Son,23.258333333333333,82.04444444444445,440943169,4,2026-08-13T09:00:00+00:00,2,28.9,0,Linked live river forecast reach,98.77797257900238
MP0281_Kewai,Kewai,Anoopur,Ganga,Son,23.258333333333333,82.04444444444445,440943169,4,2026-08-13T12:00:00+00:00,2,28.1,0,Linked live river forecast reach,98.77797257900238
MP0281_Kewai,Kewai,Anoopur,Ganga,Son,23.258333333333333,82.04444444444445,440943169,4,2026-08-13T15:00:00+00:00,3,28.1,0,Linked live river forecast reach,98.77797257900238
MP0281_Kewai,Kewai,Anoopur,Ganga,Son,23.258333333333333,82.04444444444445,440943169,4,2026-08-13T18:00:00+00:00,3,28.6,0,Linked live river forecast reach,98.77797257900238
MP0281_Kewai,Kewai,Anoopur,Ganga,Son,23.258333333333333,82.04444444444445,440943169,4,2026-08-13T21:00:00+00:00,3,29.6,0,Linked live river forecast reach,98.77797257900238
MP0281_Kewai,Kewai,Anoopur,Ganga,Son,23.258333333333333,82.04444444444445,440943169,4,2026-08-14T00:00:00+00:00,3,31.3,0,Linked live river forecast reach,98.77797257900238
MP0281_Kewai,Kewai,Anoopur,Ganga,Son,23.258333333333333,82.04444444444445,440943169,4,2026-08-14T03:00:00+00:00,3,32.9,0,Linked live river forecast reach,98.77797257900238
MP0281_Kewai,Kewai,Anoopur,Ganga,Son,23.258333333333333,82.04444444444445,440943169,4,2026-08-14T06:00:00+00:00,3,34.2,0,Linked live river forecast reach,98.77797257900238
MP0281_Kewai,Kewai,Anoopur,Ganga,Son,23.258333333333333,82.04444444444445,440943169,4,2026-08-14T09:00:00+00:00,3,36.5,0,Linked live river forecast reach,98.77797257900238
MP0281_Kewai,Kewai,Anoopur,Ganga,Son,23.258333333333333,82.04444444444445,440943169,4,2026-08-14T12:00:00+00:00,3,39.5,0,Linked live river forecast reach,98.77797257900238
MP0281_Kewai,Kewai,Anoopur,Ganga,Son,23.258333333333333,82.04444444444445,440943169,4,2026-08-14T15:00:00+00:00,4,43.9,0,Linked live river forecast reach,98.77797257900238
MP0281_Kewai,Kewai,Anoopur,Ganga,Son,23.258333333333333,82.04444444444445,440943169,4,2026-08-14T18:00:00+00:00,4,51.3,0,Linked live river forecast reach,98.77797257900238
MP0281_Kewai,Kewai,Anoopur,Ganga,Son,23.258333333333333,82.04444444444445,440943169,4,2026-08-14T21:00:00+00:00,4,56.5,0,Linked live river forecast reach,98.77797257900238
MP0281_Kewai,Kewai,Anoopur,Ganga,Son,23.258333333333333,82.04444444444445,440943169,4,2026-08-15T00:00:00+00:00,4,57.6,0,Linked live river forecast reach,98.77797257900238
MP0281_Kewai,Kewai,Anoopur,Ganga,Son,23.258333333333333,82.04444444444445,440943169,4,2026-08-15T03:00:00+00:00,4,59.2,0,Linked live river forecast reach,98.77797257900238
MP0281_Kewai,Kewai,Anoopur,Ganga,Son,23.258333333333333,82.04444444444445,440943169,4,2026-08-15T06:00:00+00:00,4,63.3,0,Linked live river forecast reach,98.77797257900238
MP0281_Kewai,Kewai,Anoopur,Ganga,Son,23.258333333333333,82.04444444444445,440943169,4,2026-08-15T09:00:00+00:00,4,67.6,0,Linked live river forecast reach,98.77797257900238
MP0281_Kewai,Kewai,Anoopur,Ganga,Son,23.258333333333333,82.04444444444445,440943169,4,2026-08-15T12:00:00+00:00,4,73.8,0,Linked live river forecast reach,98.77797257900238
MP0281_Kewai,Kewai,Anoopur,Ganga,Son,23.258333333333333,82.04444444444445,440943169,4,2026-08-15T15:00:00+00:00,5,81.2,0,Linked live river forecast reach,98.77797257900238
MP0281_Kewai,Kewai,Anoopur,Ganga,Son,23.258333333333333,82.04444444444445,440943169,4,2026-08-15T18:00:00+00:00,5,83.8,0,Linked live river forecast reach,98.77797257900238
MP0281_Kewai,Kewai,Anoopur,Ganga,Son,23.258333333333333,82.04444444444445,440943169,4,2026-08-15T21:00:00+00:00,5,80.8,0,Linked live river forecast reach,98.77797257900238
MP0281_Kewai,Kewai,Anoopur,Ganga,Son,23.258333333333333,82.04444444444445,440943169,4,2026-08-16T00:00:00+00:00,5,77.1,0,Linked live river forecast reach,98.77797257900238
MP0281_Kewai,Kewai,Anoopur,Ganga,Son,23.258333333333333,82.04444444444445,440943169,4,2026-08-16T03:00:00+00:00,5,75.5,0,Linked live river forecast reach,98.77797257900238
MP0281_Kewai,Kewai,Anoopur,Ganga,Son,23.258333333333333,82.04444444444445,440943169,4,2026-08-16T06:00:00+00:00,5,73.6,0,Linked live river forecast reach,98.77797257900238
MP0281_Kewai,Kewai,Anoopur,Ganga,Son,23.258333333333333,82.04444444444445,440943169,4,2026-08-16T09:00:00+00:00,5,69.5,0,Linked live river forecast reach,98.77797257900238
MP0281_Kewai,Kewai,Anoopur,Ganga,Son,23.258333333333333,82.04444444444445,440943169,4,2026-08-16T12:00:00+00:00,5,66.0,0,Linked live river forecast reach,98.77797257900238
MP0281_Kewai,Kewai,Anoopur,Ganga,Son,23.258333333333333,82.04444444444445,440943169,4,2026-08-16T15:00:00+00:00,6,63.9,0,Linked live river forecast reach,98.77797257900238
MP0281_Kewai,Kewai,Anoopur,Ganga,Son,23.258333333333333,82.04444444444445,440943169,4,2026-08-16T18:00:00+00:00,6,61.8,0,Linked live river forecast reach,98.77797257900238
MP0281_Kewai,Kewai,Anoopur,Ganga,Son,23.258333333333333,82.04444444444445,440943169,4,2026-08-16T21:00:00+00:00,6,60.2,0,Linked live river forecast reach,98.77797257900238
MP0281_Kewai,Kewai,Anoopur,Ganga,Son,23.258333333333333,82.04444444444445,440943169,4,2026-08-17T00:00:00+00:00,6,60.6,0,Linked live river forecast reach,98.77797257900238
MP0281_Kewai,Kewai,Anoopur,Ganga,Son,23.258333333333333,82.04444444444445,440943169,4,2026-08-17T03:00:00+00:00,6,62.2,0,Linked live river forecast reach,98.77797257900238
MP0281_Kewai,Kewai,Anoopur,Ganga,Son,23.258333333333333,82.04444444444445,440943169,4,2026-08-17T06:00:00+00:00,6,62.2,0,Linked live river forecast reach,98.77797257900238
MP0281_Kewai,Kewai,Anoopur,Ganga,Son,23.258333333333333,82.04444444444445,440943169,4,2026-08-17T09:00:00+00:00,6,60.4,0,Linked live river forecast reach,98.77797257900238
MP0281_Kewai,Kewai,Anoopur,Ganga,Son,23.258333333333333,82.04444444444445,440943169,4,2026-08-17T12:00:00+00:00,6,58.8,0,Linked live river forecast reach,98.77797257900238
MP0281_Kewai,Kewai,Anoopur,Ganga,Son,23.258333333333333,82.04444444444445,440943169,4,2026-08-17T15:00:00+00:00,7,58.8,0,Linked live river forecast reach,98.77797257900238
MP0282_Tipan,Tipan,Anoopur,Ganga,Son,23.016666666666666,81.725,440577163,2,2026-08-10T15:00:00+00:00,0,2.4,0,Linked live river forecast reach,1894.8556114839696
MP0283_Kunuk,Kunuk,Sahodal,Ganga,Son,23.454166666666666,81.5875,440908760,4,2026-08-10T15:00:00+00:00,0,19.2,0,Linked live river forecast reach,233.0455686108842
MP0283_Kunuk,Kunuk,Sahodal,Ganga,Son,23.454166666666666,81.5875,440908760,4,2026-08-10T18:00:00+00:00,0,19.4,0,Linked live river forecast reach,233.0455686108842
MP0283_Kunuk,Kunuk,Sahodal,Ganga,Son,23.454166666666666,81.5875,440908760,4,2026-08-10T21:00:00+00:00,0,20.9,0,Linked live river forecast reach,233.0455686108842
MP0283_Kunuk,Kunuk,Sahodal,Ganga,Son,23.454166666666666,81.5875,440908760,4,2026-08-11T00:00:00+00:00,0,22.4,0,Linked live river forecast reach,233.0455686108842
MP0283_Kunuk,Kunuk,Sahodal,Ganga,Son,23.454166666666666,81.5875,440908760,4,2026-08-11T03:00:00+00:00,0,23.6,0,Linked live river forecast reach,233.0455686108842
MP0283_Kunuk,Kunuk,Sahodal,Ganga,Son,23.454166666666666,81.5875,440908760,4,2026-08-11T06:00:00+00:00,0,24.4,0,Linked live river forecast reach,233.0455686108842
MP0283_Kunuk,Kunuk,Sahodal,Ganga,Son,23.454166666666666,81.5875,440908760,4,2026-08-11T09:00:00+00:00,0,24.3,0,Linked live river forecast reach,233.0455686108842
MP0283_Kunuk,Kunuk,Sahodal,Ganga,Son,23.454166666666666,81.5875,440908760,4,2026-08-11T12:00:00+00:00,0,24.8,0,Linked live river forecast reach,233.0455686108842
MP0283_Kunuk,Kunuk,Sahodal,Ganga,Son,23.454166666666666,81.5875,440908760,4,2026-08-11T15:00:00+00:00,1,25.6,0,Linked live river forecast reach,233.0455686108842
MP0283_Kunuk,Kunuk,Sahodal,Ganga,Son,23.454166666666666,81.5875,440908760,4,2026-08-11T18:00:00+00:00,1,24.8,0,Linked live river forecast reach,233.0455686108842
MP0283_Kunuk,Kunuk,Sahodal,Ganga,Son,23.454166666666666,81.5875,440908760,4,2026-08-11T21:00:00+00:00,1,23.5,0,Linked live river forecast reach,233.0455686108842
MP0283_Kunuk,Kunuk,Sahodal,Ganga,Son,23.454166666666666,81.5875,440908760,4,2026-08-12T00:00:00+00:00,1,22.6,0,Linked live river forecast reach,233.0455686108842
MP0283_Kunuk,Kunuk,Sahodal,Ganga,Son,23.454166666666666,81.5875,440908760,4,2026-08-12T03:00:00+00:00,1,21.4,0,Linked live river forecast reach,233.0455686108842
MP0283_Kunuk,Kunuk,Sahodal,Ganga,Son,23.454166666666666,81.5875,440908760,4,2026-08-12T06:00:00+00:00,1,19.4,0,Linked live river forecast reach,233.0455686108842
MP0283_Kunuk,Kunuk,Sahodal,Ganga,Son,23.454166666666666,81.5875,440908760,4,2026-08-12T09:00:00+00:00,1,17.0,0,Linked live river forecast reach,233.0455686108842
MP0283_Kunuk,Kunuk,Sahodal,Ganga,Son,23.454166666666666,81.5875,440908760,4,2026-08-12T12:00:00+00:00,1,15.0,0,Linked live river forecast reach,233.0455686108842
MP0283_Kunuk,Kunuk,Sahodal,Ganga,Son,23.454166666666666,81.5875,440908760,4,2026-08-12T15:00:00+00:00,2,13.8,0,Linked live river forecast reach,233.0455686108842
MP0283_Kunuk,Kunuk,Sahodal,Ganga,Son,23.454166666666666,81.5875,440908760,4,2026-08-12T18:00:00+00:00,2,14.0,0,Linked live river forecast reach,233.0455686108842
MP0283_Kunuk,Kunuk,Sahodal,Ganga,Son,23.454166666666666,81.5875,440908760,4,2026-08-12T21:00:00+00:00,2,14.8,0,Linked live river forecast reach,233.0455686108842
MP0283_Kunuk,Kunuk,Sahodal,Ganga,Son,23.454166666666666,81.5875,440908760,4,2026-08-13T00:00:00+00:00,2,15.2,0,Linked live river forecast reach,233.0455686108842
MP0283_Kunuk,Kunuk,Sahodal,Ganga,Son,23.454166666666666,81.5875,440908760,4,2026-08-13T03:00:00+00:00,2,15.9,0,Linked live river forecast reach,233.0455686108842
MP0283_Kunuk,Kunuk,Sahodal,Ganga,Son,23.454166666666666,81.5875,440908760,4,2026-08-13T06:00:00+00:00,2,16.0,0,Linked live river forecast reach,233.0455686108842
MP0283_Kunuk,Kunuk,Sahodal,Ganga,Son,23.454166666666666,81.5875,440908760,4,2026-08-13T09:00:00+00:00,2,15.6,0,Linked live river forecast reach,233.0455686108842
MP0283_Kunuk,Kunuk,Sahodal,Ganga,Son,23.454166666666666,81.5875,440908760,4,2026-08-13T12:00:00+00:00,2,15.7,0,Linked live river forecast reach,233.0455686108842
MP0283_Kunuk,Kunuk,Sahodal,Ganga,Son,23.454166666666666,81.5875,440908760,4,2026-08-13T15:00:00+00:00,3,16.5,0,Linked live river forecast reach,233.0455686108842
MP0283_Kunuk,Kunuk,Sahodal,Ganga,Son,23.454166666666666,81.5875,440908760,4,2026-08-13T18:00:00+00:00,3,17.2,0,Linked live river forecast reach,233.0455686108842
MP0283_Kunuk,Kunuk,Sahodal,Ganga,Son,23.454166666666666,81.5875,440908760,4,2026-08-13T21:00:00+00:00,3,18.4,0,Linked live river forecast reach,233.0455686108842
MP0283_Kunuk,Kunuk,Sahodal,Ganga,Son,23.454166666666666,81.5875,440908760,4,2026-08-14T00:00:00+00:00,3,20.4,0,Linked live river forecast reach,233.0455686108842
MP0283_Kunuk,Kunuk,Sahodal,Ganga,Son,23.454166666666666,81.5875,440908760,4,2026-08-14T03:00:00+00:00,3,21.9,0,Linked live river forecast reach,233.0455686108842
MP0283_Kunuk,Kunuk,Sahodal,Ganga,Son,23.454166666666666,81.5875,440908760,4,2026-08-14T06:00:00+00:00,3,22.6,0,Linked live river forecast reach,233.0455686108842
MP0283_Kunuk,Kunuk,Sahodal,Ganga,Son,23.454166666666666,81.5875,440908760,4,2026-08-14T09:00:00+00:00,3,24.4,0,Linked live river forecast reach,233.0455686108842
MP0283_Kunuk,Kunuk,Sahodal,Ganga,Son,23.454166666666666,81.5875,440908760,4,2026-08-14T12:00:00+00:00,3,27.1,0,Linked live river forecast reach,233.0455686108842
MP0283_Kunuk,Kunuk,Sahodal,Ganga,Son,23.454166666666666,81.5875,440908760,4,2026-08-14T15:00:00+00:00,4,30.3,0,Linked live river forecast reach,233.0455686108842
MP0283_Kunuk,Kunuk,Sahodal,Ganga,Son,23.454166666666666,81.5875,440908760,4,2026-08-14T18:00:00+00:00,4,39.2,0,Linked live river forecast reach,233.0455686108842
MP0283_Kunuk,Kunuk,Sahodal,Ganga,Son,23.454166666666666,81.5875,440908760,4,2026-08-14T21:00:00+00:00,4,47.6,0,Linked live river forecast reach,233.0455686108842
MP0283_Kunuk,Kunuk,Sahodal,Ganga,Son,23.454166666666666,81.5875,440908760,4,2026-08-15T00:00:00+00:00,4,55.8,0,Linked live river forecast reach,233.0455686108842
MP0283_Kunuk,Kunuk,Sahodal,Ganga,Son,23.454166666666666,81.5875,440908760,4,2026-08-15T03:00:00+00:00,4,64.8,0,Linked live river forecast reach,233.0455686108842
MP0283_Kunuk,Kunuk,Sahodal,Ganga,Son,23.454166666666666,81.5875,440908760,4,2026-08-15T06:00:00+00:00,4,64.9,0,Linked live river forecast reach,233.0455686108842
MP0283_Kunuk,Kunuk,Sahodal,Ganga,Son,23.454166666666666,81.5875,440908760,4,2026-08-15T09:00:00+00:00,4,61.8,0,Linked live river forecast reach,233.0455686108842
MP0283_Kunuk,Kunuk,Sahodal,Ganga,Son,23.454166666666666,81.5875,440908760,4,2026-08-15T12:00:00+00:00,4,58.0,0,Linked live river forecast reach,233.0455686108842
MP0283_Kunuk,Kunuk,Sahodal,Ganga,Son,23.454166666666666,81.5875,440908760,4,2026-08-15T15:00:00+00:00,5,55.6,0,Linked live river forecast reach,233.0455686108842
MP0283_Kunuk,Kunuk,Sahodal,Ganga,Son,23.454166666666666,81.5875,440908760,4,2026-08-15T18:00:00+00:00,5,53.7,0,Linked live river forecast reach,233.0455686108842
MP0283_Kunuk,Kunuk,Sahodal,Ganga,Son,23.454166666666666,81.5875,440908760,4,2026-08-15T21:00:00+00:00,5,53.7,0,Linked live river forecast reach,233.0455686108842
MP0283_Kunuk,Kunuk,Sahodal,Ganga,Son,23.454166666666666,81.5875,440908760,4,2026-08-16T00:00:00+00:00,5,56.0,0,Linked live river forecast reach,233.0455686108842
MP0283_Kunuk,Kunuk,Sahodal,Ganga,Son,23.454166666666666,81.5875,440908760,4,2026-08-16T03:00:00+00:00,5,59.4,0,Linked live river forecast reach,233.0455686108842
MP0283_Kunuk,Kunuk,Sahodal,Ganga,Son,23.454166666666666,81.5875,440908760,4,2026-08-16T06:00:00+00:00,5,60.4,0,Linked live river forecast reach,233.0455686108842
MP0283_Kunuk,Kunuk,Sahodal,Ganga,Son,23.454166666666666,81.5875,440908760,4,2026-08-16T09:00:00+00:00,5,59.1,0,Linked live river forecast reach,233.0455686108842
MP0283_Kunuk,Kunuk,Sahodal,Ganga,Son,23.454166666666666,81.5875,440908760,4,2026-08-16T12:00:00+00:00,5,57.6,0,Linked live river forecast reach,233.0455686108842
MP0283_Kunuk,Kunuk,Sahodal,Ganga,Son,23.454166666666666,81.5875,440908760,4,2026-08-16T15:00:00+00:00,6,55.7,0,Linked live river forecast reach,233.0455686108842
MP0283_Kunuk,Kunuk,Sahodal,Ganga,Son,23.454166666666666,81.5875,440908760,4,2026-08-16T18:00:00+00:00,6,52.9,0,Linked live river forecast reach,233.0455686108842
MP0283_Kunuk,Kunuk,Sahodal,Ganga,Son,23.454166666666666,81.5875,440908760,4,2026-08-16T21:00:00+00:00,6,50.5,0,Linked live river forecast reach,233.0455686108842
MP0283_Kunuk,Kunuk,Sahodal,Ganga,Son,23.454166666666666,81.5875,440908760,4,2026-08-17T00:00:00+00:00,6,49.2,0,Linked live river forecast reach,233.0455686108842
MP0283_Kunuk,Kunuk,Sahodal,Ganga,Son,23.454166666666666,81.5875,440908760,4,2026-08-17T03:00:00+00:00,6,48.4,0,Linked live river forecast reach,233.0455686108842
MP0283_Kunuk,Kunuk,Sahodal,Ganga,Son,23.454166666666666,81.5875,440908760,4,2026-08-17T06:00:00+00:00,6,47.8,0,Linked live river forecast reach,233.0455686108842
MP0283_Kunuk,Kunuk,Sahodal,Ganga,Son,23.454166666666666,81.5875,440908760,4,2026-08-17T09:00:00+00:00,6,47.2,0,Linked live river forecast reach,233.0455686108842
MP0283_Kunuk,Kunuk,Sahodal,Ganga,Son,23.454166666666666,81.5875,440908760,4,2026-08-17T12:00:00+00:00,6,47.1,0,Linked live river forecast reach,233.0455686108842
MP0283_Kunuk,Kunuk,Sahodal,Ganga,Son,23.454166666666666,81.5875,440908760,4,2026-08-17T15:00:00+00:00,7,48.0,0,Linked live river forecast reach,233.0455686108842
MP0284_Chtwi,Chatwai,Sahodal,Ganga,Son,23.375,81.33611111111111,440890876,4,2026-08-10T15:00:00+00:00,0,12.1,0,Linked live river forecast reach,227.83880531561448
MP0284_Chtwi,Chatwai,Sahodal,Ganga,Son,23.375,81.33611111111111,440890876,4,2026-08-10T18:00:00+00:00,0,15.3,0,Linked live river forecast reach,227.83880531561448
MP0284_Chtwi,Chatwai,Sahodal,Ganga,Son,23.375,81.33611111111111,440890876,4,2026-08-10T21:00:00+00:00,0,17.3,0,Linked live river forecast reach,227.83880531561448
MP0284_Chtwi,Chatwai,Sahodal,Ganga,Son,23.375,81.33611111111111,440890876,4,2026-08-11T00:00:00+00:00,0,17.7,0,Linked live river forecast reach,227.83880531561448
MP0284_Chtwi,Chatwai,Sahodal,Ganga,Son,23.375,81.33611111111111,440890876,4,2026-08-11T03:00:00+00:00,0,16.4,0,Linked live river forecast reach,227.83880531561448
MP0284_Chtwi,Chatwai,Sahodal,Ganga,Son,23.375,81.33611111111111,440890876,4,2026-08-11T06:00:00+00:00,0,14.5,0,Linked live river forecast reach,227.83880531561448
MP0284_Chtwi,Chatwai,Sahodal,Ganga,Son,23.375,81.33611111111111,440890876,4,2026-08-11T09:00:00+00:00,0,13.3,0,Linked live river forecast reach,227.83880531561448
MP0284_Chtwi,Chatwai,Sahodal,Ganga,Son,23.375,81.33611111111111,440890876,4,2026-08-11T12:00:00+00:00,0,13.9,0,Linked live river forecast reach,227.83880531561448
MP0284_Chtwi,Chatwai,Sahodal,Ganga,Son,23.375,81.33611111111111,440890876,4,2026-08-11T15:00:00+00:00,1,16.1,0,Linked live river forecast reach,227.83880531561448
MP0284_Chtwi,Chatwai,Sahodal,Ganga,Son,23.375,81.33611111111111,440890876,4,2026-08-11T18:00:00+00:00,1,17.4,0,Linked live river forecast reach,227.83880531561448
MP0284_Chtwi,Chatwai,Sahodal,Ganga,Son,23.375,81.33611111111111,440890876,4,2026-08-11T21:00:00+00:00,1,17.6,0,Linked live river forecast reach,227.83880531561448
MP0284_Chtwi,Chatwai,Sahodal,Ganga,Son,23.375,81.33611111111111,440890876,4,2026-08-12T00:00:00+00:00,1,16.6,0,Linked live river forecast reach,227.83880531561448
MP0284_Chtwi,Chatwai,Sahodal,Ganga,Son,23.375,81.33611111111111,440890876,4,2026-08-12T03:00:00+00:00,1,14.3,0,Linked live river forecast reach,227.83880531561448
MP0284_Chtwi,Chatwai,Sahodal,Ganga,Son,23.375,81.33611111111111,440890876,4,2026-08-12T06:00:00+00:00,1,12.3,0,Linked live river forecast reach,227.83880531561448
MP0284_Chtwi,Chatwai,Sahodal,Ganga,Son,23.375,81.33611111111111,440890876,4,2026-08-12T09:00:00+00:00,1,11.1,0,Linked live river forecast reach,227.83880531561448
MP0284_Chtwi,Chatwai,Sahodal,Ganga,Son,23.375,81.33611111111111,440890876,4,2026-08-12T12:00:00+00:00,1,10.5,0,Linked live river forecast reach,227.83880531561448
MP0284_Chtwi,Chatwai,Sahodal,Ganga,Son,23.375,81.33611111111111,440890876,4,2026-08-12T15:00:00+00:00,2,10.5,0,Linked live river forecast reach,227.83880531561448
MP0284_Chtwi,Chatwai,Sahodal,Ganga,Son,23.375,81.33611111111111,440890876,4,2026-08-12T18:00:00+00:00,2,11.2,0,Linked live river forecast reach,227.83880531561448
MP0284_Chtwi,Chatwai,Sahodal,Ganga,Son,23.375,81.33611111111111,440890876,4,2026-08-12T21:00:00+00:00,2,11.9,0,Linked live river forecast reach,227.83880531561448
MP0284_Chtwi,Chatwai,Sahodal,Ganga,Son,23.375,81.33611111111111,440890876,4,2026-08-13T00:00:00+00:00,2,12.2,0,Linked live river forecast reach,227.83880531561448
MP0284_Chtwi,Chatwai,Sahodal,Ganga,Son,23.375,81.33611111111111,440890876,4,2026-08-13T03:00:00+00:00,2,11.7,0,Linked live river forecast reach,227.83880531561448
MP0284_Chtwi,Chatwai,Sahodal,Ganga,Son,23.375,81.33611111111111,440890876,4,2026-08-13T06:00:00+00:00,2,10.8,0,Linked live river forecast reach,227.83880531561448
MP0284_Chtwi,Chatwai,Sahodal,Ganga,Son,23.375,81.33611111111111,440890876,4,2026-08-13T09:00:00+00:00,2,10.4,0,Linked live river forecast reach,227.83880531561448
MP0284_Chtwi,Chatwai,Sahodal,Ganga,Son,23.375,81.33611111111111,440890876,4,2026-08-13T12:00:00+00:00,2,10.6,0,Linked live river forecast reach,227.83880531561448
MP0284_Chtwi,Chatwai,Sahodal,Ganga,Son,23.375,81.33611111111111,440890876,4,2026-08-13T15:00:00+00:00,3,12.8,0,Linked live river forecast reach,227.83880531561448
MP0284_Chtwi,Chatwai,Sahodal,Ganga,Son,23.375,81.33611111111111,440890876,4,2026-08-13T18:00:00+00:00,3,16.7,0,Linked live river forecast reach,227.83880531561448
MP0284_Chtwi,Chatwai,Sahodal,Ganga,Son,23.375,81.33611111111111,440890876,4,2026-08-13T21:00:00+00:00,3,18.9,0,Linked live river forecast reach,227.83880531561448
MP0284_Chtwi,Chatwai,Sahodal,Ganga,Son,23.375,81.33611111111111,440890876,4,2026-08-14T00:00:00+00:00,3,20.3,0,Linked live river forecast reach,227.83880531561448
MP0284_Chtwi,Chatwai,Sahodal,Ganga,Son,23.375,81.33611111111111,440890876,4,2026-08-14T03:00:00+00:00,3,20.2,0,Linked live river forecast reach,227.83880531561448
MP0284_Chtwi,Chatwai,Sahodal,Ganga,Son,23.375,81.33611111111111,440890876,4,2026-08-14T06:00:00+00:00,3,18.6,0,Linked live river forecast reach,227.83880531561448
MP0284_Chtwi,Chatwai,Sahodal,Ganga,Son,23.375,81.33611111111111,440890876,4,2026-08-14T09:00:00+00:00,3,17.7,0,Linked live river forecast reach,227.83880531561448
MP0284_Chtwi,Chatwai,Sahodal,Ganga,Son,23.375,81.33611111111111,440890876,4,2026-08-14T12:00:00+00:00,3,17.6,0,Linked live river forecast reach,227.83880531561448
MP0284_Chtwi,Chatwai,Sahodal,Ganga,Son,23.375,81.33611111111111,440890876,4,2026-08-14T15:00:00+00:00,4,19.7,0,Linked live river forecast reach,227.83880531561448
MP0284_Chtwi,Chatwai,Sahodal,Ganga,Son,23.375,81.33611111111111,440890876,4,2026-08-14T18:00:00+00:00,4,28.0,0,Linked live river forecast reach,227.83880531561448
MP0284_Chtwi,Chatwai,Sahodal,Ganga,Son,23.375,81.33611111111111,440890876,4,2026-08-14T21:00:00+00:00,4,38.6,0,Linked live river forecast reach,227.83880531561448
MP0284_Chtwi,Chatwai,Sahodal,Ganga,Son,23.375,81.33611111111111,440890876,4,2026-08-15T00:00:00+00:00,4,51.7,0,Linked live river forecast reach,227.83880531561448
MP0284_Chtwi,Chatwai,Sahodal,Ganga,Son,23.375,81.33611111111111,440890876,4,2026-08-15T03:00:00+00:00,4,71.6,0,Linked live river forecast reach,227.83880531561448
MP0284_Chtwi,Chatwai,Sahodal,Ganga,Son,23.375,81.33611111111111,440890876,4,2026-08-15T06:00:00+00:00,4,80.7,0,Linked live river forecast reach,227.83880531561448
MP0284_Chtwi,Chatwai,Sahodal,Ganga,Son,23.375,81.33611111111111,440890876,4,2026-08-15T09:00:00+00:00,4,85.6,0,Linked live river forecast reach,227.83880531561448
MP0284_Chtwi,Chatwai,Sahodal,Ganga,Son,23.375,81.33611111111111,440890876,4,2026-08-15T12:00:00+00:00,4,80.1,0,Linked live river forecast reach,227.83880531561448
MP0284_Chtwi,Chatwai,Sahodal,Ganga,Son,23.375,81.33611111111111,440890876,4,2026-08-15T15:00:00+00:00,5,68.8,0,Linked live river forecast reach,227.83880531561448
MP0284_Chtwi,Chatwai,Sahodal,Ganga,Son,23.375,81.33611111111111,440890876,4,2026-08-15T18:00:00+00:00,5,56.5,0,Linked live river forecast reach,227.83880531561448
MP0284_Chtwi,Chatwai,Sahodal,Ganga,Son,23.375,81.33611111111111,440890876,4,2026-08-15T21:00:00+00:00,5,47.4,0,Linked live river forecast reach,227.83880531561448
MP0284_Chtwi,Chatwai,Sahodal,Ganga,Son,23.375,81.33611111111111,440890876,4,2026-08-16T00:00:00+00:00,5,41.3,0,Linked live river forecast reach,227.83880531561448
MP0284_Chtwi,Chatwai,Sahodal,Ganga,Son,23.375,81.33611111111111,440890876,4,2026-08-16T03:00:00+00:00,5,36.6,0,Linked live river forecast reach,227.83880531561448
MP0284_Chtwi,Chatwai,Sahodal,Ganga,Son,23.375,81.33611111111111,440890876,4,2026-08-16T06:00:00+00:00,5,32.7,0,Linked live river forecast reach,227.83880531561448
MP0284_Chtwi,Chatwai,Sahodal,Ganga,Son,23.375,81.33611111111111,440890876,4,2026-08-16T09:00:00+00:00,5,30.4,0,Linked live river forecast reach,227.83880531561448
MP0284_Chtwi,Chatwai,Sahodal,Ganga,Son,23.375,81.33611111111111,440890876,4,2026-08-16T12:00:00+00:00,5,29.5,0,Linked live river forecast reach,227.83880531561448
MP0284_Chtwi,Chatwai,Sahodal,Ganga,Son,23.375,81.33611111111111,440890876,4,2026-08-16T15:00:00+00:00,6,29.1,0,Linked live river forecast reach,227.83880531561448
MP0284_Chtwi,Chatwai,Sahodal,Ganga,Son,23.375,81.33611111111111,440890876,4,2026-08-16T18:00:00+00:00,6,28.9,0,Linked live river forecast reach,227.83880531561448
MP0284_Chtwi,Chatwai,Sahodal,Ganga,Son,23.375,81.33611111111111,440890876,4,2026-08-16T21:00:00+00:00,6,29.0,0,Linked live river forecast reach,227.83880531561448
MP0284_Chtwi,Chatwai,Sahodal,Ganga,Son,23.375,81.33611111111111,440890876,4,2026-08-17T00:00:00+00:00,6,29.5,0,Linked live river forecast reach,227.83880531561448
MP0284_Chtwi,Chatwai,Sahodal,Ganga,Son,23.375,81.33611111111111,440890876,4,2026-08-17T03:00:00+00:00,6,29.4,0,Linked live river forecast reach,227.83880531561448
MP0284_Chtwi,Chatwai,Sahodal,Ganga,Son,23.375,81.33611111111111,440890876,4,2026-08-17T06:00:00+00:00,6,28.5,0,Linked live river forecast reach,227.83880531561448
MP0284_Chtwi,Chatwai,Sahodal,Ganga,Son,23.375,81.33611111111111,440890876,4,2026-08-17T09:00:00+00:00,6,27.4,0,Linked live river forecast reach,227.83880531561448
MP0284_Chtwi,Chatwai,Sahodal,Ganga,Son,23.375,81.33611111111111,440890876,4,2026-08-17T12:00:00+00:00,6,26.8,0,Linked live river forecast reach,227.83880531561448
MP0284_Chtwi,Chatwai,Sahodal,Ganga,Son,23.375,81.33611111111111,440890876,4,2026-08-17T15:00:00+00:00,7,27.3,0,Linked live river forecast reach,227.83880531561448
MP0285_Chndi,Choondi,Sahodal,Ganga,Son,23.658333333333335,81.54166666666667,440746386,3,2026-08-10T15:00:00+00:00,0,4.8,0,Linked live river forecast reach,3455.1848989004584
MP0285_Chndi,Choondi,Sahodal,Ganga,Son,23.658333333333335,81.54166666666667,440746386,3,2026-08-10T18:00:00+00:00,0,6.0,0,Linked live river forecast reach,3455.1848989004584
MP0285_Chndi,Choondi,Sahodal,Ganga,Son,23.658333333333335,81.54166666666667,440746386,3,2026-08-10T21:00:00+00:00,0,7.8,0,Linked live river forecast reach,3455.1848989004584
MP0285_Chndi,Choondi,Sahodal,Ganga,Son,23.658333333333335,81.54166666666667,440746386,3,2026-08-11T00:00:00+00:00,0,8.0,0,Linked live river forecast reach,3455.1848989004584
MP0285_Chndi,Choondi,Sahodal,Ganga,Son,23.658333333333335,81.54166666666667,440746386,3,2026-08-11T03:00:00+00:00,0,7.2,0,Linked live river forecast reach,3455.1848989004584
MP0285_Chndi,Choondi,Sahodal,Ganga,Son,23.658333333333335,81.54166666666667,440746386,3,2026-08-11T06:00:00+00:00,0,5.4,0,Linked live river forecast reach,3455.1848989004584
MP0285_Chndi,Choondi,Sahodal,Ganga,Son,23.658333333333335,81.54166666666667,440746386,3,2026-08-11T09:00:00+00:00,0,4.5,0,Linked live river forecast reach,3455.1848989004584
MP0285_Chndi,Choondi,Sahodal,Ganga,Son,23.658333333333335,81.54166666666667,440746386,3,2026-08-11T12:00:00+00:00,0,5.9,0,Linked live river forecast reach,3455.1848989004584
MP0285_Chndi,Choondi,Sahodal,Ganga,Son,23.658333333333335,81.54166666666667,440746386,3,2026-08-11T15:00:00+00:00,1,6.9,0,Linked live river forecast reach,3455.1848989004584
MP0285_Chndi,Choondi,Sahodal,Ganga,Son,23.658333333333335,81.54166666666667,440746386,3,2026-08-11T18:00:00+00:00,1,6.2,0,Linked live river forecast reach,3455.1848989004584
MP0285_Chndi,Choondi,Sahodal,Ganga,Son,23.658333333333335,81.54166666666667,440746386,3,2026-08-11T21:00:00+00:00,1,5.0,0,Linked live river forecast reach,3455.1848989004584
MP0285_Chndi,Choondi,Sahodal,Ganga,Son,23.658333333333335,81.54166666666667,440746386,3,2026-08-12T00:00:00+00:00,1,4.3,0,Linked live river forecast reach,3455.1848989004584
MP0285_Chndi,Choondi,Sahodal,Ganga,Son,23.658333333333335,81.54166666666667,440746386,3,2026-08-12T03:00:00+00:00,1,3.9,0,Linked live river forecast reach,3455.1848989004584
MP0285_Chndi,Choondi,Sahodal,Ganga,Son,23.658333333333335,81.54166666666667,440746386,3,2026-08-12T06:00:00+00:00,1,3.7,0,Linked live river forecast reach,3455.1848989004584
MP0285_Chndi,Choondi,Sahodal,Ganga,Son,23.658333333333335,81.54166666666667,440746386,3,2026-08-12T09:00:00+00:00,1,3.7,0,Linked live river forecast reach,3455.1848989004584
MP0285_Chndi,Choondi,Sahodal,Ganga,Son,23.658333333333335,81.54166666666667,440746386,3,2026-08-12T12:00:00+00:00,1,3.9,0,Linked live river forecast reach,3455.1848989004584
MP0285_Chndi,Choondi,Sahodal,Ganga,Son,23.658333333333335,81.54166666666667,440746386,3,2026-08-12T15:00:00+00:00,2,4.4,0,Linked live river forecast reach,3455.1848989004584
MP0285_Chndi,Choondi,Sahodal,Ganga,Son,23.658333333333335,81.54166666666667,440746386,3,2026-08-12T18:00:00+00:00,2,5.1,0,Linked live river forecast reach,3455.1848989004584
MP0285_Chndi,Choondi,Sahodal,Ganga,Son,23.658333333333335,81.54166666666667,440746386,3,2026-08-12T21:00:00+00:00,2,4.7,0,Linked live river forecast reach,3455.1848989004584
MP0285_Chndi,Choondi,Sahodal,Ganga,Son,23.658333333333335,81.54166666666667,440746386,3,2026-08-13T00:00:00+00:00,2,4.6,0,Linked live river forecast reach,3455.1848989004584
MP0285_Chndi,Choondi,Sahodal,Ganga,Son,23.658333333333335,81.54166666666667,440746386,3,2026-08-13T03:00:00+00:00,2,4.6,0,Linked live river forecast reach,3455.1848989004584
MP0285_Chndi,Choondi,Sahodal,Ganga,Son,23.658333333333335,81.54166666666667,440746386,3,2026-08-13T06:00:00+00:00,2,4.4,0,Linked live river forecast reach,3455.1848989004584
MP0285_Chndi,Choondi,Sahodal,Ganga,Son,23.658333333333335,81.54166666666667,440746386,3,2026-08-13T09:00:00+00:00,2,4.4,0,Linked live river forecast reach,3455.1848989004584
MP0285_Chndi,Choondi,Sahodal,Ganga,Son,23.658333333333335,81.54166666666667,440746386,3,2026-08-13T12:00:00+00:00,2,4.9,0,Linked live river forecast reach,3455.1848989004584
MP0285_Chndi,Choondi,Sahodal,Ganga,Son,23.658333333333335,81.54166666666667,440746386,3,2026-08-13T15:00:00+00:00,3,4.9,0,Linked live river forecast reach,3455.1848989004584
MP0285_Chndi,Choondi,Sahodal,Ganga,Son,23.658333333333335,81.54166666666667,440746386,3,2026-08-13T18:00:00+00:00,3,4.9,0,Linked live river forecast reach,3455.1848989004584
MP0285_Chndi,Choondi,Sahodal,Ganga,Son,23.658333333333335,81.54166666666667,440746386,3,2026-08-13T21:00:00+00:00,3,5.8,0,Linked live river forecast reach,3455.1848989004584
MP0285_Chndi,Choondi,Sahodal,Ganga,Son,23.658333333333335,81.54166666666667,440746386,3,2026-08-14T00:00:00+00:00,3,7.0,0,Linked live river forecast reach,3455.1848989004584
MP0285_Chndi,Choondi,Sahodal,Ganga,Son,23.658333333333335,81.54166666666667,440746386,3,2026-08-14T03:00:00+00:00,3,6.5,0,Linked live river forecast reach,3455.1848989004584
MP0285_Chndi,Choondi,Sahodal,Ganga,Son,23.658333333333335,81.54166666666667,440746386,3,2026-08-14T06:00:00+00:00,3,7.6,0,Linked live river forecast reach,3455.1848989004584
MP0285_Chndi,Choondi,Sahodal,Ganga,Son,23.658333333333335,81.54166666666667,440746386,3,2026-08-14T09:00:00+00:00,3,10.7,0,Linked live river forecast reach,3455.1848989004584
MP0285_Chndi,Choondi,Sahodal,Ganga,Son,23.658333333333335,81.54166666666667,440746386,3,2026-08-14T12:00:00+00:00,3,11.3,0,Linked live river forecast reach,3455.1848989004584
MP0285_Chndi,Choondi,Sahodal,Ganga,Son,23.658333333333335,81.54166666666667,440746386,3,2026-08-14T15:00:00+00:00,4,14.1,0,Linked live river forecast reach,3455.1848989004584
MP0285_Chndi,Choondi,Sahodal,Ganga,Son,23.658333333333335,81.54166666666667,440746386,3,2026-08-14T18:00:00+00:00,4,19.7,0,Linked live river forecast reach,3455.1848989004584
MP0285_Chndi,Choondi,Sahodal,Ganga,Son,23.658333333333335,81.54166666666667,440746386,3,2026-08-14T21:00:00+00:00,4,16.2,0,Linked live river forecast reach,3455.1848989004584
MP0285_Chndi,Choondi,Sahodal,Ganga,Son,23.658333333333335,81.54166666666667,440746386,3,2026-08-15T00:00:00+00:00,4,16.2,0,Linked live river forecast reach,3455.1848989004584
MP0285_Chndi,Choondi,Sahodal,Ganga,Son,23.658333333333335,81.54166666666667,440746386,3,2026-08-15T03:00:00+00:00,4,14.0,0,Linked live river forecast reach,3455.1848989004584
MP0285_Chndi,Choondi,Sahodal,Ganga,Son,23.658333333333335,81.54166666666667,440746386,3,2026-08-15T06:00:00+00:00,4,12.3,0,Linked live river forecast reach,3455.1848989004584
MP0285_Chndi,Choondi,Sahodal,Ganga,Son,23.658333333333335,81.54166666666667,440746386,3,2026-08-15T09:00:00+00:00,4,11.5,0,Linked live river forecast reach,3455.1848989004584
MP0285_Chndi,Choondi,Sahodal,Ganga,Son,23.658333333333335,81.54166666666667,440746386,3,2026-08-15T12:00:00+00:00,4,12.5,0,Linked live river forecast reach,3455.1848989004584
MP0285_Chndi,Choondi,Sahodal,Ganga,Son,23.658333333333335,81.54166666666667,440746386,3,2026-08-15T15:00:00+00:00,5,14.0,0,Linked live river forecast reach,3455.1848989004584
MP0285_Chndi,Choondi,Sahodal,Ganga,Son,23.658333333333335,81.54166666666667,440746386,3,2026-08-15T18:00:00+00:00,5,16.5,0,Linked live river forecast reach,3455.1848989004584
MP0285_Chndi,Choondi,Sahodal,Ganga,Son,23.658333333333335,81.54166666666667,440746386,3,2026-08-15T21:00:00+00:00,5,17.5,0,Linked live river forecast reach,3455.1848989004584
MP0285_Chndi,Choondi,Sahodal,Ganga,Son,23.658333333333335,81.54166666666667,440746386,3,2026-08-16T00:00:00+00:00,5,16.4,0,Linked live river forecast reach,3455.1848989004584
MP0285_Chndi,Choondi,Sahodal,Ganga,Son,23.658333333333335,81.54166666666667,440746386,3,2026-08-16T03:00:00+00:00,5,15.3,0,Linked live river forecast reach,3455.1848989004584
MP0285_Chndi,Choondi,Sahodal,Ganga,Son,23.658333333333335,81.54166666666667,440746386,3,2026-08-16T06:00:00+00:00,5,12.6,0,Linked live river forecast reach,3455.1848989004584
MP0285_Chndi,Choondi,Sahodal,Ganga,Son,23.658333333333335,81.54166666666667,440746386,3,2026-08-16T09:00:00+00:00,5,10.8,0,Linked live river forecast reach,3455.1848989004584
MP0285_Chndi,Choondi,Sahodal,Ganga,Son,23.658333333333335,81.54166666666667,440746386,3,2026-08-16T12:00:00+00:00,5,11.4,0,Linked live river forecast reach,3455.1848989004584
MP0285_Chndi,Choondi,Sahodal,Ganga,Son,23.658333333333335,81.54166666666667,440746386,3,2026-08-16T15:00:00+00:00,6,12.0,0,Linked live river forecast reach,3455.1848989004584
MP0285_Chndi,Choondi,Sahodal,Ganga,Son,23.658333333333335,81.54166666666667,440746386,3,2026-08-16T18:00:00+00:00,6,11.6,0,Linked live river forecast reach,3455.1848989004584
MP0285_Chndi,Choondi,Sahodal,Ganga,Son,23.658333333333335,81.54166666666667,440746386,3,2026-08-16T21:00:00+00:00,6,11.6,0,Linked live river forecast reach,3455.1848989004584
MP0285_Chndi,Choondi,Sahodal,Ganga,Son,23.658333333333335,81.54166666666667,440746386,3,2026-08-17T00:00:00+00:00,6,12.2,0,Linked live river forecast reach,3455.1848989004584
MP0285_Chndi,Choondi,Sahodal,Ganga,Son,23.658333333333335,81.54166666666667,440746386,3,2026-08-17T03:00:00+00:00,6,12.2,0,Linked live river forecast reach,3455.1848989004584
MP0285_Chndi,Choondi,Sahodal,Ganga,Son,23.658333333333335,81.54166666666667,440746386,3,2026-08-17T06:00:00+00:00,6,11.1,0,Linked live river forecast reach,3455.1848989004584
MP0285_Chndi,Choondi,Sahodal,Ganga,Son,23.658333333333335,81.54166666666667,440746386,3,2026-08-17T09:00:00+00:00,6,10.8,0,Linked live river forecast reach,3455.1848989004584
MP0285_Chndi,Choondi,Sahodal,Ganga,Son,23.658333333333335,81.54166666666667,440746386,3,2026-08-17T12:00:00+00:00,6,11.7,0,Linked live river forecast reach,3455.1848989004584
MP0285_Chndi,Choondi,Sahodal,Ganga,Son,23.658333333333335,81.54166666666667,440746386,3,2026-08-17T15:00:00+00:00,7,12.2,0,Linked live river forecast reach,3455.1848989004584
MP0286_Amrpr,Amarpur,Umria,Ganga,Son,23.966666666666665,80.96666666666667,440757373,2,2026-08-10T15:00:00+00:00,0,3.2,0,Linked live river forecast reach,1817.0287319024112
MP0286_Amrpr,Amarpur,Umria,Ganga,Son,23.966666666666665,80.96666666666667,440757373,2,2026-08-10T18:00:00+00:00,0,3.6,0,Linked live river forecast reach,1817.0287319024112
MP0286_Amrpr,Amarpur,Umria,Ganga,Son,23.966666666666665,80.96666666666667,440757373,2,2026-08-10T21:00:00+00:00,0,3.3,0,Linked live river forecast reach,1817.0287319024112
MP0286_Amrpr,Amarpur,Umria,Ganga,Son,23.966666666666665,80.96666666666667,440757373,2,2026-08-11T00:00:00+00:00,0,2.9,0,Linked live river forecast reach,1817.0287319024112
MP0286_Amrpr,Amarpur,Umria,Ganga,Son,23.966666666666665,80.96666666666667,440757373,2,2026-08-11T03:00:00+00:00,0,2.7,0,Linked live river forecast reach,1817.0287319024112
MP0286_Amrpr,Amarpur,Umria,Ganga,Son,23.966666666666665,80.96666666666667,440757373,2,2026-08-11T06:00:00+00:00,0,2.5,0,Linked live river forecast reach,1817.0287319024112
MP0286_Amrpr,Amarpur,Umria,Ganga,Son,23.966666666666665,80.96666666666667,440757373,2,2026-08-11T09:00:00+00:00,0,2.6,0,Linked live river forecast reach,1817.0287319024112
MP0286_Amrpr,Amarpur,Umria,Ganga,Son,23.966666666666665,80.96666666666667,440757373,2,2026-08-11T12:00:00+00:00,0,3.3,0,Linked live river forecast reach,1817.0287319024112
MP0286_Amrpr,Amarpur,Umria,Ganga,Son,23.966666666666665,80.96666666666667,440757373,2,2026-08-11T15:00:00+00:00,1,3.4,0,Linked live river forecast reach,1817.0287319024112
MP0286_Amrpr,Amarpur,Umria,Ganga,Son,23.966666666666665,80.96666666666667,440757373,2,2026-08-11T18:00:00+00:00,1,2.9,0,Linked live river forecast reach,1817.0287319024112
MP0286_Amrpr,Amarpur,Umria,Ganga,Son,23.966666666666665,80.96666666666667,440757373,2,2026-08-11T21:00:00+00:00,1,2.6,0,Linked live river forecast reach,1817.0287319024112
MP0286_Amrpr,Amarpur,Umria,Ganga,Son,23.966666666666665,80.96666666666667,440757373,2,2026-08-12T00:00:00+00:00,1,2.5,0,Linked live river forecast reach,1817.0287319024112
MP0286_Amrpr,Amarpur,Umria,Ganga,Son,23.966666666666665,80.96666666666667,440757373,2,2026-08-12T03:00:00+00:00,1,2.4,0,Linked live river forecast reach,1817.0287319024112
MP0286_Amrpr,Amarpur,Umria,Ganga,Son,23.966666666666665,80.96666666666667,440757373,2,2026-08-12T06:00:00+00:00,1,2.4,0,Linked live river forecast reach,1817.0287319024112
MP0286_Amrpr,Amarpur,Umria,Ganga,Son,23.966666666666665,80.96666666666667,440757373,2,2026-08-12T09:00:00+00:00,1,2.4,0,Linked live river forecast reach,1817.0287319024112
MP0286_Amrpr,Amarpur,Umria,Ganga,Son,23.966666666666665,80.96666666666667,440757373,2,2026-08-12T12:00:00+00:00,1,2.5,0,Linked live river forecast reach,1817.0287319024112
MP0286_Amrpr,Amarpur,Umria,Ganga,Son,23.966666666666665,80.96666666666667,440757373,2,2026-08-12T15:00:00+00:00,2,2.8,0,Linked live river forecast reach,1817.0287319024112
MP0286_Amrpr,Amarpur,Umria,Ganga,Son,23.966666666666665,80.96666666666667,440757373,2,2026-08-12T18:00:00+00:00,2,2.7,0,Linked live river forecast reach,1817.0287319024112
MP0286_Amrpr,Amarpur,Umria,Ganga,Son,23.966666666666665,80.96666666666667,440757373,2,2026-08-12T21:00:00+00:00,2,2.5,0,Linked live river forecast reach,1817.0287319024112
MP0286_Amrpr,Amarpur,Umria,Ganga,Son,23.966666666666665,80.96666666666667,440757373,2,2026-08-13T00:00:00+00:00,2,2.5,0,Linked live river forecast reach,1817.0287319024112
MP0286_Amrpr,Amarpur,Umria,Ganga,Son,23.966666666666665,80.96666666666667,440757373,2,2026-08-13T03:00:00+00:00,2,2.5,0,Linked live river forecast reach,1817.0287319024112
MP0286_Amrpr,Amarpur,Umria,Ganga,Son,23.966666666666665,80.96666666666667,440757373,2,2026-08-13T06:00:00+00:00,2,2.4,0,Linked live river forecast reach,1817.0287319024112
MP0286_Amrpr,Amarpur,Umria,Ganga,Son,23.966666666666665,80.96666666666667,440757373,2,2026-08-13T09:00:00+00:00,2,2.4,0,Linked live river forecast reach,1817.0287319024112
MP0286_Amrpr,Amarpur,Umria,Ganga,Son,23.966666666666665,80.96666666666667,440757373,2,2026-08-13T12:00:00+00:00,2,2.7,0,Linked live river forecast reach,1817.0287319024112
MP0286_Amrpr,Amarpur,Umria,Ganga,Son,23.966666666666665,80.96666666666667,440757373,2,2026-08-13T15:00:00+00:00,3,3.2,0,Linked live river forecast reach,1817.0287319024112
MP0286_Amrpr,Amarpur,Umria,Ganga,Son,23.966666666666665,80.96666666666667,440757373,2,2026-08-13T18:00:00+00:00,3,3.4,0,Linked live river forecast reach,1817.0287319024112
MP0286_Amrpr,Amarpur,Umria,Ganga,Son,23.966666666666665,80.96666666666667,440757373,2,2026-08-13T21:00:00+00:00,3,3.5,0,Linked live river forecast reach,1817.0287319024112
MP0286_Amrpr,Amarpur,Umria,Ganga,Son,23.966666666666665,80.96666666666667,440757373,2,2026-08-14T00:00:00+00:00,3,4.1,0,Linked live river forecast reach,1817.0287319024112
MP0286_Amrpr,Amarpur,Umria,Ganga,Son,23.966666666666665,80.96666666666667,440757373,2,2026-08-14T03:00:00+00:00,3,5.9,0,Linked live river forecast reach,1817.0287319024112
MP0286_Amrpr,Amarpur,Umria,Ganga,Son,23.966666666666665,80.96666666666667,440757373,2,2026-08-14T06:00:00+00:00,3,5.8,0,Linked live river forecast reach,1817.0287319024112
MP0286_Amrpr,Amarpur,Umria,Ganga,Son,23.966666666666665,80.96666666666667,440757373,2,2026-08-14T09:00:00+00:00,3,4.7,0,Linked live river forecast reach,1817.0287319024112
MP0286_Amrpr,Amarpur,Umria,Ganga,Son,23.966666666666665,80.96666666666667,440757373,2,2026-08-14T12:00:00+00:00,3,10.1,0,Linked live river forecast reach,1817.0287319024112
MP0286_Amrpr,Amarpur,Umria,Ganga,Son,23.966666666666665,80.96666666666667,440757373,2,2026-08-14T15:00:00+00:00,4,13.1,0,Linked live river forecast reach,1817.0287319024112
MP0286_Amrpr,Amarpur,Umria,Ganga,Son,23.966666666666665,80.96666666666667,440757373,2,2026-08-14T18:00:00+00:00,4,10.1,0,Linked live river forecast reach,1817.0287319024112
MP0286_Amrpr,Amarpur,Umria,Ganga,Son,23.966666666666665,80.96666666666667,440757373,2,2026-08-14T21:00:00+00:00,4,7.6,0,Linked live river forecast reach,1817.0287319024112
MP0286_Amrpr,Amarpur,Umria,Ganga,Son,23.966666666666665,80.96666666666667,440757373,2,2026-08-15T00:00:00+00:00,4,7.2,0,Linked live river forecast reach,1817.0287319024112
MP0286_Amrpr,Amarpur,Umria,Ganga,Son,23.966666666666665,80.96666666666667,440757373,2,2026-08-15T03:00:00+00:00,4,6.9,0,Linked live river forecast reach,1817.0287319024112
MP0286_Amrpr,Amarpur,Umria,Ganga,Son,23.966666666666665,80.96666666666667,440757373,2,2026-08-15T06:00:00+00:00,4,6.5,0,Linked live river forecast reach,1817.0287319024112
MP0286_Amrpr,Amarpur,Umria,Ganga,Son,23.966666666666665,80.96666666666667,440757373,2,2026-08-15T09:00:00+00:00,4,6.0,0,Linked live river forecast reach,1817.0287319024112
MP0286_Amrpr,Amarpur,Umria,Ganga,Son,23.966666666666665,80.96666666666667,440757373,2,2026-08-15T12:00:00+00:00,4,5.6,0,Linked live river forecast reach,1817.0287319024112
MP0286_Amrpr,Amarpur,Umria,Ganga,Son,23.966666666666665,80.96666666666667,440757373,2,2026-08-15T15:00:00+00:00,5,5.9,0,Linked live river forecast reach,1817.0287319024112
MP0286_Amrpr,Amarpur,Umria,Ganga,Son,23.966666666666665,80.96666666666667,440757373,2,2026-08-15T18:00:00+00:00,5,6.3,0,Linked live river forecast reach,1817.0287319024112
MP0286_Amrpr,Amarpur,Umria,Ganga,Son,23.966666666666665,80.96666666666667,440757373,2,2026-08-15T21:00:00+00:00,5,5.7,0,Linked live river forecast reach,1817.0287319024112
MP0286_Amrpr,Amarpur,Umria,Ganga,Son,23.966666666666665,80.96666666666667,440757373,2,2026-08-16T00:00:00+00:00,5,5.1,0,Linked live river forecast reach,1817.0287319024112
MP0286_Amrpr,Amarpur,Umria,Ganga,Son,23.966666666666665,80.96666666666667,440757373,2,2026-08-16T03:00:00+00:00,5,4.7,0,Linked live river forecast reach,1817.0287319024112
MP0286_Amrpr,Amarpur,Umria,Ganga,Son,23.966666666666665,80.96666666666667,440757373,2,2026-08-16T06:00:00+00:00,5,4.4,0,Linked live river forecast reach,1817.0287319024112
MP0286_Amrpr,Amarpur,Umria,Ganga,Son,23.966666666666665,80.96666666666667,440757373,2,2026-08-16T09:00:00+00:00,5,4.9,0,Linked live river forecast reach,1817.0287319024112
MP0286_Amrpr,Amarpur,Umria,Ganga,Son,23.966666666666665,80.96666666666667,440757373,2,2026-08-16T12:00:00+00:00,5,5.4,0,Linked live river forecast reach,1817.0287319024112
MP0286_Amrpr,Amarpur,Umria,Ganga,Son,23.966666666666665,80.96666666666667,440757373,2,2026-08-16T15:00:00+00:00,6,5.8,0,Linked live river forecast reach,1817.0287319024112
MP0286_Amrpr,Amarpur,Umria,Ganga,Son,23.966666666666665,80.96666666666667,440757373,2,2026-08-16T18:00:00+00:00,6,6.0,0,Linked live river forecast reach,1817.0287319024112
MP0286_Amrpr,Amarpur,Umria,Ganga,Son,23.966666666666665,80.96666666666667,440757373,2,2026-08-16T21:00:00+00:00,6,6.5,0,Linked live river forecast reach,1817.0287319024112
MP0286_Amrpr,Amarpur,Umria,Ganga,Son,23.966666666666665,80.96666666666667,440757373,2,2026-08-17T00:00:00+00:00,6,6.9,0,Linked live river forecast reach,1817.0287319024112
MP0286_Amrpr,Amarpur,Umria,Ganga,Son,23.966666666666665,80.96666666666667,440757373,2,2026-08-17T03:00:00+00:00,6,6.2,0,Linked live river forecast reach,1817.0287319024112
MP0286_Amrpr,Amarpur,Umria,Ganga,Son,23.966666666666665,80.96666666666667,440757373,2,2026-08-17T06:00:00+00:00,6,5.5,0,Linked live river forecast reach,1817.0287319024112
MP0286_Amrpr,Amarpur,Umria,Ganga,Son,23.966666666666665,80.96666666666667,440757373,2,2026-08-17T09:00:00+00:00,6,6.2,0,Linked live river forecast reach,1817.0287319024112
MP0286_Amrpr,Amarpur,Umria,Ganga,Son,23.966666666666665,80.96666666666667,440757373,2,2026-08-17T12:00:00+00:00,6,6.9,0,Linked live river forecast reach,1817.0287319024112
MP0286_Amrpr,Amarpur,Umria,Ganga,Son,23.966666666666665,80.96666666666667,440757373,2,2026-08-17T15:00:00+00:00,7,6.1,0,Linked live river forecast reach,1817.0287319024112
MP0286_Bhdra,Bhadora,Katni,Ganga,Son,23.86861111111111,80.65027777777777,441014695,5,2026-08-10T15:00:00+00:00,0,201.2,0,Linked live river forecast reach,31.648659909241353
MP0286_Bhdra,Bhadora,Katni,Ganga,Son,23.86861111111111,80.65027777777777,441014695,5,2026-08-10T18:00:00+00:00,0,216.3,0,Linked live river forecast reach,31.648659909241353
MP0286_Bhdra,Bhadora,Katni,Ganga,Son,23.86861111111111,80.65027777777777,441014695,5,2026-08-10T21:00:00+00:00,0,232.0,0,Linked live river forecast reach,31.648659909241353
MP0286_Bhdra,Bhadora,Katni,Ganga,Son,23.86861111111111,80.65027777777777,441014695,5,2026-08-11T00:00:00+00:00,0,256.0,0,Linked live river forecast reach,31.648659909241353
MP0286_Bhdra,Bhadora,Katni,Ganga,Son,23.86861111111111,80.65027777777777,441014695,5,2026-08-11T03:00:00+00:00,0,275.5,0,Linked live river forecast reach,31.648659909241353
MP0286_Bhdra,Bhadora,Katni,Ganga,Son,23.86861111111111,80.65027777777777,441014695,5,2026-08-11T06:00:00+00:00,0,284.5,0,Linked live river forecast reach,31.648659909241353
MP0286_Bhdra,Bhadora,Katni,Ganga,Son,23.86861111111111,80.65027777777777,441014695,5,2026-08-11T09:00:00+00:00,0,288.8,0,Linked live river forecast reach,31.648659909241353
MP0286_Bhdra,Bhadora,Katni,Ganga,Son,23.86861111111111,80.65027777777777,441014695,5,2026-08-11T12:00:00+00:00,0,290.6,0,Linked live river forecast reach,31.648659909241353
MP0286_Bhdra,Bhadora,Katni,Ganga,Son,23.86861111111111,80.65027777777777,441014695,5,2026-08-11T15:00:00+00:00,1,290.0,0,Linked live river forecast reach,31.648659909241353
MP0286_Bhdra,Bhadora,Katni,Ganga,Son,23.86861111111111,80.65027777777777,441014695,5,2026-08-11T18:00:00+00:00,1,288.2,0,Linked live river forecast reach,31.648659909241353
MP0286_Bhdra,Bhadora,Katni,Ganga,Son,23.86861111111111,80.65027777777777,441014695,5,2026-08-11T21:00:00+00:00,1,284.6,0,Linked live river forecast reach,31.648659909241353
MP0286_Bhdra,Bhadora,Katni,Ganga,Son,23.86861111111111,80.65027777777777,441014695,5,2026-08-12T00:00:00+00:00,1,275.7,0,Linked live river forecast reach,31.648659909241353
MP0286_Bhdra,Bhadora,Katni,Ganga,Son,23.86861111111111,80.65027777777777,441014695,5,2026-08-12T03:00:00+00:00,1,263.0,0,Linked live river forecast reach,31.648659909241353
MP0286_Bhdra,Bhadora,Katni,Ganga,Son,23.86861111111111,80.65027777777777,441014695,5,2026-08-12T06:00:00+00:00,1,251.3,0,Linked live river forecast reach,31.648659909241353
MP0286_Bhdra,Bhadora,Katni,Ganga,Son,23.86861111111111,80.65027777777777,441014695,5,2026-08-12T09:00:00+00:00,1,242.6,0,Linked live river forecast reach,31.648659909241353
MP0286_Bhdra,Bhadora,Katni,Ganga,Son,23.86861111111111,80.65027777777777,441014695,5,2026-08-12T12:00:00+00:00,1,237.7,0,Linked live river forecast reach,31.648659909241353
MP0286_Bhdra,Bhadora,Katni,Ganga,Son,23.86861111111111,80.65027777777777,441014695,5,2026-08-12T15:00:00+00:00,2,235.9,0,Linked live river forecast reach,31.648659909241353
MP0286_Bhdra,Bhadora,Katni,Ganga,Son,23.86861111111111,80.65027777777777,441014695,5,2026-08-12T18:00:00+00:00,2,233.6,0,Linked live river forecast reach,31.648659909241353
MP0286_Bhdra,Bhadora,Katni,Ganga,Son,23.86861111111111,80.65027777777777,441014695,5,2026-08-12T21:00:00+00:00,2,230.2,0,Linked live river forecast reach,31.648659909241353
MP0286_Bhdra,Bhadora,Katni,Ganga,Son,23.86861111111111,80.65027777777777,441014695,5,2026-08-13T00:00:00+00:00,2,227.3,0,Linked live river forecast reach,31.648659909241353
MP0286_Bhdra,Bhadora,Katni,Ganga,Son,23.86861111111111,80.65027777777777,441014695,5,2026-08-13T03:00:00+00:00,2,221.5,0,Linked live river forecast reach,31.648659909241353
MP0286_Bhdra,Bhadora,Katni,Ganga,Son,23.86861111111111,80.65027777777777,441014695,5,2026-08-13T06:00:00+00:00,2,216.1,0,Linked live river forecast reach,31.648659909241353
MP0286_Bhdra,Bhadora,Katni,Ganga,Son,23.86861111111111,80.65027777777777,441014695,5,2026-08-13T09:00:00+00:00,2,209.7,0,Linked live river forecast reach,31.648659909241353
MP0286_Bhdra,Bhadora,Katni,Ganga,Son,23.86861111111111,80.65027777777777,441014695,5,2026-08-13T12:00:00+00:00,2,204.1,0,Linked live river forecast reach,31.648659909241353
MP0286_Bhdra,Bhadora,Katni,Ganga,Son,23.86861111111111,80.65027777777777,441014695,5,2026-08-13T15:00:00+00:00,3,203.4,0,Linked live river forecast reach,31.648659909241353
MP0286_Bhdra,Bhadora,Katni,Ganga,Son,23.86861111111111,80.65027777777777,441014695,5,2026-08-13T18:00:00+00:00,3,203.8,0,Linked live river forecast reach,31.648659909241353
MP0286_Bhdra,Bhadora,Katni,Ganga,Son,23.86861111111111,80.65027777777777,441014695,5,2026-08-13T21:00:00+00:00,3,202.6,0,Linked live river forecast reach,31.648659909241353
MP0286_Bhdra,Bhadora,Katni,Ganga,Son,23.86861111111111,80.65027777777777,441014695,5,2026-08-14T00:00:00+00:00,3,201.6,0,Linked live river forecast reach,31.648659909241353
MP0286_Bhdra,Bhadora,Katni,Ganga,Son,23.86861111111111,80.65027777777777,441014695,5,2026-08-14T03:00:00+00:00,3,202.7,0,Linked live river forecast reach,31.648659909241353
MP0286_Bhdra,Bhadora,Katni,Ganga,Son,23.86861111111111,80.65027777777777,441014695,5,2026-08-14T06:00:00+00:00,3,203.7,0,Linked live river forecast reach,31.648659909241353
MP0286_Bhdra,Bhadora,Katni,Ganga,Son,23.86861111111111,80.65027777777777,441014695,5,2026-08-14T09:00:00+00:00,3,201.7,0,Linked live river forecast reach,31.648659909241353
MP0286_Bhdra,Bhadora,Katni,Ganga,Son,23.86861111111111,80.65027777777777,441014695,5,2026-08-14T12:00:00+00:00,3,194.9,0,Linked live river forecast reach,31.648659909241353
MP0286_Bhdra,Bhadora,Katni,Ganga,Son,23.86861111111111,80.65027777777777,441014695,5,2026-08-14T15:00:00+00:00,4,184.1,0,Linked live river forecast reach,31.648659909241353
MP0286_Bhdra,Bhadora,Katni,Ganga,Son,23.86861111111111,80.65027777777777,441014695,5,2026-08-14T18:00:00+00:00,4,171.5,0,Linked live river forecast reach,31.648659909241353
MP0286_Bhdra,Bhadora,Katni,Ganga,Son,23.86861111111111,80.65027777777777,441014695,5,2026-08-14T21:00:00+00:00,4,159.5,0,Linked live river forecast reach,31.648659909241353
MP0286_Bhdra,Bhadora,Katni,Ganga,Son,23.86861111111111,80.65027777777777,441014695,5,2026-08-15T00:00:00+00:00,4,149.5,0,Linked live river forecast reach,31.648659909241353
MP0286_Bhdra,Bhadora,Katni,Ganga,Son,23.86861111111111,80.65027777777777,441014695,5,2026-08-15T03:00:00+00:00,4,141.5,0,Linked live river forecast reach,31.648659909241353
MP0286_Bhdra,Bhadora,Katni,Ganga,Son,23.86861111111111,80.65027777777777,441014695,5,2026-08-15T06:00:00+00:00,4,136.1,0,Linked live river forecast reach,31.648659909241353
MP0286_Bhdra,Bhadora,Katni,Ganga,Son,23.86861111111111,80.65027777777777,441014695,5,2026-08-15T09:00:00+00:00,4,133.4,0,Linked live river forecast reach,31.648659909241353
MP0286_Bhdra,Bhadora,Katni,Ganga,Son,23.86861111111111,80.65027777777777,441014695,5,2026-08-15T12:00:00+00:00,4,133.1,0,Linked live river forecast reach,31.648659909241353
MP0286_Bhdra,Bhadora,Katni,Ganga,Son,23.86861111111111,80.65027777777777,441014695,5,2026-08-15T15:00:00+00:00,5,134.5,0,Linked live river forecast reach,31.648659909241353
MP0286_Bhdra,Bhadora,Katni,Ganga,Son,23.86861111111111,80.65027777777777,441014695,5,2026-08-15T18:00:00+00:00,5,137.1,0,Linked live river forecast reach,31.648659909241353
MP0286_Bhdra,Bhadora,Katni,Ganga,Son,23.86861111111111,80.65027777777777,441014695,5,2026-08-15T21:00:00+00:00,5,142.2,0,Linked live river forecast reach,31.648659909241353
MP0286_Bhdra,Bhadora,Katni,Ganga,Son,23.86861111111111,80.65027777777777,441014695,5,2026-08-16T00:00:00+00:00,5,149.0,0,Linked live river forecast reach,31.648659909241353
MP0286_Bhdra,Bhadora,Katni,Ganga,Son,23.86861111111111,80.65027777777777,441014695,5,2026-08-16T03:00:00+00:00,5,158.4,0,Linked live river forecast reach,31.648659909241353
MP0286_Bhdra,Bhadora,Katni,Ganga,Son,23.86861111111111,80.65027777777777,441014695,5,2026-08-16T06:00:00+00:00,5,173.9,0,Linked live river forecast reach,31.648659909241353
MP0286_Bhdra,Bhadora,Katni,Ganga,Son,23.86861111111111,80.65027777777777,441014695,5,2026-08-16T09:00:00+00:00,5,190.6,0,Linked live river forecast reach,31.648659909241353
MP0286_Bhdra,Bhadora,Katni,Ganga,Son,23.86861111111111,80.65027777777777,441014695,5,2026-08-16T12:00:00+00:00,5,204.4,0,Linked live river forecast reach,31.648659909241353
MP0286_Bhdra,Bhadora,Katni,Ganga,Son,23.86861111111111,80.65027777777777,441014695,5,2026-08-16T15:00:00+00:00,6,221.2,0,Linked live river forecast reach,31.648659909241353
MP0286_Bhdra,Bhadora,Katni,Ganga,Son,23.86861111111111,80.65027777777777,441014695,5,2026-08-16T18:00:00+00:00,6,242.7,0,Linked live river forecast reach,31.648659909241353
MP0286_Bhdra,Bhadora,Katni,Ganga,Son,23.86861111111111,80.65027777777777,441014695,5,2026-08-16T21:00:00+00:00,6,263.2,0,Linked live river forecast reach,31.648659909241353
MP0286_Bhdra,Bhadora,Katni,Ganga,Son,23.86861111111111,80.65027777777777,441014695,5,2026-08-17T00:00:00+00:00,6,277.0,0,Linked live river forecast reach,31.648659909241353
MP0286_Bhdra,Bhadora,Katni,Ganga,Son,23.86861111111111,80.65027777777777,441014695,5,2026-08-17T03:00:00+00:00,6,282.9,0,Linked live river forecast reach,31.648659909241353
MP0286_Bhdra,Bhadora,Katni,Ganga,Son,23.86861111111111,80.65027777777777,441014695,5,2026-08-17T06:00:00+00:00,6,284.7,0,Linked live river forecast reach,31.648659909241353
MP0286_Bhdra,Bhadora,Katni,Ganga,Son,23.86861111111111,80.65027777777777,441014695,5,2026-08-17T09:00:00+00:00,6,281.9,0,Linked live river forecast reach,31.648659909241353
MP0286_Bhdra,Bhadora,Katni,Ganga,Son,23.86861111111111,80.65027777777777,441014695,5,2026-08-17T12:00:00+00:00,6,274.1,0,Linked live river forecast reach,31.648659909241353
MP0286_Bhdra,Bhadora,Katni,Ganga,Son,23.86861111111111,80.65027777777777,441014695,5,2026-08-17T15:00:00+00:00,7,265.2,0,Linked live river forecast reach,31.648659909241353
MP0286_Ghtkw,Ghatkhirawa,Katni,Ganga,Son,23.870833333333334,80.42194444444445,440958279,4,2026-08-10T15:00:00+00:00,0,34.1,0,Linked live river forecast reach,101.6407889357382
MP0286_Ghtkw,Ghatkhirawa,Katni,Ganga,Son,23.870833333333334,80.42194444444445,440958279,4,2026-08-10T18:00:00+00:00,0,28.8,0,Linked live river forecast reach,101.6407889357382
MP0286_Ghtkw,Ghatkhirawa,Katni,Ganga,Son,23.870833333333334,80.42194444444445,440958279,4,2026-08-10T21:00:00+00:00,0,23.4,0,Linked live river forecast reach,101.6407889357382
MP0286_Ghtkw,Ghatkhirawa,Katni,Ganga,Son,23.870833333333334,80.42194444444445,440958279,4,2026-08-11T00:00:00+00:00,0,20.0,0,Linked live river forecast reach,101.6407889357382
MP0286_Ghtkw,Ghatkhirawa,Katni,Ganga,Son,23.870833333333334,80.42194444444445,440958279,4,2026-08-11T03:00:00+00:00,0,19.8,0,Linked live river forecast reach,101.6407889357382
MP0286_Ghtkw,Ghatkhirawa,Katni,Ganga,Son,23.870833333333334,80.42194444444445,440958279,4,2026-08-11T06:00:00+00:00,0,21.3,0,Linked live river forecast reach,101.6407889357382
MP0286_Ghtkw,Ghatkhirawa,Katni,Ganga,Son,23.870833333333334,80.42194444444445,440958279,4,2026-08-11T09:00:00+00:00,0,23.1,0,Linked live river forecast reach,101.6407889357382
MP0286_Ghtkw,Ghatkhirawa,Katni,Ganga,Son,23.870833333333334,80.42194444444445,440958279,4,2026-08-11T12:00:00+00:00,0,26.1,0,Linked live river forecast reach,101.6407889357382
MP0286_Ghtkw,Ghatkhirawa,Katni,Ganga,Son,23.870833333333334,80.42194444444445,440958279,4,2026-08-11T15:00:00+00:00,1,29.7,0,Linked live river forecast reach,101.6407889357382
MP0286_Ghtkw,Ghatkhirawa,Katni,Ganga,Son,23.870833333333334,80.42194444444445,440958279,4,2026-08-11T18:00:00+00:00,1,31.4,0,Linked live river forecast reach,101.6407889357382
MP0286_Ghtkw,Ghatkhirawa,Katni,Ganga,Son,23.870833333333334,80.42194444444445,440958279,4,2026-08-11T21:00:00+00:00,1,31.0,0,Linked live river forecast reach,101.6407889357382
MP0286_Ghtkw,Ghatkhirawa,Katni,Ganga,Son,23.870833333333334,80.42194444444445,440958279,4,2026-08-12T00:00:00+00:00,1,30.7,0,Linked live river forecast reach,101.6407889357382
MP0286_Ghtkw,Ghatkhirawa,Katni,Ganga,Son,23.870833333333334,80.42194444444445,440958279,4,2026-08-12T03:00:00+00:00,1,29.8,0,Linked live river forecast reach,101.6407889357382
MP0286_Ghtkw,Ghatkhirawa,Katni,Ganga,Son,23.870833333333334,80.42194444444445,440958279,4,2026-08-12T06:00:00+00:00,1,27.0,0,Linked live river forecast reach,101.6407889357382
MP0286_Ghtkw,Ghatkhirawa,Katni,Ganga,Son,23.870833333333334,80.42194444444445,440958279,4,2026-08-12T09:00:00+00:00,1,23.8,0,Linked live river forecast reach,101.6407889357382
MP0286_Ghtkw,Ghatkhirawa,Katni,Ganga,Son,23.870833333333334,80.42194444444445,440958279,4,2026-08-12T12:00:00+00:00,1,21.0,0,Linked live river forecast reach,101.6407889357382
MP0286_Ghtkw,Ghatkhirawa,Katni,Ganga,Son,23.870833333333334,80.42194444444445,440958279,4,2026-08-12T15:00:00+00:00,2,18.6,0,Linked live river forecast reach,101.6407889357382
MP0286_Ghtkw,Ghatkhirawa,Katni,Ganga,Son,23.870833333333334,80.42194444444445,440958279,4,2026-08-12T18:00:00+00:00,2,17.2,0,Linked live river forecast reach,101.6407889357382
MP0286_Ghtkw,Ghatkhirawa,Katni,Ganga,Son,23.870833333333334,80.42194444444445,440958279,4,2026-08-12T21:00:00+00:00,2,16.4,0,Linked live river forecast reach,101.6407889357382
MP0286_Ghtkw,Ghatkhirawa,Katni,Ganga,Son,23.870833333333334,80.42194444444445,440958279,4,2026-08-13T00:00:00+00:00,2,15.9,0,Linked live river forecast reach,101.6407889357382
MP0286_Ghtkw,Ghatkhirawa,Katni,Ganga,Son,23.870833333333334,80.42194444444445,440958279,4,2026-08-13T03:00:00+00:00,2,15.7,0,Linked live river forecast reach,101.6407889357382
MP0286_Ghtkw,Ghatkhirawa,Katni,Ganga,Son,23.870833333333334,80.42194444444445,440958279,4,2026-08-13T06:00:00+00:00,2,15.6,0,Linked live river forecast reach,101.6407889357382
MP0286_Ghtkw,Ghatkhirawa,Katni,Ganga,Son,23.870833333333334,80.42194444444445,440958279,4,2026-08-13T09:00:00+00:00,2,15.4,0,Linked live river forecast reach,101.6407889357382
MP0286_Ghtkw,Ghatkhirawa,Katni,Ganga,Son,23.870833333333334,80.42194444444445,440958279,4,2026-08-13T12:00:00+00:00,2,15.8,0,Linked live river forecast reach,101.6407889357382
MP0286_Ghtkw,Ghatkhirawa,Katni,Ganga,Son,23.870833333333334,80.42194444444445,440958279,4,2026-08-13T15:00:00+00:00,3,17.2,0,Linked live river forecast reach,101.6407889357382
MP0286_Ghtkw,Ghatkhirawa,Katni,Ganga,Son,23.870833333333334,80.42194444444445,440958279,4,2026-08-13T18:00:00+00:00,3,19.0,0,Linked live river forecast reach,101.6407889357382
MP0286_Ghtkw,Ghatkhirawa,Katni,Ganga,Son,23.870833333333334,80.42194444444445,440958279,4,2026-08-13T21:00:00+00:00,3,20.9,0,Linked live river forecast reach,101.6407889357382
MP0286_Ghtkw,Ghatkhirawa,Katni,Ganga,Son,23.870833333333334,80.42194444444445,440958279,4,2026-08-14T00:00:00+00:00,3,23.0,0,Linked live river forecast reach,101.6407889357382
MP0286_Ghtkw,Ghatkhirawa,Katni,Ganga,Son,23.870833333333334,80.42194444444445,440958279,4,2026-08-14T03:00:00+00:00,3,26.1,0,Linked live river forecast reach,101.6407889357382
MP0286_Ghtkw,Ghatkhirawa,Katni,Ganga,Son,23.870833333333334,80.42194444444445,440958279,4,2026-08-14T06:00:00+00:00,3,28.7,0,Linked live river forecast reach,101.6407889357382
MP0286_Ghtkw,Ghatkhirawa,Katni,Ganga,Son,23.870833333333334,80.42194444444445,440958279,4,2026-08-14T09:00:00+00:00,3,29.9,0,Linked live river forecast reach,101.6407889357382
MP0286_Ghtkw,Ghatkhirawa,Katni,Ganga,Son,23.870833333333334,80.42194444444445,440958279,4,2026-08-14T12:00:00+00:00,3,33.0,0,Linked live river forecast reach,101.6407889357382
MP0286_Ghtkw,Ghatkhirawa,Katni,Ganga,Son,23.870833333333334,80.42194444444445,440958279,4,2026-08-14T15:00:00+00:00,4,37.8,0,Linked live river forecast reach,101.6407889357382
MP0286_Ghtkw,Ghatkhirawa,Katni,Ganga,Son,23.870833333333334,80.42194444444445,440958279,4,2026-08-14T18:00:00+00:00,4,43.2,0,Linked live river forecast reach,101.6407889357382
MP0286_Ghtkw,Ghatkhirawa,Katni,Ganga,Son,23.870833333333334,80.42194444444445,440958279,4,2026-08-14T21:00:00+00:00,4,49.0,0,Linked live river forecast reach,101.6407889357382
MP0286_Ghtkw,Ghatkhirawa,Katni,Ganga,Son,23.870833333333334,80.42194444444445,440958279,4,2026-08-15T00:00:00+00:00,4,54.4,0,Linked live river forecast reach,101.6407889357382
MP0286_Ghtkw,Ghatkhirawa,Katni,Ganga,Son,23.870833333333334,80.42194444444445,440958279,4,2026-08-15T03:00:00+00:00,4,60.7,0,Linked live river forecast reach,101.6407889357382
MP0286_Ghtkw,Ghatkhirawa,Katni,Ganga,Son,23.870833333333334,80.42194444444445,440958279,4,2026-08-15T06:00:00+00:00,4,65.2,0,Linked live river forecast reach,101.6407889357382
MP0286_Ghtkw,Ghatkhirawa,Katni,Ganga,Son,23.870833333333334,80.42194444444445,440958279,4,2026-08-15T09:00:00+00:00,4,70.4,0,Linked live river forecast reach,101.6407889357382
MP0286_Ghtkw,Ghatkhirawa,Katni,Ganga,Son,23.870833333333334,80.42194444444445,440958279,4,2026-08-15T12:00:00+00:00,4,78.5,0,Linked live river forecast reach,101.6407889357382
MP0286_Ghtkw,Ghatkhirawa,Katni,Ganga,Son,23.870833333333334,80.42194444444445,440958279,4,2026-08-15T15:00:00+00:00,5,89.4,0,Linked live river forecast reach,101.6407889357382
MP0286_Ghtkw,Ghatkhirawa,Katni,Ganga,Son,23.870833333333334,80.42194444444445,440958279,4,2026-08-15T18:00:00+00:00,5,104.2,0,Linked live river forecast reach,101.6407889357382
MP0286_Ghtkw,Ghatkhirawa,Katni,Ganga,Son,23.870833333333334,80.42194444444445,440958279,4,2026-08-15T21:00:00+00:00,5,116.2,0,Linked live river forecast reach,101.6407889357382
MP0286_Ghtkw,Ghatkhirawa,Katni,Ganga,Son,23.870833333333334,80.42194444444445,440958279,4,2026-08-16T00:00:00+00:00,5,125.7,0,Linked live river forecast reach,101.6407889357382
MP0286_Ghtkw,Ghatkhirawa,Katni,Ganga,Son,23.870833333333334,80.42194444444445,440958279,4,2026-08-16T03:00:00+00:00,5,137.8,0,Linked live river forecast reach,101.6407889357382
MP0286_Ghtkw,Ghatkhirawa,Katni,Ganga,Son,23.870833333333334,80.42194444444445,440958279,4,2026-08-16T06:00:00+00:00,5,146.2,0,Linked live river forecast reach,101.6407889357382
MP0286_Ghtkw,Ghatkhirawa,Katni,Ganga,Son,23.870833333333334,80.42194444444445,440958279,4,2026-08-16T09:00:00+00:00,5,151.2,0,Linked live river forecast reach,101.6407889357382
MP0286_Ghtkw,Ghatkhirawa,Katni,Ganga,Son,23.870833333333334,80.42194444444445,440958279,4,2026-08-16T12:00:00+00:00,5,153.0,0,Linked live river forecast reach,101.6407889357382
MP0286_Ghtkw,Ghatkhirawa,Katni,Ganga,Son,23.870833333333334,80.42194444444445,440958279,4,2026-08-16T15:00:00+00:00,6,145.1,0,Linked live river forecast reach,101.6407889357382
MP0286_Ghtkw,Ghatkhirawa,Katni,Ganga,Son,23.870833333333334,80.42194444444445,440958279,4,2026-08-16T18:00:00+00:00,6,134.0,0,Linked live river forecast reach,101.6407889357382
MP0286_Ghtkw,Ghatkhirawa,Katni,Ganga,Son,23.870833333333334,80.42194444444445,440958279,4,2026-08-16T21:00:00+00:00,6,127.4,0,Linked live river forecast reach,101.6407889357382
MP0286_Ghtkw,Ghatkhirawa,Katni,Ganga,Son,23.870833333333334,80.42194444444445,440958279,4,2026-08-17T00:00:00+00:00,6,123.7,0,Linked live river forecast reach,101.6407889357382
MP0286_Ghtkw,Ghatkhirawa,Katni,Ganga,Son,23.870833333333334,80.42194444444445,440958279,4,2026-08-17T03:00:00+00:00,6,122.9,0,Linked live river forecast reach,101.6407889357382
MP0286_Ghtkw,Ghatkhirawa,Katni,Ganga,Son,23.870833333333334,80.42194444444445,440958279,4,2026-08-17T06:00:00+00:00,6,118.9,0,Linked live river forecast reach,101.6407889357382
MP0286_Ghtkw,Ghatkhirawa,Katni,Ganga,Son,23.870833333333334,80.42194444444445,440958279,4,2026-08-17T09:00:00+00:00,6,110.7,0,Linked live river forecast reach,101.6407889357382
MP0286_Ghtkw,Ghatkhirawa,Katni,Ganga,Son,23.870833333333334,80.42194444444445,440958279,4,2026-08-17T12:00:00+00:00,6,101.4,0,Linked live river forecast reach,101.6407889357382
MP0286_Ghtkw,Ghatkhirawa,Katni,Ganga,Son,23.870833333333334,80.42194444444445,440958279,4,2026-08-17T15:00:00+00:00,7,91.9,0,Linked live river forecast reach,101.6407889357382
MP0287_Odari,Odari,Sahodal,Ganga,Son,23.833333333333332,81.54166666666667,440841320,3,2026-08-10T15:00:00+00:00,0,20.0,0,Linked live river forecast reach,173.18823181837797
MP0288_Srjwn,Suhar_Jiyawan,Sidhi,Ganga,Son,24.279166666666665,82.275,440943124,4,2026-08-10T15:00:00+00:00,0,26.7,0,Linked live river forecast reach,1604.9100527660507
MP0288_Srjwn,Suhar_Jiyawan,Sidhi,Ganga,Son,24.279166666666665,82.275,440943124,4,2026-08-10T18:00:00+00:00,0,25.6,0,Linked live river forecast reach,1604.9100527660507
MP0288_Srjwn,Suhar_Jiyawan,Sidhi,Ganga,Son,24.279166666666665,82.275,440943124,4,2026-08-10T21:00:00+00:00,0,28.6,0,Linked live river forecast reach,1604.9100527660507
MP0288_Srjwn,Suhar_Jiyawan,Sidhi,Ganga,Son,24.279166666666665,82.275,440943124,4,2026-08-11T00:00:00+00:00,0,34.5,0,Linked live river forecast reach,1604.9100527660507
MP0288_Srjwn,Suhar_Jiyawan,Sidhi,Ganga,Son,24.279166666666665,82.275,440943124,4,2026-08-11T03:00:00+00:00,0,39.4,0,Linked live river forecast reach,1604.9100527660507
MP0288_Srjwn,Suhar_Jiyawan,Sidhi,Ganga,Son,24.279166666666665,82.275,440943124,4,2026-08-11T06:00:00+00:00,0,42.2,0,Linked live river forecast reach,1604.9100527660507
MP0288_Srjwn,Suhar_Jiyawan,Sidhi,Ganga,Son,24.279166666666665,82.275,440943124,4,2026-08-11T09:00:00+00:00,0,44.8,0,Linked live river forecast reach,1604.9100527660507
MP0288_Srjwn,Suhar_Jiyawan,Sidhi,Ganga,Son,24.279166666666665,82.275,440943124,4,2026-08-11T12:00:00+00:00,0,47.3,0,Linked live river forecast reach,1604.9100527660507
MP0288_Srjwn,Suhar_Jiyawan,Sidhi,Ganga,Son,24.279166666666665,82.275,440943124,4,2026-08-11T15:00:00+00:00,1,47.3,0,Linked live river forecast reach,1604.9100527660507
MP0288_Srjwn,Suhar_Jiyawan,Sidhi,Ganga,Son,24.279166666666665,82.275,440943124,4,2026-08-11T18:00:00+00:00,1,44.2,0,Linked live river forecast reach,1604.9100527660507
MP0288_Srjwn,Suhar_Jiyawan,Sidhi,Ganga,Son,24.279166666666665,82.275,440943124,4,2026-08-11T21:00:00+00:00,1,38.8,0,Linked live river forecast reach,1604.9100527660507
MP0288_Srjwn,Suhar_Jiyawan,Sidhi,Ganga,Son,24.279166666666665,82.275,440943124,4,2026-08-12T00:00:00+00:00,1,33.0,0,Linked live river forecast reach,1604.9100527660507
MP0288_Srjwn,Suhar_Jiyawan,Sidhi,Ganga,Son,24.279166666666665,82.275,440943124,4,2026-08-12T03:00:00+00:00,1,29.0,0,Linked live river forecast reach,1604.9100527660507
MP0288_Srjwn,Suhar_Jiyawan,Sidhi,Ganga,Son,24.279166666666665,82.275,440943124,4,2026-08-12T06:00:00+00:00,1,27.2,0,Linked live river forecast reach,1604.9100527660507
MP0288_Srjwn,Suhar_Jiyawan,Sidhi,Ganga,Son,24.279166666666665,82.275,440943124,4,2026-08-12T09:00:00+00:00,1,25.5,0,Linked live river forecast reach,1604.9100527660507
MP0288_Srjwn,Suhar_Jiyawan,Sidhi,Ganga,Son,24.279166666666665,82.275,440943124,4,2026-08-12T12:00:00+00:00,1,23.3,0,Linked live river forecast reach,1604.9100527660507
MP0288_Srjwn,Suhar_Jiyawan,Sidhi,Ganga,Son,24.279166666666665,82.275,440943124,4,2026-08-12T15:00:00+00:00,2,21.0,0,Linked live river forecast reach,1604.9100527660507
MP0288_Srjwn,Suhar_Jiyawan,Sidhi,Ganga,Son,24.279166666666665,82.275,440943124,4,2026-08-12T18:00:00+00:00,2,19.9,0,Linked live river forecast reach,1604.9100527660507
MP0288_Srjwn,Suhar_Jiyawan,Sidhi,Ganga,Son,24.279166666666665,82.275,440943124,4,2026-08-12T21:00:00+00:00,2,19.8,0,Linked live river forecast reach,1604.9100527660507
MP0288_Srjwn,Suhar_Jiyawan,Sidhi,Ganga,Son,24.279166666666665,82.275,440943124,4,2026-08-13T00:00:00+00:00,2,20.9,0,Linked live river forecast reach,1604.9100527660507
MP0288_Srjwn,Suhar_Jiyawan,Sidhi,Ganga,Son,24.279166666666665,82.275,440943124,4,2026-08-13T03:00:00+00:00,2,22.4,0,Linked live river forecast reach,1604.9100527660507
MP0288_Srjwn,Suhar_Jiyawan,Sidhi,Ganga,Son,24.279166666666665,82.275,440943124,4,2026-08-13T06:00:00+00:00,2,23.4,0,Linked live river forecast reach,1604.9100527660507
MP0288_Srjwn,Suhar_Jiyawan,Sidhi,Ganga,Son,24.279166666666665,82.275,440943124,4,2026-08-13T09:00:00+00:00,2,25.1,0,Linked live river forecast reach,1604.9100527660507
MP0288_Srjwn,Suhar_Jiyawan,Sidhi,Ganga,Son,24.279166666666665,82.275,440943124,4,2026-08-13T12:00:00+00:00,2,27.8,0,Linked live river forecast reach,1604.9100527660507
MP0288_Srjwn,Suhar_Jiyawan,Sidhi,Ganga,Son,24.279166666666665,82.275,440943124,4,2026-08-13T15:00:00+00:00,3,37.2,0,Linked live river forecast reach,1604.9100527660507
MP0288_Srjwn,Suhar_Jiyawan,Sidhi,Ganga,Son,24.279166666666665,82.275,440943124,4,2026-08-13T18:00:00+00:00,3,47.0,0,Linked live river forecast reach,1604.9100527660507
MP0288_Srjwn,Suhar_Jiyawan,Sidhi,Ganga,Son,24.279166666666665,82.275,440943124,4,2026-08-13T21:00:00+00:00,3,51.5,0,Linked live river forecast reach,1604.9100527660507
MP0288_Srjwn,Suhar_Jiyawan,Sidhi,Ganga,Son,24.279166666666665,82.275,440943124,4,2026-08-14T00:00:00+00:00,3,54.4,0,Linked live river forecast reach,1604.9100527660507
MP0288_Srjwn,Suhar_Jiyawan,Sidhi,Ganga,Son,24.279166666666665,82.275,440943124,4,2026-08-14T03:00:00+00:00,3,58.2,0,Linked live river forecast reach,1604.9100527660507
MP0288_Srjwn,Suhar_Jiyawan,Sidhi,Ganga,Son,24.279166666666665,82.275,440943124,4,2026-08-14T06:00:00+00:00,3,59.6,0,Linked live river forecast reach,1604.9100527660507
MP0288_Srjwn,Suhar_Jiyawan,Sidhi,Ganga,Son,24.279166666666665,82.275,440943124,4,2026-08-14T09:00:00+00:00,3,57.0,0,Linked live river forecast reach,1604.9100527660507
MP0288_Srjwn,Suhar_Jiyawan,Sidhi,Ganga,Son,24.279166666666665,82.275,440943124,4,2026-08-14T12:00:00+00:00,3,54.4,0,Linked live river forecast reach,1604.9100527660507
MP0288_Srjwn,Suhar_Jiyawan,Sidhi,Ganga,Son,24.279166666666665,82.275,440943124,4,2026-08-14T15:00:00+00:00,4,56.6,0,Linked live river forecast reach,1604.9100527660507
MP0288_Srjwn,Suhar_Jiyawan,Sidhi,Ganga,Son,24.279166666666665,82.275,440943124,4,2026-08-14T18:00:00+00:00,4,61.7,0,Linked live river forecast reach,1604.9100527660507
MP0288_Srjwn,Suhar_Jiyawan,Sidhi,Ganga,Son,24.279166666666665,82.275,440943124,4,2026-08-14T21:00:00+00:00,4,67.8,0,Linked live river forecast reach,1604.9100527660507
MP0288_Srjwn,Suhar_Jiyawan,Sidhi,Ganga,Son,24.279166666666665,82.275,440943124,4,2026-08-15T00:00:00+00:00,4,73.4,0,Linked live river forecast reach,1604.9100527660507
MP0288_Srjwn,Suhar_Jiyawan,Sidhi,Ganga,Son,24.279166666666665,82.275,440943124,4,2026-08-15T03:00:00+00:00,4,76.0,0,Linked live river forecast reach,1604.9100527660507
MP0288_Srjwn,Suhar_Jiyawan,Sidhi,Ganga,Son,24.279166666666665,82.275,440943124,4,2026-08-15T06:00:00+00:00,4,77.5,0,Linked live river forecast reach,1604.9100527660507
MP0288_Srjwn,Suhar_Jiyawan,Sidhi,Ganga,Son,24.279166666666665,82.275,440943124,4,2026-08-15T09:00:00+00:00,4,77.0,0,Linked live river forecast reach,1604.9100527660507
MP0288_Srjwn,Suhar_Jiyawan,Sidhi,Ganga,Son,24.279166666666665,82.275,440943124,4,2026-08-15T12:00:00+00:00,4,76.9,0,Linked live river forecast reach,1604.9100527660507
MP0288_Srjwn,Suhar_Jiyawan,Sidhi,Ganga,Son,24.279166666666665,82.275,440943124,4,2026-08-15T15:00:00+00:00,5,79.0,0,Linked live river forecast reach,1604.9100527660507
MP0288_Srjwn,Suhar_Jiyawan,Sidhi,Ganga,Son,24.279166666666665,82.275,440943124,4,2026-08-15T18:00:00+00:00,5,82.5,0,Linked live river forecast reach,1604.9100527660507
MP0288_Srjwn,Suhar_Jiyawan,Sidhi,Ganga,Son,24.279166666666665,82.275,440943124,4,2026-08-15T21:00:00+00:00,5,83.9,0,Linked live river forecast reach,1604.9100527660507
MP0288_Srjwn,Suhar_Jiyawan,Sidhi,Ganga,Son,24.279166666666665,82.275,440943124,4,2026-08-16T00:00:00+00:00,5,82.7,0,Linked live river forecast reach,1604.9100527660507
MP0288_Srjwn,Suhar_Jiyawan,Sidhi,Ganga,Son,24.279166666666665,82.275,440943124,4,2026-08-16T03:00:00+00:00,5,80.0,0,Linked live river forecast reach,1604.9100527660507
MP0288_Srjwn,Suhar_Jiyawan,Sidhi,Ganga,Son,24.279166666666665,82.275,440943124,4,2026-08-16T06:00:00+00:00,5,75.7,0,Linked live river forecast reach,1604.9100527660507
MP0288_Srjwn,Suhar_Jiyawan,Sidhi,Ganga,Son,24.279166666666665,82.275,440943124,4,2026-08-16T09:00:00+00:00,5,71.0,0,Linked live river forecast reach,1604.9100527660507
MP0288_Srjwn,Suhar_Jiyawan,Sidhi,Ganga,Son,24.279166666666665,82.275,440943124,4,2026-08-16T12:00:00+00:00,5,67.4,0,Linked live river forecast reach,1604.9100527660507
MP0288_Srjwn,Suhar_Jiyawan,Sidhi,Ganga,Son,24.279166666666665,82.275,440943124,4,2026-08-16T15:00:00+00:00,6,65.1,0,Linked live river forecast reach,1604.9100527660507
MP0288_Srjwn,Suhar_Jiyawan,Sidhi,Ganga,Son,24.279166666666665,82.275,440943124,4,2026-08-16T18:00:00+00:00,6,63.4,0,Linked live river forecast reach,1604.9100527660507
MP0288_Srjwn,Suhar_Jiyawan,Sidhi,Ganga,Son,24.279166666666665,82.275,440943124,4,2026-08-16T21:00:00+00:00,6,62.1,0,Linked live river forecast reach,1604.9100527660507
MP0288_Srjwn,Suhar_Jiyawan,Sidhi,Ganga,Son,24.279166666666665,82.275,440943124,4,2026-08-17T00:00:00+00:00,6,62.9,0,Linked live river forecast reach,1604.9100527660507
MP0288_Srjwn,Suhar_Jiyawan,Sidhi,Ganga,Son,24.279166666666665,82.275,440943124,4,2026-08-17T03:00:00+00:00,6,66.8,0,Linked live river forecast reach,1604.9100527660507
MP0288_Srjwn,Suhar_Jiyawan,Sidhi,Ganga,Son,24.279166666666665,82.275,440943124,4,2026-08-17T06:00:00+00:00,6,70.6,0,Linked live river forecast reach,1604.9100527660507
MP0288_Srjwn,Suhar_Jiyawan,Sidhi,Ganga,Son,24.279166666666665,82.275,440943124,4,2026-08-17T09:00:00+00:00,6,70.9,0,Linked live river forecast reach,1604.9100527660507
MP0288_Srjwn,Suhar_Jiyawan,Sidhi,Ganga,Son,24.279166666666665,82.275,440943124,4,2026-08-17T12:00:00+00:00,6,70.3,0,Linked live river forecast reach,1604.9100527660507
MP0288_Srjwn,Suhar_Jiyawan,Sidhi,Ganga,Son,24.279166666666665,82.275,440943124,4,2026-08-17T15:00:00+00:00,7,72.2,0,Linked live river forecast reach,1604.9100527660507
MP1000_DDNGR,Deo Dongri,Betul,Tapi,Tapi,21.680555555555557,78.15,440570342,2,2026-08-10T15:00:00+00:00,0,19.6,0,Linked live river forecast reach,1548.365228475718
MP1000_PALNG,Palinga,Betul,Tapi,Tapi,21.80361111111111,77.43305555555555,440834529,5,2026-08-10T15:00:00+00:00,0,151.5,0,Linked live river forecast reach,110.09029041326248
MP1000_PALNG,Palinga,Betul,Tapi,Tapi,21.80361111111111,77.43305555555555,440834529,5,2026-08-10T18:00:00+00:00,0,165.6,0,Linked live river forecast reach,110.09029041326248
MP1000_PALNG,Palinga,Betul,Tapi,Tapi,21.80361111111111,77.43305555555555,440834529,5,2026-08-10T21:00:00+00:00,0,169.5,0,Linked live river forecast reach,110.09029041326248
MP1000_PALNG,Palinga,Betul,Tapi,Tapi,21.80361111111111,77.43305555555555,440834529,5,2026-08-11T00:00:00+00:00,0,162.9,0,Linked live river forecast reach,110.09029041326248
MP1000_PALNG,Palinga,Betul,Tapi,Tapi,21.80361111111111,77.43305555555555,440834529,5,2026-08-11T03:00:00+00:00,0,152.5,0,Linked live river forecast reach,110.09029041326248
MP1000_PALNG,Palinga,Betul,Tapi,Tapi,21.80361111111111,77.43305555555555,440834529,5,2026-08-11T06:00:00+00:00,0,144.6,0,Linked live river forecast reach,110.09029041326248
MP1000_PALNG,Palinga,Betul,Tapi,Tapi,21.80361111111111,77.43305555555555,440834529,5,2026-08-11T09:00:00+00:00,0,142.4,0,Linked live river forecast reach,110.09029041326248
MP1000_PALNG,Palinga,Betul,Tapi,Tapi,21.80361111111111,77.43305555555555,440834529,5,2026-08-11T12:00:00+00:00,0,147.6,0,Linked live river forecast reach,110.09029041326248
MP1000_PALNG,Palinga,Betul,Tapi,Tapi,21.80361111111111,77.43305555555555,440834529,5,2026-08-11T15:00:00+00:00,1,163.4,0,Linked live river forecast reach,110.09029041326248
MP1000_PALNG,Palinga,Betul,Tapi,Tapi,21.80361111111111,77.43305555555555,440834529,5,2026-08-11T18:00:00+00:00,1,183.8,0,Linked live river forecast reach,110.09029041326248
MP1000_PALNG,Palinga,Betul,Tapi,Tapi,21.80361111111111,77.43305555555555,440834529,5,2026-08-11T21:00:00+00:00,1,200.9,0,Linked live river forecast reach,110.09029041326248
MP1000_PALNG,Palinga,Betul,Tapi,Tapi,21.80361111111111,77.43305555555555,440834529,5,2026-08-12T00:00:00+00:00,1,214.1,0,Linked live river forecast reach,110.09029041326248
MP1000_PALNG,Palinga,Betul,Tapi,Tapi,21.80361111111111,77.43305555555555,440834529,5,2026-08-12T03:00:00+00:00,1,221.8,0,Linked live river forecast reach,110.09029041326248
MP1000_PALNG,Palinga,Betul,Tapi,Tapi,21.80361111111111,77.43305555555555,440834529,5,2026-08-12T06:00:00+00:00,1,219.2,0,Linked live river forecast reach,110.09029041326248
MP1000_PALNG,Palinga,Betul,Tapi,Tapi,21.80361111111111,77.43305555555555,440834529,5,2026-08-12T09:00:00+00:00,1,211.7,0,Linked live river forecast reach,110.09029041326248
MP1000_PALNG,Palinga,Betul,Tapi,Tapi,21.80361111111111,77.43305555555555,440834529,5,2026-08-12T12:00:00+00:00,1,199.6,0,Linked live river forecast reach,110.09029041326248
MP1000_PALNG,Palinga,Betul,Tapi,Tapi,21.80361111111111,77.43305555555555,440834529,5,2026-08-12T15:00:00+00:00,2,186.0,0,Linked live river forecast reach,110.09029041326248
MP1000_PALNG,Palinga,Betul,Tapi,Tapi,21.80361111111111,77.43305555555555,440834529,5,2026-08-12T18:00:00+00:00,2,173.4,0,Linked live river forecast reach,110.09029041326248
MP1000_PALNG,Palinga,Betul,Tapi,Tapi,21.80361111111111,77.43305555555555,440834529,5,2026-08-12T21:00:00+00:00,2,164.0,0,Linked live river forecast reach,110.09029041326248
MP1000_PALNG,Palinga,Betul,Tapi,Tapi,21.80361111111111,77.43305555555555,440834529,5,2026-08-13T00:00:00+00:00,2,156.8,0,Linked live river forecast reach,110.09029041326248
MP1000_PALNG,Palinga,Betul,Tapi,Tapi,21.80361111111111,77.43305555555555,440834529,5,2026-08-13T03:00:00+00:00,2,149.9,0,Linked live river forecast reach,110.09029041326248
MP1000_PALNG,Palinga,Betul,Tapi,Tapi,21.80361111111111,77.43305555555555,440834529,5,2026-08-13T06:00:00+00:00,2,143.1,0,Linked live river forecast reach,110.09029041326248
MP1000_PALNG,Palinga,Betul,Tapi,Tapi,21.80361111111111,77.43305555555555,440834529,5,2026-08-13T09:00:00+00:00,2,135.9,0,Linked live river forecast reach,110.09029041326248
MP1000_PALNG,Palinga,Betul,Tapi,Tapi,21.80361111111111,77.43305555555555,440834529,5,2026-08-13T12:00:00+00:00,2,128.8,0,Linked live river forecast reach,110.09029041326248
MP1000_PALNG,Palinga,Betul,Tapi,Tapi,21.80361111111111,77.43305555555555,440834529,5,2026-08-13T15:00:00+00:00,3,120.9,0,Linked live river forecast reach,110.09029041326248
MP1000_PALNG,Palinga,Betul,Tapi,Tapi,21.80361111111111,77.43305555555555,440834529,5,2026-08-13T18:00:00+00:00,3,113.0,0,Linked live river forecast reach,110.09029041326248
MP1000_PALNG,Palinga,Betul,Tapi,Tapi,21.80361111111111,77.43305555555555,440834529,5,2026-08-13T21:00:00+00:00,3,105.1,0,Linked live river forecast reach,110.09029041326248
MP1000_PALNG,Palinga,Betul,Tapi,Tapi,21.80361111111111,77.43305555555555,440834529,5,2026-08-14T00:00:00+00:00,3,97.5,0,Linked live river forecast reach,110.09029041326248
MP1000_PALNG,Palinga,Betul,Tapi,Tapi,21.80361111111111,77.43305555555555,440834529,5,2026-08-14T03:00:00+00:00,3,89.9,0,Linked live river forecast reach,110.09029041326248
MP1000_PALNG,Palinga,Betul,Tapi,Tapi,21.80361111111111,77.43305555555555,440834529,5,2026-08-14T06:00:00+00:00,3,81.8,0,Linked live river forecast reach,110.09029041326248
MP1000_PALNG,Palinga,Betul,Tapi,Tapi,21.80361111111111,77.43305555555555,440834529,5,2026-08-14T09:00:00+00:00,3,74.8,0,Linked live river forecast reach,110.09029041326248
MP1000_PALNG,Palinga,Betul,Tapi,Tapi,21.80361111111111,77.43305555555555,440834529,5,2026-08-14T12:00:00+00:00,3,70.0,0,Linked live river forecast reach,110.09029041326248
MP1000_PALNG,Palinga,Betul,Tapi,Tapi,21.80361111111111,77.43305555555555,440834529,5,2026-08-14T15:00:00+00:00,4,66.4,0,Linked live river forecast reach,110.09029041326248
MP1000_PALNG,Palinga,Betul,Tapi,Tapi,21.80361111111111,77.43305555555555,440834529,5,2026-08-14T18:00:00+00:00,4,64.2,0,Linked live river forecast reach,110.09029041326248
MP1000_PALNG,Palinga,Betul,Tapi,Tapi,21.80361111111111,77.43305555555555,440834529,5,2026-08-14T21:00:00+00:00,4,63.1,0,Linked live river forecast reach,110.09029041326248
MP1000_PALNG,Palinga,Betul,Tapi,Tapi,21.80361111111111,77.43305555555555,440834529,5,2026-08-15T00:00:00+00:00,4,62.5,0,Linked live river forecast reach,110.09029041326248
MP1000_PALNG,Palinga,Betul,Tapi,Tapi,21.80361111111111,77.43305555555555,440834529,5,2026-08-15T03:00:00+00:00,4,62.8,0,Linked live river forecast reach,110.09029041326248
MP1000_PALNG,Palinga,Betul,Tapi,Tapi,21.80361111111111,77.43305555555555,440834529,5,2026-08-15T06:00:00+00:00,4,62.7,0,Linked live river forecast reach,110.09029041326248
MP1000_PALNG,Palinga,Betul,Tapi,Tapi,21.80361111111111,77.43305555555555,440834529,5,2026-08-15T09:00:00+00:00,4,62.4,0,Linked live river forecast reach,110.09029041326248
MP1000_PALNG,Palinga,Betul,Tapi,Tapi,21.80361111111111,77.43305555555555,440834529,5,2026-08-15T12:00:00+00:00,4,62.4,0,Linked live river forecast reach,110.09029041326248
MP1000_PALNG,Palinga,Betul,Tapi,Tapi,21.80361111111111,77.43305555555555,440834529,5,2026-08-15T15:00:00+00:00,5,63.5,0,Linked live river forecast reach,110.09029041326248
MP1000_PALNG,Palinga,Betul,Tapi,Tapi,21.80361111111111,77.43305555555555,440834529,5,2026-08-15T18:00:00+00:00,5,64.4,0,Linked live river forecast reach,110.09029041326248
MP1000_PALNG,Palinga,Betul,Tapi,Tapi,21.80361111111111,77.43305555555555,440834529,5,2026-08-15T21:00:00+00:00,5,65.2,0,Linked live river forecast reach,110.09029041326248
MP1000_PALNG,Palinga,Betul,Tapi,Tapi,21.80361111111111,77.43305555555555,440834529,5,2026-08-16T00:00:00+00:00,5,66.3,0,Linked live river forecast reach,110.09029041326248
MP1000_PALNG,Palinga,Betul,Tapi,Tapi,21.80361111111111,77.43305555555555,440834529,5,2026-08-16T03:00:00+00:00,5,68.2,0,Linked live river forecast reach,110.09029041326248
MP1000_PALNG,Palinga,Betul,Tapi,Tapi,21.80361111111111,77.43305555555555,440834529,5,2026-08-16T06:00:00+00:00,5,71.7,0,Linked live river forecast reach,110.09029041326248
MP1000_PALNG,Palinga,Betul,Tapi,Tapi,21.80361111111111,77.43305555555555,440834529,5,2026-08-16T09:00:00+00:00,5,75.8,0,Linked live river forecast reach,110.09029041326248
MP1000_PALNG,Palinga,Betul,Tapi,Tapi,21.80361111111111,77.43305555555555,440834529,5,2026-08-16T12:00:00+00:00,5,81.2,0,Linked live river forecast reach,110.09029041326248
MP1000_PALNG,Palinga,Betul,Tapi,Tapi,21.80361111111111,77.43305555555555,440834529,5,2026-08-16T15:00:00+00:00,6,88.1,0,Linked live river forecast reach,110.09029041326248
MP1000_PALNG,Palinga,Betul,Tapi,Tapi,21.80361111111111,77.43305555555555,440834529,5,2026-08-16T18:00:00+00:00,6,95.3,0,Linked live river forecast reach,110.09029041326248
MP1000_PALNG,Palinga,Betul,Tapi,Tapi,21.80361111111111,77.43305555555555,440834529,5,2026-08-16T21:00:00+00:00,6,101.0,0,Linked live river forecast reach,110.09029041326248
MP1000_PALNG,Palinga,Betul,Tapi,Tapi,21.80361111111111,77.43305555555555,440834529,5,2026-08-17T00:00:00+00:00,6,102.8,0,Linked live river forecast reach,110.09029041326248
MP1000_PALNG,Palinga,Betul,Tapi,Tapi,21.80361111111111,77.43305555555555,440834529,5,2026-08-17T03:00:00+00:00,6,100.9,0,Linked live river forecast reach,110.09029041326248
MP1000_PALNG,Palinga,Betul,Tapi,Tapi,21.80361111111111,77.43305555555555,440834529,5,2026-08-17T06:00:00+00:00,6,96.0,0,Linked live river forecast reach,110.09029041326248
MP1000_PALNG,Palinga,Betul,Tapi,Tapi,21.80361111111111,77.43305555555555,440834529,5,2026-08-17T09:00:00+00:00,6,90.2,0,Linked live river forecast reach,110.09029041326248
MP1000_PALNG,Palinga,Betul,Tapi,Tapi,21.80361111111111,77.43305555555555,440834529,5,2026-08-17T12:00:00+00:00,6,86.0,0,Linked live river forecast reach,110.09029041326248
MP1000_PALNG,Palinga,Betul,Tapi,Tapi,21.80361111111111,77.43305555555555,440834529,5,2026-08-17T15:00:00+00:00,7,85.2,0,Linked live river forecast reach,110.09029041326248
MP1000_TESKA,Teska,Betul,Tapi,Tapi,21.815833333333334,77.77444444444444,440796001,4,2026-08-10T15:00:00+00:00,0,65.4,0,Linked live river forecast reach,124.7778164131293
MP1000_TESKA,Teska,Betul,Tapi,Tapi,21.815833333333334,77.77444444444444,440796001,4,2026-08-10T18:00:00+00:00,0,69.8,0,Linked live river forecast reach,124.7778164131293
MP1000_TESKA,Teska,Betul,Tapi,Tapi,21.815833333333334,77.77444444444444,440796001,4,2026-08-10T21:00:00+00:00,0,74.9,0,Linked live river forecast reach,124.7778164131293
MP1000_TESKA,Teska,Betul,Tapi,Tapi,21.815833333333334,77.77444444444444,440796001,4,2026-08-11T00:00:00+00:00,0,79.9,0,Linked live river forecast reach,124.7778164131293
MP1000_TESKA,Teska,Betul,Tapi,Tapi,21.815833333333334,77.77444444444444,440796001,4,2026-08-11T03:00:00+00:00,0,85.1,0,Linked live river forecast reach,124.7778164131293
MP1000_TESKA,Teska,Betul,Tapi,Tapi,21.815833333333334,77.77444444444444,440796001,4,2026-08-11T06:00:00+00:00,0,89.4,0,Linked live river forecast reach,124.7778164131293
MP1000_TESKA,Teska,Betul,Tapi,Tapi,21.815833333333334,77.77444444444444,440796001,4,2026-08-11T09:00:00+00:00,0,90.4,0,Linked live river forecast reach,124.7778164131293
MP1000_TESKA,Teska,Betul,Tapi,Tapi,21.815833333333334,77.77444444444444,440796001,4,2026-08-11T12:00:00+00:00,0,91.6,0,Linked live river forecast reach,124.7778164131293
MP1000_TESKA,Teska,Betul,Tapi,Tapi,21.815833333333334,77.77444444444444,440796001,4,2026-08-11T15:00:00+00:00,1,92.0,0,Linked live river forecast reach,124.7778164131293
MP1000_TESKA,Teska,Betul,Tapi,Tapi,21.815833333333334,77.77444444444444,440796001,4,2026-08-11T18:00:00+00:00,1,93.3,0,Linked live river forecast reach,124.7778164131293
MP1000_TESKA,Teska,Betul,Tapi,Tapi,21.815833333333334,77.77444444444444,440796001,4,2026-08-11T21:00:00+00:00,1,95.3,0,Linked live river forecast reach,124.7778164131293
MP1000_TESKA,Teska,Betul,Tapi,Tapi,21.815833333333334,77.77444444444444,440796001,4,2026-08-12T00:00:00+00:00,1,99.5,0,Linked live river forecast reach,124.7778164131293
MP1000_TESKA,Teska,Betul,Tapi,Tapi,21.815833333333334,77.77444444444444,440796001,4,2026-08-12T03:00:00+00:00,1,106.6,0,Linked live river forecast reach,124.7778164131293
MP1000_TESKA,Teska,Betul,Tapi,Tapi,21.815833333333334,77.77444444444444,440796001,4,2026-08-12T06:00:00+00:00,1,112.5,0,Linked live river forecast reach,124.7778164131293
MP1000_TESKA,Teska,Betul,Tapi,Tapi,21.815833333333334,77.77444444444444,440796001,4,2026-08-12T09:00:00+00:00,1,113.4,0,Linked live river forecast reach,124.7778164131293
MP1000_TESKA,Teska,Betul,Tapi,Tapi,21.815833333333334,77.77444444444444,440796001,4,2026-08-12T12:00:00+00:00,1,110.0,0,Linked live river forecast reach,124.7778164131293
MP1000_TESKA,Teska,Betul,Tapi,Tapi,21.815833333333334,77.77444444444444,440796001,4,2026-08-12T15:00:00+00:00,2,103.5,0,Linked live river forecast reach,124.7778164131293
MP1000_TESKA,Teska,Betul,Tapi,Tapi,21.815833333333334,77.77444444444444,440796001,4,2026-08-12T18:00:00+00:00,2,95.7,0,Linked live river forecast reach,124.7778164131293
MP1000_TESKA,Teska,Betul,Tapi,Tapi,21.815833333333334,77.77444444444444,440796001,4,2026-08-12T21:00:00+00:00,2,87.7,0,Linked live river forecast reach,124.7778164131293
MP1000_TESKA,Teska,Betul,Tapi,Tapi,21.815833333333334,77.77444444444444,440796001,4,2026-08-13T00:00:00+00:00,2,79.4,0,Linked live river forecast reach,124.7778164131293
MP1000_TESKA,Teska,Betul,Tapi,Tapi,21.815833333333334,77.77444444444444,440796001,4,2026-08-13T03:00:00+00:00,2,71.2,0,Linked live river forecast reach,124.7778164131293
MP1000_TESKA,Teska,Betul,Tapi,Tapi,21.815833333333334,77.77444444444444,440796001,4,2026-08-13T06:00:00+00:00,2,64.0,0,Linked live river forecast reach,124.7778164131293
MP1000_TESKA,Teska,Betul,Tapi,Tapi,21.815833333333334,77.77444444444444,440796001,4,2026-08-13T09:00:00+00:00,2,57.8,0,Linked live river forecast reach,124.7778164131293
MP1000_TESKA,Teska,Betul,Tapi,Tapi,21.815833333333334,77.77444444444444,440796001,4,2026-08-13T12:00:00+00:00,2,52.2,0,Linked live river forecast reach,124.7778164131293
MP1000_TESKA,Teska,Betul,Tapi,Tapi,21.815833333333334,77.77444444444444,440796001,4,2026-08-13T15:00:00+00:00,3,46.6,0,Linked live river forecast reach,124.7778164131293
MP1000_TESKA,Teska,Betul,Tapi,Tapi,21.815833333333334,77.77444444444444,440796001,4,2026-08-13T18:00:00+00:00,3,42.3,0,Linked live river forecast reach,124.7778164131293
MP1000_TESKA,Teska,Betul,Tapi,Tapi,21.815833333333334,77.77444444444444,440796001,4,2026-08-13T21:00:00+00:00,3,39.2,0,Linked live river forecast reach,124.7778164131293
MP1000_TESKA,Teska,Betul,Tapi,Tapi,21.815833333333334,77.77444444444444,440796001,4,2026-08-14T00:00:00+00:00,3,36.8,0,Linked live river forecast reach,124.7778164131293
MP1000_TESKA,Teska,Betul,Tapi,Tapi,21.815833333333334,77.77444444444444,440796001,4,2026-08-14T03:00:00+00:00,3,35.2,0,Linked live river forecast reach,124.7778164131293
MP1000_TESKA,Teska,Betul,Tapi,Tapi,21.815833333333334,77.77444444444444,440796001,4,2026-08-14T06:00:00+00:00,3,34.3,0,Linked live river forecast reach,124.7778164131293
MP1000_TESKA,Teska,Betul,Tapi,Tapi,21.815833333333334,77.77444444444444,440796001,4,2026-08-14T09:00:00+00:00,3,33.9,0,Linked live river forecast reach,124.7778164131293
MP1000_TESKA,Teska,Betul,Tapi,Tapi,21.815833333333334,77.77444444444444,440796001,4,2026-08-14T12:00:00+00:00,3,33.8,0,Linked live river forecast reach,124.7778164131293
MP1000_TESKA,Teska,Betul,Tapi,Tapi,21.815833333333334,77.77444444444444,440796001,4,2026-08-14T15:00:00+00:00,4,33.2,0,Linked live river forecast reach,124.7778164131293
MP1000_TESKA,Teska,Betul,Tapi,Tapi,21.815833333333334,77.77444444444444,440796001,4,2026-08-14T18:00:00+00:00,4,32.7,0,Linked live river forecast reach,124.7778164131293
MP1000_TESKA,Teska,Betul,Tapi,Tapi,21.815833333333334,77.77444444444444,440796001,4,2026-08-14T21:00:00+00:00,4,32.5,0,Linked live river forecast reach,124.7778164131293
MP1000_TESKA,Teska,Betul,Tapi,Tapi,21.815833333333334,77.77444444444444,440796001,4,2026-08-15T00:00:00+00:00,4,32.9,0,Linked live river forecast reach,124.7778164131293
MP1000_TESKA,Teska,Betul,Tapi,Tapi,21.815833333333334,77.77444444444444,440796001,4,2026-08-15T03:00:00+00:00,4,33.6,0,Linked live river forecast reach,124.7778164131293
MP1000_TESKA,Teska,Betul,Tapi,Tapi,21.815833333333334,77.77444444444444,440796001,4,2026-08-15T06:00:00+00:00,4,34.8,0,Linked live river forecast reach,124.7778164131293
MP1000_TESKA,Teska,Betul,Tapi,Tapi,21.815833333333334,77.77444444444444,440796001,4,2026-08-15T09:00:00+00:00,4,36.4,0,Linked live river forecast reach,124.7778164131293
MP1000_TESKA,Teska,Betul,Tapi,Tapi,21.815833333333334,77.77444444444444,440796001,4,2026-08-15T12:00:00+00:00,4,37.6,0,Linked live river forecast reach,124.7778164131293
MP1000_TESKA,Teska,Betul,Tapi,Tapi,21.815833333333334,77.77444444444444,440796001,4,2026-08-15T15:00:00+00:00,5,38.0,0,Linked live river forecast reach,124.7778164131293
MP1000_TESKA,Teska,Betul,Tapi,Tapi,21.815833333333334,77.77444444444444,440796001,4,2026-08-15T18:00:00+00:00,5,38.1,0,Linked live river forecast reach,124.7778164131293
MP1000_TESKA,Teska,Betul,Tapi,Tapi,21.815833333333334,77.77444444444444,440796001,4,2026-08-15T21:00:00+00:00,5,39.0,0,Linked live river forecast reach,124.7778164131293
MP1000_TESKA,Teska,Betul,Tapi,Tapi,21.815833333333334,77.77444444444444,440796001,4,2026-08-16T00:00:00+00:00,5,40.8,0,Linked live river forecast reach,124.7778164131293
MP1000_TESKA,Teska,Betul,Tapi,Tapi,21.815833333333334,77.77444444444444,440796001,4,2026-08-16T03:00:00+00:00,5,43.3,0,Linked live river forecast reach,124.7778164131293
MP1000_TESKA,Teska,Betul,Tapi,Tapi,21.815833333333334,77.77444444444444,440796001,4,2026-08-16T06:00:00+00:00,5,46.7,0,Linked live river forecast reach,124.7778164131293
MP1000_TESKA,Teska,Betul,Tapi,Tapi,21.815833333333334,77.77444444444444,440796001,4,2026-08-16T09:00:00+00:00,5,48.6,0,Linked live river forecast reach,124.7778164131293
MP1000_TESKA,Teska,Betul,Tapi,Tapi,21.815833333333334,77.77444444444444,440796001,4,2026-08-16T12:00:00+00:00,5,49.6,0,Linked live river forecast reach,124.7778164131293
MP1000_TESKA,Teska,Betul,Tapi,Tapi,21.815833333333334,77.77444444444444,440796001,4,2026-08-16T15:00:00+00:00,6,52.0,0,Linked live river forecast reach,124.7778164131293
MP1000_TESKA,Teska,Betul,Tapi,Tapi,21.815833333333334,77.77444444444444,440796001,4,2026-08-16T18:00:00+00:00,6,56.3,0,Linked live river forecast reach,124.7778164131293
MP1000_TESKA,Teska,Betul,Tapi,Tapi,21.815833333333334,77.77444444444444,440796001,4,2026-08-16T21:00:00+00:00,6,62.9,0,Linked live river forecast reach,124.7778164131293
MP1000_TESKA,Teska,Betul,Tapi,Tapi,21.815833333333334,77.77444444444444,440796001,4,2026-08-17T00:00:00+00:00,6,71.0,0,Linked live river forecast reach,124.7778164131293
MP1000_TESKA,Teska,Betul,Tapi,Tapi,21.815833333333334,77.77444444444444,440796001,4,2026-08-17T03:00:00+00:00,6,78.0,0,Linked live river forecast reach,124.7778164131293
MP1000_TESKA,Teska,Betul,Tapi,Tapi,21.815833333333334,77.77444444444444,440796001,4,2026-08-17T06:00:00+00:00,6,81.8,0,Linked live river forecast reach,124.7778164131293
MP1000_TESKA,Teska,Betul,Tapi,Tapi,21.815833333333334,77.77444444444444,440796001,4,2026-08-17T09:00:00+00:00,6,82.1,0,Linked live river forecast reach,124.7778164131293
MP1000_TESKA,Teska,Betul,Tapi,Tapi,21.815833333333334,77.77444444444444,440796001,4,2026-08-17T12:00:00+00:00,6,79.6,0,Linked live river forecast reach,124.7778164131293
MP1000_TESKA,Teska,Betul,Tapi,Tapi,21.815833333333334,77.77444444444444,440796001,4,2026-08-17T15:00:00+00:00,7,75.1,0,Linked live river forecast reach,124.7778164131293
MP1001_BLKDN,Balkhedan,Betul,Tapi,Purna,21.4,77.67222222222222,440673555,3,2026-08-10T15:00:00+00:00,0,15.0,0,Linked live river forecast reach,1965.76581103488
MP1002_PNSML,Pansemal,Badwani,Tapi,Gomai,21.65388888888889,74.68416666666667,440475401,2,2026-08-10T15:00:00+00:00,0,0.6,0,Linked live river forecast reach,195.34091541374295
MP0270_Maihr,Maihar,Satna,Ganga,Tons,24.261666666666667,80.80611111111111,440907351,3,2026-08-10T15:00:00+00:00,0,27.4,0,Linked live river forecast reach,301.76608574529314
MP0270_Maihr,Maihar,Satna,Ganga,Tons,24.261666666666667,80.80611111111111,440907351,3,2026-08-10T18:00:00+00:00,0,24.3,0,Linked live river forecast reach,301.76608574529314
MP0270_Maihr,Maihar,Satna,Ganga,Tons,24.261666666666667,80.80611111111111,440907351,3,2026-08-10T21:00:00+00:00,0,21.0,0,Linked live river forecast reach,301.76608574529314
MP0270_Maihr,Maihar,Satna,Ganga,Tons,24.261666666666667,80.80611111111111,440907351,3,2026-08-11T00:00:00+00:00,0,19.7,0,Linked live river forecast reach,301.76608574529314
MP0270_Maihr,Maihar,Satna,Ganga,Tons,24.261666666666667,80.80611111111111,440907351,3,2026-08-11T03:00:00+00:00,0,19.7,0,Linked live river forecast reach,301.76608574529314
MP0270_Maihr,Maihar,Satna,Ganga,Tons,24.261666666666667,80.80611111111111,440907351,3,2026-08-11T06:00:00+00:00,0,19.3,0,Linked live river forecast reach,301.76608574529314
MP0270_Maihr,Maihar,Satna,Ganga,Tons,24.261666666666667,80.80611111111111,440907351,3,2026-08-11T09:00:00+00:00,0,18.2,0,Linked live river forecast reach,301.76608574529314
MP0270_Maihr,Maihar,Satna,Ganga,Tons,24.261666666666667,80.80611111111111,440907351,3,2026-08-11T12:00:00+00:00,0,17.6,0,Linked live river forecast reach,301.76608574529314
MP0270_Maihr,Maihar,Satna,Ganga,Tons,24.261666666666667,80.80611111111111,440907351,3,2026-08-11T15:00:00+00:00,1,17.8,0,Linked live river forecast reach,301.76608574529314
MP0270_Maihr,Maihar,Satna,Ganga,Tons,24.261666666666667,80.80611111111111,440907351,3,2026-08-11T18:00:00+00:00,1,17.5,0,Linked live river forecast reach,301.76608574529314
MP0270_Maihr,Maihar,Satna,Ganga,Tons,24.261666666666667,80.80611111111111,440907351,3,2026-08-11T21:00:00+00:00,1,18.3,0,Linked live river forecast reach,301.76608574529314
MP0270_Maihr,Maihar,Satna,Ganga,Tons,24.261666666666667,80.80611111111111,440907351,3,2026-08-12T00:00:00+00:00,1,19.0,0,Linked live river forecast reach,301.76608574529314
MP0270_Maihr,Maihar,Satna,Ganga,Tons,24.261666666666667,80.80611111111111,440907351,3,2026-08-12T03:00:00+00:00,1,18.7,0,Linked live river forecast reach,301.76608574529314
MP0270_Maihr,Maihar,Satna,Ganga,Tons,24.261666666666667,80.80611111111111,440907351,3,2026-08-12T06:00:00+00:00,1,17.4,0,Linked live river forecast reach,301.76608574529314
MP0270_Maihr,Maihar,Satna,Ganga,Tons,24.261666666666667,80.80611111111111,440907351,3,2026-08-12T09:00:00+00:00,1,15.6,0,Linked live river forecast reach,301.76608574529314
MP0270_Maihr,Maihar,Satna,Ganga,Tons,24.261666666666667,80.80611111111111,440907351,3,2026-08-12T12:00:00+00:00,1,13.7,0,Linked live river forecast reach,301.76608574529314
MP0270_Maihr,Maihar,Satna,Ganga,Tons,24.261666666666667,80.80611111111111,440907351,3,2026-08-12T15:00:00+00:00,2,12.4,0,Linked live river forecast reach,301.76608574529314
MP0270_Maihr,Maihar,Satna,Ganga,Tons,24.261666666666667,80.80611111111111,440907351,3,2026-08-12T18:00:00+00:00,2,11.3,0,Linked live river forecast reach,301.76608574529314
MP0270_Maihr,Maihar,Satna,Ganga,Tons,24.261666666666667,80.80611111111111,440907351,3,2026-08-12T21:00:00+00:00,2,10.5,0,Linked live river forecast reach,301.76608574529314
MP0270_Maihr,Maihar,Satna,Ganga,Tons,24.261666666666667,80.80611111111111,440907351,3,2026-08-13T00:00:00+00:00,2,10.4,0,Linked live river forecast reach,301.76608574529314
MP0270_Maihr,Maihar,Satna,Ganga,Tons,24.261666666666667,80.80611111111111,440907351,3,2026-08-13T03:00:00+00:00,2,10.6,0,Linked live river forecast reach,301.76608574529314
MP0270_Maihr,Maihar,Satna,Ganga,Tons,24.261666666666667,80.80611111111111,440907351,3,2026-08-13T06:00:00+00:00,2,10.5,0,Linked live river forecast reach,301.76608574529314
MP0270_Maihr,Maihar,Satna,Ganga,Tons,24.261666666666667,80.80611111111111,440907351,3,2026-08-13T09:00:00+00:00,2,10.6,0,Linked live river forecast reach,301.76608574529314
MP0270_Maihr,Maihar,Satna,Ganga,Tons,24.261666666666667,80.80611111111111,440907351,3,2026-08-13T12:00:00+00:00,2,11.2,0,Linked live river forecast reach,301.76608574529314
MP0270_Maihr,Maihar,Satna,Ganga,Tons,24.261666666666667,80.80611111111111,440907351,3,2026-08-13T15:00:00+00:00,3,12.4,0,Linked live river forecast reach,301.76608574529314
MP0270_Maihr,Maihar,Satna,Ganga,Tons,24.261666666666667,80.80611111111111,440907351,3,2026-08-13T18:00:00+00:00,3,14.2,0,Linked live river forecast reach,301.76608574529314
MP0270_Maihr,Maihar,Satna,Ganga,Tons,24.261666666666667,80.80611111111111,440907351,3,2026-08-13T21:00:00+00:00,3,17.8,0,Linked live river forecast reach,301.76608574529314
MP0270_Maihr,Maihar,Satna,Ganga,Tons,24.261666666666667,80.80611111111111,440907351,3,2026-08-14T00:00:00+00:00,3,20.0,0,Linked live river forecast reach,301.76608574529314
MP0270_Maihr,Maihar,Satna,Ganga,Tons,24.261666666666667,80.80611111111111,440907351,3,2026-08-14T03:00:00+00:00,3,24.7,0,Linked live river forecast reach,301.76608574529314
MP0270_Maihr,Maihar,Satna,Ganga,Tons,24.261666666666667,80.80611111111111,440907351,3,2026-08-14T06:00:00+00:00,3,30.4,0,Linked live river forecast reach,301.76608574529314
MP0270_Maihr,Maihar,Satna,Ganga,Tons,24.261666666666667,80.80611111111111,440907351,3,2026-08-14T09:00:00+00:00,3,37.7,0,Linked live river forecast reach,301.76608574529314
MP0270_Maihr,Maihar,Satna,Ganga,Tons,24.261666666666667,80.80611111111111,440907351,3,2026-08-14T12:00:00+00:00,3,41.8,0,Linked live river forecast reach,301.76608574529314
MP0270_Maihr,Maihar,Satna,Ganga,Tons,24.261666666666667,80.80611111111111,440907351,3,2026-08-14T15:00:00+00:00,4,45.7,0,Linked live river forecast reach,301.76608574529314
MP0270_Maihr,Maihar,Satna,Ganga,Tons,24.261666666666667,80.80611111111111,440907351,3,2026-08-14T18:00:00+00:00,4,56.0,0,Linked live river forecast reach,301.76608574529314
MP0270_Maihr,Maihar,Satna,Ganga,Tons,24.261666666666667,80.80611111111111,440907351,3,2026-08-14T21:00:00+00:00,4,65.0,0,Linked live river forecast reach,301.76608574529314
MP0270_Maihr,Maihar,Satna,Ganga,Tons,24.261666666666667,80.80611111111111,440907351,3,2026-08-15T00:00:00+00:00,4,70.0,0,Linked live river forecast reach,301.76608574529314
MP0270_Maihr,Maihar,Satna,Ganga,Tons,24.261666666666667,80.80611111111111,440907351,3,2026-08-15T03:00:00+00:00,4,75.9,0,Linked live river forecast reach,301.76608574529314
MP0270_Maihr,Maihar,Satna,Ganga,Tons,24.261666666666667,80.80611111111111,440907351,3,2026-08-15T06:00:00+00:00,4,79.2,0,Linked live river forecast reach,301.76608574529314
MP0270_Maihr,Maihar,Satna,Ganga,Tons,24.261666666666667,80.80611111111111,440907351,3,2026-08-15T09:00:00+00:00,4,79.2,0,Linked live river forecast reach,301.76608574529314
MP0270_Maihr,Maihar,Satna,Ganga,Tons,24.261666666666667,80.80611111111111,440907351,3,2026-08-15T12:00:00+00:00,4,76.7,0,Linked live river forecast reach,301.76608574529314
MP0270_Maihr,Maihar,Satna,Ganga,Tons,24.261666666666667,80.80611111111111,440907351,3,2026-08-15T15:00:00+00:00,5,72.7,0,Linked live river forecast reach,301.76608574529314
MP0270_Maihr,Maihar,Satna,Ganga,Tons,24.261666666666667,80.80611111111111,440907351,3,2026-08-15T18:00:00+00:00,5,69.4,0,Linked live river forecast reach,301.76608574529314
MP0270_Maihr,Maihar,Satna,Ganga,Tons,24.261666666666667,80.80611111111111,440907351,3,2026-08-15T21:00:00+00:00,5,67.2,0,Linked live river forecast reach,301.76608574529314
MP0270_Maihr,Maihar,Satna,Ganga,Tons,24.261666666666667,80.80611111111111,440907351,3,2026-08-16T00:00:00+00:00,5,64.8,0,Linked live river forecast reach,301.76608574529314
MP0270_Maihr,Maihar,Satna,Ganga,Tons,24.261666666666667,80.80611111111111,440907351,3,2026-08-16T03:00:00+00:00,5,63.8,0,Linked live river forecast reach,301.76608574529314
MP0270_Maihr,Maihar,Satna,Ganga,Tons,24.261666666666667,80.80611111111111,440907351,3,2026-08-16T06:00:00+00:00,5,63.3,0,Linked live river forecast reach,301.76608574529314
MP0270_Maihr,Maihar,Satna,Ganga,Tons,24.261666666666667,80.80611111111111,440907351,3,2026-08-16T09:00:00+00:00,5,63.0,0,Linked live river forecast reach,301.76608574529314
MP0270_Maihr,Maihar,Satna,Ganga,Tons,24.261666666666667,80.80611111111111,440907351,3,2026-08-16T12:00:00+00:00,5,63.4,0,Linked live river forecast reach,301.76608574529314
MP0270_Maihr,Maihar,Satna,Ganga,Tons,24.261666666666667,80.80611111111111,440907351,3,2026-08-16T15:00:00+00:00,6,63.4,0,Linked live river forecast reach,301.76608574529314
MP0270_Maihr,Maihar,Satna,Ganga,Tons,24.261666666666667,80.80611111111111,440907351,3,2026-08-16T18:00:00+00:00,6,62.7,0,Linked live river forecast reach,301.76608574529314
MP0270_Maihr,Maihar,Satna,Ganga,Tons,24.261666666666667,80.80611111111111,440907351,3,2026-08-16T21:00:00+00:00,6,62.6,0,Linked live river forecast reach,301.76608574529314
MP0270_Maihr,Maihar,Satna,Ganga,Tons,24.261666666666667,80.80611111111111,440907351,3,2026-08-17T00:00:00+00:00,6,61.6,0,Linked live river forecast reach,301.76608574529314
MP0270_Maihr,Maihar,Satna,Ganga,Tons,24.261666666666667,80.80611111111111,440907351,3,2026-08-17T03:00:00+00:00,6,58.9,0,Linked live river forecast reach,301.76608574529314
MP0270_Maihr,Maihar,Satna,Ganga,Tons,24.261666666666667,80.80611111111111,440907351,3,2026-08-17T06:00:00+00:00,6,55.0,0,Linked live river forecast reach,301.76608574529314
MP0270_Maihr,Maihar,Satna,Ganga,Tons,24.261666666666667,80.80611111111111,440907351,3,2026-08-17T09:00:00+00:00,6,50.5,0,Linked live river forecast reach,301.76608574529314
MP0270_Maihr,Maihar,Satna,Ganga,Tons,24.261666666666667,80.80611111111111,440907351,3,2026-08-17T12:00:00+00:00,6,44.5,0,Linked live river forecast reach,301.76608574529314
MP0270_Maihr,Maihar,Satna,Ganga,Tons,24.261666666666667,80.80611111111111,440907351,3,2026-08-17T15:00:00+00:00,7,39.2,0,Linked live river forecast reach,301.76608574529314
MP0270_Pthra,Patehera,Rewa,Ganga,Tons,24.925,81.40805555555555,441043544,5,2026-08-10T15:00:00+00:00,0,373.4,0,Linked live river forecast reach,352.58452484565396
MP0270_Pthra,Patehera,Rewa,Ganga,Tons,24.925,81.40805555555555,441043544,5,2026-08-10T18:00:00+00:00,0,404.2,0,Linked live river forecast reach,352.58452484565396
MP0270_Pthra,Patehera,Rewa,Ganga,Tons,24.925,81.40805555555555,441043544,5,2026-08-10T21:00:00+00:00,0,423.5,0,Linked live river forecast reach,352.58452484565396
MP0270_Pthra,Patehera,Rewa,Ganga,Tons,24.925,81.40805555555555,441043544,5,2026-08-11T00:00:00+00:00,0,432.8,0,Linked live river forecast reach,352.58452484565396
MP0270_Pthra,Patehera,Rewa,Ganga,Tons,24.925,81.40805555555555,441043544,5,2026-08-11T03:00:00+00:00,0,442.5,0,Linked live river forecast reach,352.58452484565396
MP0270_Pthra,Patehera,Rewa,Ganga,Tons,24.925,81.40805555555555,441043544,5,2026-08-11T06:00:00+00:00,0,456.7,0,Linked live river forecast reach,352.58452484565396
MP0270_Pthra,Patehera,Rewa,Ganga,Tons,24.925,81.40805555555555,441043544,5,2026-08-11T09:00:00+00:00,0,473.0,0,Linked live river forecast reach,352.58452484565396
MP0270_Pthra,Patehera,Rewa,Ganga,Tons,24.925,81.40805555555555,441043544,5,2026-08-11T12:00:00+00:00,0,487.7,0,Linked live river forecast reach,352.58452484565396
MP0270_Pthra,Patehera,Rewa,Ganga,Tons,24.925,81.40805555555555,441043544,5,2026-08-11T15:00:00+00:00,1,497.5,0,Linked live river forecast reach,352.58452484565396
MP0270_Pthra,Patehera,Rewa,Ganga,Tons,24.925,81.40805555555555,441043544,5,2026-08-11T18:00:00+00:00,1,501.7,0,Linked live river forecast reach,352.58452484565396
MP0270_Pthra,Patehera,Rewa,Ganga,Tons,24.925,81.40805555555555,441043544,5,2026-08-11T21:00:00+00:00,1,501.9,0,Linked live river forecast reach,352.58452484565396
MP0270_Pthra,Patehera,Rewa,Ganga,Tons,24.925,81.40805555555555,441043544,5,2026-08-12T00:00:00+00:00,1,498.4,0,Linked live river forecast reach,352.58452484565396
MP0270_Pthra,Patehera,Rewa,Ganga,Tons,24.925,81.40805555555555,441043544,5,2026-08-12T03:00:00+00:00,1,490.4,0,Linked live river forecast reach,352.58452484565396
MP0270_Pthra,Patehera,Rewa,Ganga,Tons,24.925,81.40805555555555,441043544,5,2026-08-12T06:00:00+00:00,1,479.6,0,Linked live river forecast reach,352.58452484565396
MP0270_Pthra,Patehera,Rewa,Ganga,Tons,24.925,81.40805555555555,441043544,5,2026-08-12T09:00:00+00:00,1,468.3,0,Linked live river forecast reach,352.58452484565396
MP0270_Pthra,Patehera,Rewa,Ganga,Tons,24.925,81.40805555555555,441043544,5,2026-08-12T12:00:00+00:00,1,457.6,0,Linked live river forecast reach,352.58452484565396
MP0270_Pthra,Patehera,Rewa,Ganga,Tons,24.925,81.40805555555555,441043544,5,2026-08-12T15:00:00+00:00,2,448.2,0,Linked live river forecast reach,352.58452484565396
MP0270_Pthra,Patehera,Rewa,Ganga,Tons,24.925,81.40805555555555,441043544,5,2026-08-12T18:00:00+00:00,2,438.4,0,Linked live river forecast reach,352.58452484565396
MP0270_Pthra,Patehera,Rewa,Ganga,Tons,24.925,81.40805555555555,441043544,5,2026-08-12T21:00:00+00:00,2,425.8,0,Linked live river forecast reach,352.58452484565396
MP0270_Pthra,Patehera,Rewa,Ganga,Tons,24.925,81.40805555555555,441043544,5,2026-08-13T00:00:00+00:00,2,406.9,0,Linked live river forecast reach,352.58452484565396
MP0270_Pthra,Patehera,Rewa,Ganga,Tons,24.925,81.40805555555555,441043544,5,2026-08-13T03:00:00+00:00,2,381.3,0,Linked live river forecast reach,352.58452484565396
MP0270_Pthra,Patehera,Rewa,Ganga,Tons,24.925,81.40805555555555,441043544,5,2026-08-13T06:00:00+00:00,2,351.9,0,Linked live river forecast reach,352.58452484565396
MP0270_Pthra,Patehera,Rewa,Ganga,Tons,24.925,81.40805555555555,441043544,5,2026-08-13T09:00:00+00:00,2,323.0,0,Linked live river forecast reach,352.58452484565396
MP0270_Pthra,Patehera,Rewa,Ganga,Tons,24.925,81.40805555555555,441043544,5,2026-08-13T12:00:00+00:00,2,298.2,0,Linked live river forecast reach,352.58452484565396
MP0270_Pthra,Patehera,Rewa,Ganga,Tons,24.925,81.40805555555555,441043544,5,2026-08-13T15:00:00+00:00,3,279.5,0,Linked live river forecast reach,352.58452484565396
MP0270_Pthra,Patehera,Rewa,Ganga,Tons,24.925,81.40805555555555,441043544,5,2026-08-13T18:00:00+00:00,3,267.2,0,Linked live river forecast reach,352.58452484565396
MP0270_Pthra,Patehera,Rewa,Ganga,Tons,24.925,81.40805555555555,441043544,5,2026-08-13T21:00:00+00:00,3,258.3,0,Linked live river forecast reach,352.58452484565396
MP0270_Pthra,Patehera,Rewa,Ganga,Tons,24.925,81.40805555555555,441043544,5,2026-08-14T00:00:00+00:00,3,249.6,0,Linked live river forecast reach,352.58452484565396
MP0270_Pthra,Patehera,Rewa,Ganga,Tons,24.925,81.40805555555555,441043544,5,2026-08-14T03:00:00+00:00,3,239.6,0,Linked live river forecast reach,352.58452484565396
MP0270_Pthra,Patehera,Rewa,Ganga,Tons,24.925,81.40805555555555,441043544,5,2026-08-14T06:00:00+00:00,3,229.7,0,Linked live river forecast reach,352.58452484565396
MP0270_Pthra,Patehera,Rewa,Ganga,Tons,24.925,81.40805555555555,441043544,5,2026-08-14T09:00:00+00:00,3,220.9,0,Linked live river forecast reach,352.58452484565396
MP0270_Pthra,Patehera,Rewa,Ganga,Tons,24.925,81.40805555555555,441043544,5,2026-08-14T12:00:00+00:00,3,214.5,0,Linked live river forecast reach,352.58452484565396
MP0270_Pthra,Patehera,Rewa,Ganga,Tons,24.925,81.40805555555555,441043544,5,2026-08-14T15:00:00+00:00,4,210.7,0,Linked live river forecast reach,352.58452484565396
MP0270_Pthra,Patehera,Rewa,Ganga,Tons,24.925,81.40805555555555,441043544,5,2026-08-14T18:00:00+00:00,4,209.2,0,Linked live river forecast reach,352.58452484565396
MP0270_Pthra,Patehera,Rewa,Ganga,Tons,24.925,81.40805555555555,441043544,5,2026-08-14T21:00:00+00:00,4,208.6,0,Linked live river forecast reach,352.58452484565396
MP0270_Pthra,Patehera,Rewa,Ganga,Tons,24.925,81.40805555555555,441043544,5,2026-08-15T00:00:00+00:00,4,208.8,0,Linked live river forecast reach,352.58452484565396
MP0270_Pthra,Patehera,Rewa,Ganga,Tons,24.925,81.40805555555555,441043544,5,2026-08-15T03:00:00+00:00,4,210.5,0,Linked live river forecast reach,352.58452484565396
MP0270_Pthra,Patehera,Rewa,Ganga,Tons,24.925,81.40805555555555,441043544,5,2026-08-15T06:00:00+00:00,4,212.9,0,Linked live river forecast reach,352.58452484565396
MP0270_Pthra,Patehera,Rewa,Ganga,Tons,24.925,81.40805555555555,441043544,5,2026-08-15T09:00:00+00:00,4,215.4,0,Linked live river forecast reach,352.58452484565396
MP0270_Pthra,Patehera,Rewa,Ganga,Tons,24.925,81.40805555555555,441043544,5,2026-08-15T12:00:00+00:00,4,217.4,0,Linked live river forecast reach,352.58452484565396
MP0270_Pthra,Patehera,Rewa,Ganga,Tons,24.925,81.40805555555555,441043544,5,2026-08-15T15:00:00+00:00,5,218.6,0,Linked live river forecast reach,352.58452484565396
MP0270_Pthra,Patehera,Rewa,Ganga,Tons,24.925,81.40805555555555,441043544,5,2026-08-15T18:00:00+00:00,5,220.3,0,Linked live river forecast reach,352.58452484565396
MP0270_Pthra,Patehera,Rewa,Ganga,Tons,24.925,81.40805555555555,441043544,5,2026-08-15T21:00:00+00:00,5,223.8,0,Linked live river forecast reach,352.58452484565396
MP0270_Pthra,Patehera,Rewa,Ganga,Tons,24.925,81.40805555555555,441043544,5,2026-08-16T00:00:00+00:00,5,231.4,0,Linked live river forecast reach,352.58452484565396
MP0270_Pthra,Patehera,Rewa,Ganga,Tons,24.925,81.40805555555555,441043544,5,2026-08-16T03:00:00+00:00,5,242.6,0,Linked live river forecast reach,352.58452484565396
MP0270_Pthra,Patehera,Rewa,Ganga,Tons,24.925,81.40805555555555,441043544,5,2026-08-16T06:00:00+00:00,5,255.0,0,Linked live river forecast reach,352.58452484565396
MP0270_Pthra,Patehera,Rewa,Ganga,Tons,24.925,81.40805555555555,441043544,5,2026-08-16T09:00:00+00:00,5,267.2,0,Linked live river forecast reach,352.58452484565396
MP0270_Pthra,Patehera,Rewa,Ganga,Tons,24.925,81.40805555555555,441043544,5,2026-08-16T12:00:00+00:00,5,278.2,0,Linked live river forecast reach,352.58452484565396
MP0270_Pthra,Patehera,Rewa,Ganga,Tons,24.925,81.40805555555555,441043544,5,2026-08-16T15:00:00+00:00,6,288.2,0,Linked live river forecast reach,352.58452484565396
MP0270_Pthra,Patehera,Rewa,Ganga,Tons,24.925,81.40805555555555,441043544,5,2026-08-16T18:00:00+00:00,6,294.8,0,Linked live river forecast reach,352.58452484565396
MP0270_Pthra,Patehera,Rewa,Ganga,Tons,24.925,81.40805555555555,441043544,5,2026-08-16T21:00:00+00:00,6,297.9,0,Linked live river forecast reach,352.58452484565396
MP0270_Pthra,Patehera,Rewa,Ganga,Tons,24.925,81.40805555555555,441043544,5,2026-08-17T00:00:00+00:00,6,300.2,0,Linked live river forecast reach,352.58452484565396
MP0270_Pthra,Patehera,Rewa,Ganga,Tons,24.925,81.40805555555555,441043544,5,2026-08-17T03:00:00+00:00,6,303.1,0,Linked live river forecast reach,352.58452484565396
MP0270_Pthra,Patehera,Rewa,Ganga,Tons,24.925,81.40805555555555,441043544,5,2026-08-17T06:00:00+00:00,6,305.0,0,Linked live river forecast reach,352.58452484565396
MP0270_Pthra,Patehera,Rewa,Ganga,Tons,24.925,81.40805555555555,441043544,5,2026-08-17T09:00:00+00:00,6,304.8,0,Linked live river forecast reach,352.58452484565396
MP0270_Pthra,Patehera,Rewa,Ganga,Tons,24.925,81.40805555555555,441043544,5,2026-08-17T12:00:00+00:00,6,302.6,0,Linked live river forecast reach,352.58452484565396
MP0270_Pthra,Patehera,Rewa,Ganga,Tons,24.925,81.40805555555555,441043544,5,2026-08-17T15:00:00+00:00,7,299.2,0,Linked live river forecast reach,352.58452484565396
MP0271_SnsrP,Sansarpur,Rewa,Ganga,Tons,24.740555555555556,81.4636111111111,440889440,3,2026-08-10T15:00:00+00:00,0,7.6,0,Linked live river forecast reach,87.03421424478749
MP0272_Khtkr,Khatkhari,Rewa,Ganga,Tons,24.727222222222224,81.80555555555556,440877057,4,2026-08-10T15:00:00+00:00,0,17.1,0,Linked live river forecast reach,25.211494702845812
MP0610_BLGHT,Balaghat,Balaghat,Godavari,Wainganga,21.80388888888889,80.16166666666666,440877185,5,2026-08-10T15:00:00+00:00,0,974.8,0,Linked live river forecast reach,269.09153561827316
MP0610_BNDOL,Bandol,Seoni,Godavari,Wainganga,22.238333333333333,79.5286111111111,440862031,4,2026-08-10T15:00:00+00:00,0,161.4,0,Linked live river forecast reach,22.704709048096394
MP0610_CHNDL,Chhindlai,Balaghat,Godavari,Wainganga,22.018333333333334,80.11083333333333,440896440,5,2026-08-10T15:00:00+00:00,0,748.2,0,Linked live river forecast reach,532.2978963658209
MP0610_CHNDL,Chhindlai,Balaghat,Godavari,Wainganga,22.018333333333334,80.11083333333333,440896440,5,2026-08-10T18:00:00+00:00,0,765.3,0,Linked live river forecast reach,532.2978963658209
MP0610_CHNDL,Chhindlai,Balaghat,Godavari,Wainganga,22.018333333333334,80.11083333333333,440896440,5,2026-08-10T21:00:00+00:00,0,788.3,0,Linked live river forecast reach,532.2978963658209
MP0610_CHNDL,Chhindlai,Balaghat,Godavari,Wainganga,22.018333333333334,80.11083333333333,440896440,5,2026-08-11T00:00:00+00:00,0,818.7,0,Linked live river forecast reach,532.2978963658209
MP0610_CHNDL,Chhindlai,Balaghat,Godavari,Wainganga,22.018333333333334,80.11083333333333,440896440,5,2026-08-11T03:00:00+00:00,0,840.8,0,Linked live river forecast reach,532.2978963658209
MP0610_CHNDL,Chhindlai,Balaghat,Godavari,Wainganga,22.018333333333334,80.11083333333333,440896440,5,2026-08-11T06:00:00+00:00,0,842.0,0,Linked live river forecast reach,532.2978963658209
MP0610_CHNDL,Chhindlai,Balaghat,Godavari,Wainganga,22.018333333333334,80.11083333333333,440896440,5,2026-08-11T09:00:00+00:00,0,826.8,0,Linked live river forecast reach,532.2978963658209
MP0610_CHNDL,Chhindlai,Balaghat,Godavari,Wainganga,22.018333333333334,80.11083333333333,440896440,5,2026-08-11T12:00:00+00:00,0,809.8,0,Linked live river forecast reach,532.2978963658209
MP0610_CHNDL,Chhindlai,Balaghat,Godavari,Wainganga,22.018333333333334,80.11083333333333,440896440,5,2026-08-11T15:00:00+00:00,1,800.6,0,Linked live river forecast reach,532.2978963658209
MP0610_CHNDL,Chhindlai,Balaghat,Godavari,Wainganga,22.018333333333334,80.11083333333333,440896440,5,2026-08-11T18:00:00+00:00,1,792.7,0,Linked live river forecast reach,532.2978963658209
MP0610_CHNDL,Chhindlai,Balaghat,Godavari,Wainganga,22.018333333333334,80.11083333333333,440896440,5,2026-08-11T21:00:00+00:00,1,776.0,0,Linked live river forecast reach,532.2978963658209
MP0610_CHNDL,Chhindlai,Balaghat,Godavari,Wainganga,22.018333333333334,80.11083333333333,440896440,5,2026-08-12T00:00:00+00:00,1,756.2,0,Linked live river forecast reach,532.2978963658209
MP0610_CHNDL,Chhindlai,Balaghat,Godavari,Wainganga,22.018333333333334,80.11083333333333,440896440,5,2026-08-12T03:00:00+00:00,1,741.7,0,Linked live river forecast reach,532.2978963658209
MP0610_CHNDL,Chhindlai,Balaghat,Godavari,Wainganga,22.018333333333334,80.11083333333333,440896440,5,2026-08-12T06:00:00+00:00,1,732.2,0,Linked live river forecast reach,532.2978963658209
MP0610_CHNDL,Chhindlai,Balaghat,Godavari,Wainganga,22.018333333333334,80.11083333333333,440896440,5,2026-08-12T09:00:00+00:00,1,725.0,0,Linked live river forecast reach,532.2978963658209
MP0610_CHNDL,Chhindlai,Balaghat,Godavari,Wainganga,22.018333333333334,80.11083333333333,440896440,5,2026-08-12T12:00:00+00:00,1,716.8,0,Linked live river forecast reach,532.2978963658209
MP0610_CHNDL,Chhindlai,Balaghat,Godavari,Wainganga,22.018333333333334,80.11083333333333,440896440,5,2026-08-12T15:00:00+00:00,2,712.6,0,Linked live river forecast reach,532.2978963658209
MP0610_CHNDL,Chhindlai,Balaghat,Godavari,Wainganga,22.018333333333334,80.11083333333333,440896440,5,2026-08-12T18:00:00+00:00,2,717.4,0,Linked live river forecast reach,532.2978963658209
MP0610_CHNDL,Chhindlai,Balaghat,Godavari,Wainganga,22.018333333333334,80.11083333333333,440896440,5,2026-08-12T21:00:00+00:00,2,723.6,0,Linked live river forecast reach,532.2978963658209
MP0610_CHNDL,Chhindlai,Balaghat,Godavari,Wainganga,22.018333333333334,80.11083333333333,440896440,5,2026-08-13T00:00:00+00:00,2,730.7,0,Linked live river forecast reach,532.2978963658209
MP0610_CHNDL,Chhindlai,Balaghat,Godavari,Wainganga,22.018333333333334,80.11083333333333,440896440,5,2026-08-13T03:00:00+00:00,2,740.8,0,Linked live river forecast reach,532.2978963658209
MP0610_CHNDL,Chhindlai,Balaghat,Godavari,Wainganga,22.018333333333334,80.11083333333333,440896440,5,2026-08-13T06:00:00+00:00,2,748.5,0,Linked live river forecast reach,532.2978963658209
MP0610_CHNDL,Chhindlai,Balaghat,Godavari,Wainganga,22.018333333333334,80.11083333333333,440896440,5,2026-08-13T09:00:00+00:00,2,748.5,0,Linked live river forecast reach,532.2978963658209
MP0610_CHNDL,Chhindlai,Balaghat,Godavari,Wainganga,22.018333333333334,80.11083333333333,440896440,5,2026-08-13T12:00:00+00:00,2,740.7,0,Linked live river forecast reach,532.2978963658209
MP0610_CHNDL,Chhindlai,Balaghat,Godavari,Wainganga,22.018333333333334,80.11083333333333,440896440,5,2026-08-13T15:00:00+00:00,3,729.6,0,Linked live river forecast reach,532.2978963658209
MP0610_CHNDL,Chhindlai,Balaghat,Godavari,Wainganga,22.018333333333334,80.11083333333333,440896440,5,2026-08-13T18:00:00+00:00,3,716.9,0,Linked live river forecast reach,532.2978963658209
MP0610_CHNDL,Chhindlai,Balaghat,Godavari,Wainganga,22.018333333333334,80.11083333333333,440896440,5,2026-08-13T21:00:00+00:00,3,701.3,0,Linked live river forecast reach,532.2978963658209
MP0610_CHNDL,Chhindlai,Balaghat,Godavari,Wainganga,22.018333333333334,80.11083333333333,440896440,5,2026-08-14T00:00:00+00:00,3,683.3,0,Linked live river forecast reach,532.2978963658209
MP0610_CHNDL,Chhindlai,Balaghat,Godavari,Wainganga,22.018333333333334,80.11083333333333,440896440,5,2026-08-14T03:00:00+00:00,3,663.5,0,Linked live river forecast reach,532.2978963658209
MP0610_CHNDL,Chhindlai,Balaghat,Godavari,Wainganga,22.018333333333334,80.11083333333333,440896440,5,2026-08-14T06:00:00+00:00,3,641.2,0,Linked live river forecast reach,532.2978963658209
MP0610_CHNDL,Chhindlai,Balaghat,Godavari,Wainganga,22.018333333333334,80.11083333333333,440896440,5,2026-08-14T09:00:00+00:00,3,618.0,0,Linked live river forecast reach,532.2978963658209
MP0610_CHNDL,Chhindlai,Balaghat,Godavari,Wainganga,22.018333333333334,80.11083333333333,440896440,5,2026-08-14T12:00:00+00:00,3,597.6,0,Linked live river forecast reach,532.2978963658209
MP0610_CHNDL,Chhindlai,Balaghat,Godavari,Wainganga,22.018333333333334,80.11083333333333,440896440,5,2026-08-14T15:00:00+00:00,4,582.4,0,Linked live river forecast reach,532.2978963658209
MP0610_CHNDL,Chhindlai,Balaghat,Godavari,Wainganga,22.018333333333334,80.11083333333333,440896440,5,2026-08-14T18:00:00+00:00,4,572.8,0,Linked live river forecast reach,532.2978963658209
MP0610_CHNDL,Chhindlai,Balaghat,Godavari,Wainganga,22.018333333333334,80.11083333333333,440896440,5,2026-08-14T21:00:00+00:00,4,567.0,0,Linked live river forecast reach,532.2978963658209
MP0610_CHNDL,Chhindlai,Balaghat,Godavari,Wainganga,22.018333333333334,80.11083333333333,440896440,5,2026-08-15T00:00:00+00:00,4,566.4,0,Linked live river forecast reach,532.2978963658209
MP0610_CHNDL,Chhindlai,Balaghat,Godavari,Wainganga,22.018333333333334,80.11083333333333,440896440,5,2026-08-15T03:00:00+00:00,4,574.7,0,Linked live river forecast reach,532.2978963658209
MP0610_CHNDL,Chhindlai,Balaghat,Godavari,Wainganga,22.018333333333334,80.11083333333333,440896440,5,2026-08-15T06:00:00+00:00,4,587.8,0,Linked live river forecast reach,532.2978963658209
MP0610_CHNDL,Chhindlai,Balaghat,Godavari,Wainganga,22.018333333333334,80.11083333333333,440896440,5,2026-08-15T09:00:00+00:00,4,600.7,0,Linked live river forecast reach,532.2978963658209
MP0610_CHNDL,Chhindlai,Balaghat,Godavari,Wainganga,22.018333333333334,80.11083333333333,440896440,5,2026-08-15T12:00:00+00:00,4,611.8,0,Linked live river forecast reach,532.2978963658209
MP0610_CHNDL,Chhindlai,Balaghat,Godavari,Wainganga,22.018333333333334,80.11083333333333,440896440,5,2026-08-15T15:00:00+00:00,5,622.1,0,Linked live river forecast reach,532.2978963658209
MP0610_CHNDL,Chhindlai,Balaghat,Godavari,Wainganga,22.018333333333334,80.11083333333333,440896440,5,2026-08-15T18:00:00+00:00,5,630.5,0,Linked live river forecast reach,532.2978963658209
MP0610_CHNDL,Chhindlai,Balaghat,Godavari,Wainganga,22.018333333333334,80.11083333333333,440896440,5,2026-08-15T21:00:00+00:00,5,634.4,0,Linked live river forecast reach,532.2978963658209
MP0610_CHNDL,Chhindlai,Balaghat,Godavari,Wainganga,22.018333333333334,80.11083333333333,440896440,5,2026-08-16T00:00:00+00:00,5,637.5,0,Linked live river forecast reach,532.2978963658209
MP0610_CHNDL,Chhindlai,Balaghat,Godavari,Wainganga,22.018333333333334,80.11083333333333,440896440,5,2026-08-16T03:00:00+00:00,5,645.4,0,Linked live river forecast reach,532.2978963658209
MP0610_CHNDL,Chhindlai,Balaghat,Godavari,Wainganga,22.018333333333334,80.11083333333333,440896440,5,2026-08-16T06:00:00+00:00,5,654.8,0,Linked live river forecast reach,532.2978963658209
MP0610_CHNDL,Chhindlai,Balaghat,Godavari,Wainganga,22.018333333333334,80.11083333333333,440896440,5,2026-08-16T09:00:00+00:00,5,664.0,0,Linked live river forecast reach,532.2978963658209
MP0610_CHNDL,Chhindlai,Balaghat,Godavari,Wainganga,22.018333333333334,80.11083333333333,440896440,5,2026-08-16T12:00:00+00:00,5,677.4,0,Linked live river forecast reach,532.2978963658209
MP0610_CHNDL,Chhindlai,Balaghat,Godavari,Wainganga,22.018333333333334,80.11083333333333,440896440,5,2026-08-16T15:00:00+00:00,6,694.3,0,Linked live river forecast reach,532.2978963658209
MP0610_CHNDL,Chhindlai,Balaghat,Godavari,Wainganga,22.018333333333334,80.11083333333333,440896440,5,2026-08-16T18:00:00+00:00,6,713.6,0,Linked live river forecast reach,532.2978963658209
MP0610_CHNDL,Chhindlai,Balaghat,Godavari,Wainganga,22.018333333333334,80.11083333333333,440896440,5,2026-08-16T21:00:00+00:00,6,730.6,0,Linked live river forecast reach,532.2978963658209
MP0610_CHNDL,Chhindlai,Balaghat,Godavari,Wainganga,22.018333333333334,80.11083333333333,440896440,5,2026-08-17T00:00:00+00:00,6,741.6,0,Linked live river forecast reach,532.2978963658209
MP0610_CHNDL,Chhindlai,Balaghat,Godavari,Wainganga,22.018333333333334,80.11083333333333,440896440,5,2026-08-17T03:00:00+00:00,6,751.0,0,Linked live river forecast reach,532.2978963658209
MP0610_CHNDL,Chhindlai,Balaghat,Godavari,Wainganga,22.018333333333334,80.11083333333333,440896440,5,2026-08-17T06:00:00+00:00,6,759.2,0,Linked live river forecast reach,532.2978963658209
MP0610_CHNDL,Chhindlai,Balaghat,Godavari,Wainganga,22.018333333333334,80.11083333333333,440896440,5,2026-08-17T09:00:00+00:00,6,764.9,0,Linked live river forecast reach,532.2978963658209
MP0610_CHNDL,Chhindlai,Balaghat,Godavari,Wainganga,22.018333333333334,80.11083333333333,440896440,5,2026-08-17T12:00:00+00:00,6,769.2,0,Linked live river forecast reach,532.2978963658209
MP0610_CHNDL,Chhindlai,Balaghat,Godavari,Wainganga,22.018333333333334,80.11083333333333,440896440,5,2026-08-17T15:00:00+00:00,7,771.3,0,Linked live river forecast reach,532.2978963658209
MP0610_DEGHT,Deoghat,Seoni,Godavari,Wainganga,22.385555555555555,79.81333333333333,440893672,4,2026-08-10T15:00:00+00:00,0,182.8,0,Linked live river forecast reach,547.4762875932182
MP0610_DEGHT,Deoghat,Seoni,Godavari,Wainganga,22.385555555555555,79.81333333333333,440893672,4,2026-08-10T18:00:00+00:00,0,196.6,0,Linked live river forecast reach,547.4762875932182
MP0610_DEGHT,Deoghat,Seoni,Godavari,Wainganga,22.385555555555555,79.81333333333333,440893672,4,2026-08-10T21:00:00+00:00,0,208.9,0,Linked live river forecast reach,547.4762875932182
MP0610_DEGHT,Deoghat,Seoni,Godavari,Wainganga,22.385555555555555,79.81333333333333,440893672,4,2026-08-11T00:00:00+00:00,0,215.7,0,Linked live river forecast reach,547.4762875932182
MP0610_DEGHT,Deoghat,Seoni,Godavari,Wainganga,22.385555555555555,79.81333333333333,440893672,4,2026-08-11T03:00:00+00:00,0,220.5,0,Linked live river forecast reach,547.4762875932182
MP0610_DEGHT,Deoghat,Seoni,Godavari,Wainganga,22.385555555555555,79.81333333333333,440893672,4,2026-08-11T06:00:00+00:00,0,227.2,0,Linked live river forecast reach,547.4762875932182
MP0610_DEGHT,Deoghat,Seoni,Godavari,Wainganga,22.385555555555555,79.81333333333333,440893672,4,2026-08-11T09:00:00+00:00,0,235.6,0,Linked live river forecast reach,547.4762875932182
MP0610_DEGHT,Deoghat,Seoni,Godavari,Wainganga,22.385555555555555,79.81333333333333,440893672,4,2026-08-11T12:00:00+00:00,0,244.8,0,Linked live river forecast reach,547.4762875932182
MP0610_DEGHT,Deoghat,Seoni,Godavari,Wainganga,22.385555555555555,79.81333333333333,440893672,4,2026-08-11T15:00:00+00:00,1,254.2,0,Linked live river forecast reach,547.4762875932182
MP0610_DEGHT,Deoghat,Seoni,Godavari,Wainganga,22.385555555555555,79.81333333333333,440893672,4,2026-08-11T18:00:00+00:00,1,264.8,0,Linked live river forecast reach,547.4762875932182
MP0610_DEGHT,Deoghat,Seoni,Godavari,Wainganga,22.385555555555555,79.81333333333333,440893672,4,2026-08-11T21:00:00+00:00,1,274.6,0,Linked live river forecast reach,547.4762875932182
MP0610_DEGHT,Deoghat,Seoni,Godavari,Wainganga,22.385555555555555,79.81333333333333,440893672,4,2026-08-12T00:00:00+00:00,1,280.4,0,Linked live river forecast reach,547.4762875932182
MP0610_DEGHT,Deoghat,Seoni,Godavari,Wainganga,22.385555555555555,79.81333333333333,440893672,4,2026-08-12T03:00:00+00:00,1,283.3,0,Linked live river forecast reach,547.4762875932182
MP0610_DEGHT,Deoghat,Seoni,Godavari,Wainganga,22.385555555555555,79.81333333333333,440893672,4,2026-08-12T06:00:00+00:00,1,282.4,0,Linked live river forecast reach,547.4762875932182
MP0610_DEGHT,Deoghat,Seoni,Godavari,Wainganga,22.385555555555555,79.81333333333333,440893672,4,2026-08-12T09:00:00+00:00,1,274.7,0,Linked live river forecast reach,547.4762875932182
MP0610_DEGHT,Deoghat,Seoni,Godavari,Wainganga,22.385555555555555,79.81333333333333,440893672,4,2026-08-12T12:00:00+00:00,1,261.2,0,Linked live river forecast reach,547.4762875932182
MP0610_DEGHT,Deoghat,Seoni,Godavari,Wainganga,22.385555555555555,79.81333333333333,440893672,4,2026-08-12T15:00:00+00:00,2,245.4,0,Linked live river forecast reach,547.4762875932182
MP0610_DEGHT,Deoghat,Seoni,Godavari,Wainganga,22.385555555555555,79.81333333333333,440893672,4,2026-08-12T18:00:00+00:00,2,229.2,0,Linked live river forecast reach,547.4762875932182
MP0610_DEGHT,Deoghat,Seoni,Godavari,Wainganga,22.385555555555555,79.81333333333333,440893672,4,2026-08-12T21:00:00+00:00,2,213.2,0,Linked live river forecast reach,547.4762875932182
MP0610_DEGHT,Deoghat,Seoni,Godavari,Wainganga,22.385555555555555,79.81333333333333,440893672,4,2026-08-13T00:00:00+00:00,2,198.2,0,Linked live river forecast reach,547.4762875932182
MP0610_DEGHT,Deoghat,Seoni,Godavari,Wainganga,22.385555555555555,79.81333333333333,440893672,4,2026-08-13T03:00:00+00:00,2,185.5,0,Linked live river forecast reach,547.4762875932182
MP0610_DEGHT,Deoghat,Seoni,Godavari,Wainganga,22.385555555555555,79.81333333333333,440893672,4,2026-08-13T06:00:00+00:00,2,176.0,0,Linked live river forecast reach,547.4762875932182
MP0610_DEGHT,Deoghat,Seoni,Godavari,Wainganga,22.385555555555555,79.81333333333333,440893672,4,2026-08-13T09:00:00+00:00,2,169.4,0,Linked live river forecast reach,547.4762875932182
MP0610_DEGHT,Deoghat,Seoni,Godavari,Wainganga,22.385555555555555,79.81333333333333,440893672,4,2026-08-13T12:00:00+00:00,2,166.1,0,Linked live river forecast reach,547.4762875932182
MP0610_DEGHT,Deoghat,Seoni,Godavari,Wainganga,22.385555555555555,79.81333333333333,440893672,4,2026-08-13T15:00:00+00:00,3,167.2,0,Linked live river forecast reach,547.4762875932182
MP0610_DEGHT,Deoghat,Seoni,Godavari,Wainganga,22.385555555555555,79.81333333333333,440893672,4,2026-08-13T18:00:00+00:00,3,170.1,0,Linked live river forecast reach,547.4762875932182
MP0610_DEGHT,Deoghat,Seoni,Godavari,Wainganga,22.385555555555555,79.81333333333333,440893672,4,2026-08-13T21:00:00+00:00,3,171.6,0,Linked live river forecast reach,547.4762875932182
MP0610_DEGHT,Deoghat,Seoni,Godavari,Wainganga,22.385555555555555,79.81333333333333,440893672,4,2026-08-14T00:00:00+00:00,3,171.0,0,Linked live river forecast reach,547.4762875932182
MP0610_DEGHT,Deoghat,Seoni,Godavari,Wainganga,22.385555555555555,79.81333333333333,440893672,4,2026-08-14T03:00:00+00:00,3,169.2,0,Linked live river forecast reach,547.4762875932182
MP0610_DEGHT,Deoghat,Seoni,Godavari,Wainganga,22.385555555555555,79.81333333333333,440893672,4,2026-08-14T06:00:00+00:00,3,166.8,0,Linked live river forecast reach,547.4762875932182
MP0610_DEGHT,Deoghat,Seoni,Godavari,Wainganga,22.385555555555555,79.81333333333333,440893672,4,2026-08-14T09:00:00+00:00,3,164.2,0,Linked live river forecast reach,547.4762875932182
MP0610_DEGHT,Deoghat,Seoni,Godavari,Wainganga,22.385555555555555,79.81333333333333,440893672,4,2026-08-14T12:00:00+00:00,3,162.3,0,Linked live river forecast reach,547.4762875932182
MP0610_DEGHT,Deoghat,Seoni,Godavari,Wainganga,22.385555555555555,79.81333333333333,440893672,4,2026-08-14T15:00:00+00:00,4,161.7,0,Linked live river forecast reach,547.4762875932182
MP0610_DEGHT,Deoghat,Seoni,Godavari,Wainganga,22.385555555555555,79.81333333333333,440893672,4,2026-08-14T18:00:00+00:00,4,162.4,0,Linked live river forecast reach,547.4762875932182
MP0610_DEGHT,Deoghat,Seoni,Godavari,Wainganga,22.385555555555555,79.81333333333333,440893672,4,2026-08-14T21:00:00+00:00,4,164.4,0,Linked live river forecast reach,547.4762875932182
MP0610_DEGHT,Deoghat,Seoni,Godavari,Wainganga,22.385555555555555,79.81333333333333,440893672,4,2026-08-15T00:00:00+00:00,4,166.5,0,Linked live river forecast reach,547.4762875932182
MP0610_DEGHT,Deoghat,Seoni,Godavari,Wainganga,22.385555555555555,79.81333333333333,440893672,4,2026-08-15T03:00:00+00:00,4,168.1,0,Linked live river forecast reach,547.4762875932182
MP0610_DEGHT,Deoghat,Seoni,Godavari,Wainganga,22.385555555555555,79.81333333333333,440893672,4,2026-08-15T06:00:00+00:00,4,170.7,0,Linked live river forecast reach,547.4762875932182
MP0610_DEGHT,Deoghat,Seoni,Godavari,Wainganga,22.385555555555555,79.81333333333333,440893672,4,2026-08-15T09:00:00+00:00,4,173.2,0,Linked live river forecast reach,547.4762875932182
MP0610_DEGHT,Deoghat,Seoni,Godavari,Wainganga,22.385555555555555,79.81333333333333,440893672,4,2026-08-15T12:00:00+00:00,4,174.0,0,Linked live river forecast reach,547.4762875932182
MP0610_DEGHT,Deoghat,Seoni,Godavari,Wainganga,22.385555555555555,79.81333333333333,440893672,4,2026-08-15T15:00:00+00:00,5,174.2,0,Linked live river forecast reach,547.4762875932182
MP0610_DEGHT,Deoghat,Seoni,Godavari,Wainganga,22.385555555555555,79.81333333333333,440893672,4,2026-08-15T18:00:00+00:00,5,174.5,0,Linked live river forecast reach,547.4762875932182
MP0610_DEGHT,Deoghat,Seoni,Godavari,Wainganga,22.385555555555555,79.81333333333333,440893672,4,2026-08-15T21:00:00+00:00,5,175.6,0,Linked live river forecast reach,547.4762875932182
MP0610_DEGHT,Deoghat,Seoni,Godavari,Wainganga,22.385555555555555,79.81333333333333,440893672,4,2026-08-16T00:00:00+00:00,5,178.2,0,Linked live river forecast reach,547.4762875932182
MP0610_DEGHT,Deoghat,Seoni,Godavari,Wainganga,22.385555555555555,79.81333333333333,440893672,4,2026-08-16T03:00:00+00:00,5,181.2,0,Linked live river forecast reach,547.4762875932182
MP0610_DEGHT,Deoghat,Seoni,Godavari,Wainganga,22.385555555555555,79.81333333333333,440893672,4,2026-08-16T06:00:00+00:00,5,185.0,0,Linked live river forecast reach,547.4762875932182
MP0610_DEGHT,Deoghat,Seoni,Godavari,Wainganga,22.385555555555555,79.81333333333333,440893672,4,2026-08-16T09:00:00+00:00,5,190.1,0,Linked live river forecast reach,547.4762875932182
MP0610_DEGHT,Deoghat,Seoni,Godavari,Wainganga,22.385555555555555,79.81333333333333,440893672,4,2026-08-16T12:00:00+00:00,5,196.2,0,Linked live river forecast reach,547.4762875932182
MP0610_DEGHT,Deoghat,Seoni,Godavari,Wainganga,22.385555555555555,79.81333333333333,440893672,4,2026-08-16T15:00:00+00:00,6,203.1,0,Linked live river forecast reach,547.4762875932182
MP0610_DEGHT,Deoghat,Seoni,Godavari,Wainganga,22.385555555555555,79.81333333333333,440893672,4,2026-08-16T18:00:00+00:00,6,210.0,0,Linked live river forecast reach,547.4762875932182
MP0610_DEGHT,Deoghat,Seoni,Godavari,Wainganga,22.385555555555555,79.81333333333333,440893672,4,2026-08-16T21:00:00+00:00,6,216.9,0,Linked live river forecast reach,547.4762875932182
MP0610_DEGHT,Deoghat,Seoni,Godavari,Wainganga,22.385555555555555,79.81333333333333,440893672,4,2026-08-17T00:00:00+00:00,6,222.6,0,Linked live river forecast reach,547.4762875932182
MP0610_DEGHT,Deoghat,Seoni,Godavari,Wainganga,22.385555555555555,79.81333333333333,440893672,4,2026-08-17T03:00:00+00:00,6,225.0,0,Linked live river forecast reach,547.4762875932182
MP0610_DEGHT,Deoghat,Seoni,Godavari,Wainganga,22.385555555555555,79.81333333333333,440893672,4,2026-08-17T06:00:00+00:00,6,227.2,0,Linked live river forecast reach,547.4762875932182
MP0610_DEGHT,Deoghat,Seoni,Godavari,Wainganga,22.385555555555555,79.81333333333333,440893672,4,2026-08-17T09:00:00+00:00,6,229.8,0,Linked live river forecast reach,547.4762875932182
MP0610_DEGHT,Deoghat,Seoni,Godavari,Wainganga,22.385555555555555,79.81333333333333,440893672,4,2026-08-17T12:00:00+00:00,6,230.9,0,Linked live river forecast reach,547.4762875932182
MP0610_DEGHT,Deoghat,Seoni,Godavari,Wainganga,22.385555555555555,79.81333333333333,440893672,4,2026-08-17T15:00:00+00:00,7,230.9,0,Linked live river forecast reach,547.4762875932182
MP0610_KHARI,Khairi,Balaghat,Godavari,Wainganga,21.545833333333334,79.97472222222223,440480912,2,2026-08-10T15:00:00+00:00,0,13.6,0,Linked live river forecast reach,340.0493136155929
MP0610_UGLI,Ugli,Seoni,Godavari,Wainganga,22.238611111111112,80.0875,440934958,5,2026-08-10T15:00:00+00:00,0,605.6,0,Linked live river forecast reach,276.9615820202045
MP0610_UGLI,Ugli,Seoni,Godavari,Wainganga,22.238611111111112,80.0875,440934958,5,2026-08-10T18:00:00+00:00,0,608.4,0,Linked live river forecast reach,276.9615820202045
MP0610_UGLI,Ugli,Seoni,Godavari,Wainganga,22.238611111111112,80.0875,440934958,5,2026-08-10T21:00:00+00:00,0,600.9,0,Linked live river forecast reach,276.9615820202045
MP0610_UGLI,Ugli,Seoni,Godavari,Wainganga,22.238611111111112,80.0875,440934958,5,2026-08-11T00:00:00+00:00,0,594.2,0,Linked live river forecast reach,276.9615820202045
MP0610_UGLI,Ugli,Seoni,Godavari,Wainganga,22.238611111111112,80.0875,440934958,5,2026-08-11T03:00:00+00:00,0,589.6,0,Linked live river forecast reach,276.9615820202045
MP0610_UGLI,Ugli,Seoni,Godavari,Wainganga,22.238611111111112,80.0875,440934958,5,2026-08-11T06:00:00+00:00,0,575.8,0,Linked live river forecast reach,276.9615820202045
MP0610_UGLI,Ugli,Seoni,Godavari,Wainganga,22.238611111111112,80.0875,440934958,5,2026-08-11T09:00:00+00:00,0,552.2,0,Linked live river forecast reach,276.9615820202045
MP0610_UGLI,Ugli,Seoni,Godavari,Wainganga,22.238611111111112,80.0875,440934958,5,2026-08-11T12:00:00+00:00,0,533.9,0,Linked live river forecast reach,276.9615820202045
MP0610_UGLI,Ugli,Seoni,Godavari,Wainganga,22.238611111111112,80.0875,440934958,5,2026-08-11T15:00:00+00:00,1,529.3,0,Linked live river forecast reach,276.9615820202045
MP0610_UGLI,Ugli,Seoni,Godavari,Wainganga,22.238611111111112,80.0875,440934958,5,2026-08-11T18:00:00+00:00,1,532.2,0,Linked live river forecast reach,276.9615820202045
MP0610_UGLI,Ugli,Seoni,Godavari,Wainganga,22.238611111111112,80.0875,440934958,5,2026-08-11T21:00:00+00:00,1,534.0,0,Linked live river forecast reach,276.9615820202045
MP0610_UGLI,Ugli,Seoni,Godavari,Wainganga,22.238611111111112,80.0875,440934958,5,2026-08-12T00:00:00+00:00,1,534.1,0,Linked live river forecast reach,276.9615820202045
MP0610_UGLI,Ugli,Seoni,Godavari,Wainganga,22.238611111111112,80.0875,440934958,5,2026-08-12T03:00:00+00:00,1,538.2,0,Linked live river forecast reach,276.9615820202045
MP0610_UGLI,Ugli,Seoni,Godavari,Wainganga,22.238611111111112,80.0875,440934958,5,2026-08-12T06:00:00+00:00,1,548.6,0,Linked live river forecast reach,276.9615820202045
MP0610_UGLI,Ugli,Seoni,Godavari,Wainganga,22.238611111111112,80.0875,440934958,5,2026-08-12T09:00:00+00:00,1,559.8,0,Linked live river forecast reach,276.9615820202045
MP0610_UGLI,Ugli,Seoni,Godavari,Wainganga,22.238611111111112,80.0875,440934958,5,2026-08-12T12:00:00+00:00,1,571.9,0,Linked live river forecast reach,276.9615820202045
MP0610_UGLI,Ugli,Seoni,Godavari,Wainganga,22.238611111111112,80.0875,440934958,5,2026-08-12T15:00:00+00:00,2,587.2,0,Linked live river forecast reach,276.9615820202045
MP0610_UGLI,Ugli,Seoni,Godavari,Wainganga,22.238611111111112,80.0875,440934958,5,2026-08-12T18:00:00+00:00,2,597.9,0,Linked live river forecast reach,276.9615820202045
MP0610_UGLI,Ugli,Seoni,Godavari,Wainganga,22.238611111111112,80.0875,440934958,5,2026-08-12T21:00:00+00:00,2,597.9,0,Linked live river forecast reach,276.9615820202045
MP0610_UGLI,Ugli,Seoni,Godavari,Wainganga,22.238611111111112,80.0875,440934958,5,2026-08-13T00:00:00+00:00,2,590.0,0,Linked live river forecast reach,276.9615820202045
MP0610_UGLI,Ugli,Seoni,Godavari,Wainganga,22.238611111111112,80.0875,440934958,5,2026-08-13T03:00:00+00:00,2,578.7,0,Linked live river forecast reach,276.9615820202045
MP0610_UGLI,Ugli,Seoni,Godavari,Wainganga,22.238611111111112,80.0875,440934958,5,2026-08-13T06:00:00+00:00,2,565.8,0,Linked live river forecast reach,276.9615820202045
MP0610_UGLI,Ugli,Seoni,Godavari,Wainganga,22.238611111111112,80.0875,440934958,5,2026-08-13T09:00:00+00:00,2,550.9,0,Linked live river forecast reach,276.9615820202045
MP0610_UGLI,Ugli,Seoni,Godavari,Wainganga,22.238611111111112,80.0875,440934958,5,2026-08-13T12:00:00+00:00,2,534.2,0,Linked live river forecast reach,276.9615820202045
MP0610_UGLI,Ugli,Seoni,Godavari,Wainganga,22.238611111111112,80.0875,440934958,5,2026-08-13T15:00:00+00:00,3,515.1,0,Linked live river forecast reach,276.9615820202045
MP0610_UGLI,Ugli,Seoni,Godavari,Wainganga,22.238611111111112,80.0875,440934958,5,2026-08-13T18:00:00+00:00,3,493.4,0,Linked live river forecast reach,276.9615820202045
MP0610_UGLI,Ugli,Seoni,Godavari,Wainganga,22.238611111111112,80.0875,440934958,5,2026-08-13T21:00:00+00:00,3,470.2,0,Linked live river forecast reach,276.9615820202045
MP0610_UGLI,Ugli,Seoni,Godavari,Wainganga,22.238611111111112,80.0875,440934958,5,2026-08-14T00:00:00+00:00,3,447.9,0,Linked live river forecast reach,276.9615820202045
MP0610_UGLI,Ugli,Seoni,Godavari,Wainganga,22.238611111111112,80.0875,440934958,5,2026-08-14T03:00:00+00:00,3,427.8,0,Linked live river forecast reach,276.9615820202045
MP0610_UGLI,Ugli,Seoni,Godavari,Wainganga,22.238611111111112,80.0875,440934958,5,2026-08-14T06:00:00+00:00,3,413.0,0,Linked live river forecast reach,276.9615820202045
MP0610_UGLI,Ugli,Seoni,Godavari,Wainganga,22.238611111111112,80.0875,440934958,5,2026-08-14T09:00:00+00:00,3,404.6,0,Linked live river forecast reach,276.9615820202045
MP0610_UGLI,Ugli,Seoni,Godavari,Wainganga,22.238611111111112,80.0875,440934958,5,2026-08-14T12:00:00+00:00,3,405.4,0,Linked live river forecast reach,276.9615820202045
MP0610_UGLI,Ugli,Seoni,Godavari,Wainganga,22.238611111111112,80.0875,440934958,5,2026-08-14T15:00:00+00:00,4,414.8,0,Linked live river forecast reach,276.9615820202045
MP0610_UGLI,Ugli,Seoni,Godavari,Wainganga,22.238611111111112,80.0875,440934958,5,2026-08-14T18:00:00+00:00,4,427.8,0,Linked live river forecast reach,276.9615820202045
MP0610_UGLI,Ugli,Seoni,Godavari,Wainganga,22.238611111111112,80.0875,440934958,5,2026-08-14T21:00:00+00:00,4,439.0,0,Linked live river forecast reach,276.9615820202045
MP0610_UGLI,Ugli,Seoni,Godavari,Wainganga,22.238611111111112,80.0875,440934958,5,2026-08-15T00:00:00+00:00,4,446.1,0,Linked live river forecast reach,276.9615820202045
MP0610_UGLI,Ugli,Seoni,Godavari,Wainganga,22.238611111111112,80.0875,440934958,5,2026-08-15T03:00:00+00:00,4,449.6,0,Linked live river forecast reach,276.9615820202045
MP0610_UGLI,Ugli,Seoni,Godavari,Wainganga,22.238611111111112,80.0875,440934958,5,2026-08-15T06:00:00+00:00,4,452.0,0,Linked live river forecast reach,276.9615820202045
MP0610_UGLI,Ugli,Seoni,Godavari,Wainganga,22.238611111111112,80.0875,440934958,5,2026-08-15T09:00:00+00:00,4,454.3,0,Linked live river forecast reach,276.9615820202045
MP0610_UGLI,Ugli,Seoni,Godavari,Wainganga,22.238611111111112,80.0875,440934958,5,2026-08-15T12:00:00+00:00,4,461.3,0,Linked live river forecast reach,276.9615820202045
MP0610_UGLI,Ugli,Seoni,Godavari,Wainganga,22.238611111111112,80.0875,440934958,5,2026-08-15T15:00:00+00:00,5,475.4,0,Linked live river forecast reach,276.9615820202045
MP0610_UGLI,Ugli,Seoni,Godavari,Wainganga,22.238611111111112,80.0875,440934958,5,2026-08-15T18:00:00+00:00,5,487.2,0,Linked live river forecast reach,276.9615820202045
MP0610_UGLI,Ugli,Seoni,Godavari,Wainganga,22.238611111111112,80.0875,440934958,5,2026-08-15T21:00:00+00:00,5,493.0,0,Linked live river forecast reach,276.9615820202045
MP0610_UGLI,Ugli,Seoni,Godavari,Wainganga,22.238611111111112,80.0875,440934958,5,2026-08-16T00:00:00+00:00,5,500.8,0,Linked live river forecast reach,276.9615820202045
MP0610_UGLI,Ugli,Seoni,Godavari,Wainganga,22.238611111111112,80.0875,440934958,5,2026-08-16T03:00:00+00:00,5,511.7,0,Linked live river forecast reach,276.9615820202045
MP0610_UGLI,Ugli,Seoni,Godavari,Wainganga,22.238611111111112,80.0875,440934958,5,2026-08-16T06:00:00+00:00,5,526.2,0,Linked live river forecast reach,276.9615820202045
MP0610_UGLI,Ugli,Seoni,Godavari,Wainganga,22.238611111111112,80.0875,440934958,5,2026-08-16T09:00:00+00:00,5,543.3,0,Linked live river forecast reach,276.9615820202045
MP0610_UGLI,Ugli,Seoni,Godavari,Wainganga,22.238611111111112,80.0875,440934958,5,2026-08-16T12:00:00+00:00,5,555.4,0,Linked live river forecast reach,276.9615820202045
MP0610_UGLI,Ugli,Seoni,Godavari,Wainganga,22.238611111111112,80.0875,440934958,5,2026-08-16T15:00:00+00:00,6,562.3,0,Linked live river forecast reach,276.9615820202045
MP0610_UGLI,Ugli,Seoni,Godavari,Wainganga,22.238611111111112,80.0875,440934958,5,2026-08-16T18:00:00+00:00,6,566.2,0,Linked live river forecast reach,276.9615820202045
MP0610_UGLI,Ugli,Seoni,Godavari,Wainganga,22.238611111111112,80.0875,440934958,5,2026-08-16T21:00:00+00:00,6,567.5,0,Linked live river forecast reach,276.9615820202045
MP0610_UGLI,Ugli,Seoni,Godavari,Wainganga,22.238611111111112,80.0875,440934958,5,2026-08-17T00:00:00+00:00,6,567.7,0,Linked live river forecast reach,276.9615820202045
MP0610_UGLI,Ugli,Seoni,Godavari,Wainganga,22.238611111111112,80.0875,440934958,5,2026-08-17T03:00:00+00:00,6,568.4,0,Linked live river forecast reach,276.9615820202045
MP0610_UGLI,Ugli,Seoni,Godavari,Wainganga,22.238611111111112,80.0875,440934958,5,2026-08-17T06:00:00+00:00,6,570.0,0,Linked live river forecast reach,276.9615820202045
MP0610_UGLI,Ugli,Seoni,Godavari,Wainganga,22.238611111111112,80.0875,440934958,5,2026-08-17T09:00:00+00:00,6,571.9,0,Linked live river forecast reach,276.9615820202045
MP0610_UGLI,Ugli,Seoni,Godavari,Wainganga,22.238611111111112,80.0875,440934958,5,2026-08-17T12:00:00+00:00,6,574.7,0,Linked live river forecast reach,276.9615820202045
MP0610_UGLI,Ugli,Seoni,Godavari,Wainganga,22.238611111111112,80.0875,440934958,5,2026-08-17T15:00:00+00:00,7,578.9,0,Linked live river forecast reach,276.9615820202045
MP0611_RTNPR,Ratanpur,Seoni,Godavari,Wainganga,22.183055555555555,79.96027777777778,440906065,4,2026-08-10T15:00:00+00:00,0,142.8,0,Linked live river forecast reach,34.13221525886758
MP0611_RTNPR,Ratanpur,Seoni,Godavari,Wainganga,22.183055555555555,79.96027777777778,440906065,4,2026-08-10T18:00:00+00:00,0,139.9,0,Linked live river forecast reach,34.13221525886758
MP0611_RTNPR,Ratanpur,Seoni,Godavari,Wainganga,22.183055555555555,79.96027777777778,440906065,4,2026-08-10T21:00:00+00:00,0,130.9,0,Linked live river forecast reach,34.13221525886758
MP0611_RTNPR,Ratanpur,Seoni,Godavari,Wainganga,22.183055555555555,79.96027777777778,440906065,4,2026-08-11T00:00:00+00:00,0,123.2,0,Linked live river forecast reach,34.13221525886758
MP0611_RTNPR,Ratanpur,Seoni,Godavari,Wainganga,22.183055555555555,79.96027777777778,440906065,4,2026-08-11T03:00:00+00:00,0,119.8,0,Linked live river forecast reach,34.13221525886758
MP0611_RTNPR,Ratanpur,Seoni,Godavari,Wainganga,22.183055555555555,79.96027777777778,440906065,4,2026-08-11T06:00:00+00:00,0,116.5,0,Linked live river forecast reach,34.13221525886758
MP0611_RTNPR,Ratanpur,Seoni,Godavari,Wainganga,22.183055555555555,79.96027777777778,440906065,4,2026-08-11T09:00:00+00:00,0,110.0,0,Linked live river forecast reach,34.13221525886758
MP0611_RTNPR,Ratanpur,Seoni,Godavari,Wainganga,22.183055555555555,79.96027777777778,440906065,4,2026-08-11T12:00:00+00:00,0,106.7,0,Linked live river forecast reach,34.13221525886758
MP0611_RTNPR,Ratanpur,Seoni,Godavari,Wainganga,22.183055555555555,79.96027777777778,440906065,4,2026-08-11T15:00:00+00:00,1,106.9,0,Linked live river forecast reach,34.13221525886758
MP0611_RTNPR,Ratanpur,Seoni,Godavari,Wainganga,22.183055555555555,79.96027777777778,440906065,4,2026-08-11T18:00:00+00:00,1,106.8,0,Linked live river forecast reach,34.13221525886758
MP0611_RTNPR,Ratanpur,Seoni,Godavari,Wainganga,22.183055555555555,79.96027777777778,440906065,4,2026-08-11T21:00:00+00:00,1,104.5,0,Linked live river forecast reach,34.13221525886758
MP0611_RTNPR,Ratanpur,Seoni,Godavari,Wainganga,22.183055555555555,79.96027777777778,440906065,4,2026-08-12T00:00:00+00:00,1,99.4,0,Linked live river forecast reach,34.13221525886758
MP0611_RTNPR,Ratanpur,Seoni,Godavari,Wainganga,22.183055555555555,79.96027777777778,440906065,4,2026-08-12T03:00:00+00:00,1,96.0,0,Linked live river forecast reach,34.13221525886758
MP0611_RTNPR,Ratanpur,Seoni,Godavari,Wainganga,22.183055555555555,79.96027777777778,440906065,4,2026-08-12T06:00:00+00:00,1,95.7,0,Linked live river forecast reach,34.13221525886758
MP0611_RTNPR,Ratanpur,Seoni,Godavari,Wainganga,22.183055555555555,79.96027777777778,440906065,4,2026-08-12T09:00:00+00:00,1,94.4,0,Linked live river forecast reach,34.13221525886758
MP0611_RTNPR,Ratanpur,Seoni,Godavari,Wainganga,22.183055555555555,79.96027777777778,440906065,4,2026-08-12T12:00:00+00:00,1,92.0,0,Linked live river forecast reach,34.13221525886758
MP0611_RTNPR,Ratanpur,Seoni,Godavari,Wainganga,22.183055555555555,79.96027777777778,440906065,4,2026-08-12T15:00:00+00:00,2,92.1,0,Linked live river forecast reach,34.13221525886758
MP0611_RTNPR,Ratanpur,Seoni,Godavari,Wainganga,22.183055555555555,79.96027777777778,440906065,4,2026-08-12T18:00:00+00:00,2,91.3,0,Linked live river forecast reach,34.13221525886758
MP0611_RTNPR,Ratanpur,Seoni,Godavari,Wainganga,22.183055555555555,79.96027777777778,440906065,4,2026-08-12T21:00:00+00:00,2,88.4,0,Linked live river forecast reach,34.13221525886758
MP0611_RTNPR,Ratanpur,Seoni,Godavari,Wainganga,22.183055555555555,79.96027777777778,440906065,4,2026-08-13T00:00:00+00:00,2,84.8,0,Linked live river forecast reach,34.13221525886758
MP0611_RTNPR,Ratanpur,Seoni,Godavari,Wainganga,22.183055555555555,79.96027777777778,440906065,4,2026-08-13T03:00:00+00:00,2,81.5,0,Linked live river forecast reach,34.13221525886758
MP0611_RTNPR,Ratanpur,Seoni,Godavari,Wainganga,22.183055555555555,79.96027777777778,440906065,4,2026-08-13T06:00:00+00:00,2,78.6,0,Linked live river forecast reach,34.13221525886758
MP0611_RTNPR,Ratanpur,Seoni,Godavari,Wainganga,22.183055555555555,79.96027777777778,440906065,4,2026-08-13T09:00:00+00:00,2,76.2,0,Linked live river forecast reach,34.13221525886758
MP0611_RTNPR,Ratanpur,Seoni,Godavari,Wainganga,22.183055555555555,79.96027777777778,440906065,4,2026-08-13T12:00:00+00:00,2,74.9,0,Linked live river forecast reach,34.13221525886758
MP0611_RTNPR,Ratanpur,Seoni,Godavari,Wainganga,22.183055555555555,79.96027777777778,440906065,4,2026-08-13T15:00:00+00:00,3,74.3,0,Linked live river forecast reach,34.13221525886758
MP0611_RTNPR,Ratanpur,Seoni,Godavari,Wainganga,22.183055555555555,79.96027777777778,440906065,4,2026-08-13T18:00:00+00:00,3,73.3,0,Linked live river forecast reach,34.13221525886758
MP0611_RTNPR,Ratanpur,Seoni,Godavari,Wainganga,22.183055555555555,79.96027777777778,440906065,4,2026-08-13T21:00:00+00:00,3,71.9,0,Linked live river forecast reach,34.13221525886758
MP0611_RTNPR,Ratanpur,Seoni,Godavari,Wainganga,22.183055555555555,79.96027777777778,440906065,4,2026-08-14T00:00:00+00:00,3,71.9,0,Linked live river forecast reach,34.13221525886758
MP0611_RTNPR,Ratanpur,Seoni,Godavari,Wainganga,22.183055555555555,79.96027777777778,440906065,4,2026-08-14T03:00:00+00:00,3,73.4,0,Linked live river forecast reach,34.13221525886758
MP0611_RTNPR,Ratanpur,Seoni,Godavari,Wainganga,22.183055555555555,79.96027777777778,440906065,4,2026-08-14T06:00:00+00:00,3,75.4,0,Linked live river forecast reach,34.13221525886758
MP0611_RTNPR,Ratanpur,Seoni,Godavari,Wainganga,22.183055555555555,79.96027777777778,440906065,4,2026-08-14T09:00:00+00:00,3,77.2,0,Linked live river forecast reach,34.13221525886758
MP0611_RTNPR,Ratanpur,Seoni,Godavari,Wainganga,22.183055555555555,79.96027777777778,440906065,4,2026-08-14T12:00:00+00:00,3,78.3,0,Linked live river forecast reach,34.13221525886758
MP0611_RTNPR,Ratanpur,Seoni,Godavari,Wainganga,22.183055555555555,79.96027777777778,440906065,4,2026-08-14T15:00:00+00:00,4,79.4,0,Linked live river forecast reach,34.13221525886758
MP0611_RTNPR,Ratanpur,Seoni,Godavari,Wainganga,22.183055555555555,79.96027777777778,440906065,4,2026-08-14T18:00:00+00:00,4,80.6,0,Linked live river forecast reach,34.13221525886758
MP0611_RTNPR,Ratanpur,Seoni,Godavari,Wainganga,22.183055555555555,79.96027777777778,440906065,4,2026-08-14T21:00:00+00:00,4,80.4,0,Linked live river forecast reach,34.13221525886758
MP0611_RTNPR,Ratanpur,Seoni,Godavari,Wainganga,22.183055555555555,79.96027777777778,440906065,4,2026-08-15T00:00:00+00:00,4,80.7,0,Linked live river forecast reach,34.13221525886758
MP0611_RTNPR,Ratanpur,Seoni,Godavari,Wainganga,22.183055555555555,79.96027777777778,440906065,4,2026-08-15T03:00:00+00:00,4,82.5,0,Linked live river forecast reach,34.13221525886758
MP0611_RTNPR,Ratanpur,Seoni,Godavari,Wainganga,22.183055555555555,79.96027777777778,440906065,4,2026-08-15T06:00:00+00:00,4,84.9,0,Linked live river forecast reach,34.13221525886758
MP0611_RTNPR,Ratanpur,Seoni,Godavari,Wainganga,22.183055555555555,79.96027777777778,440906065,4,2026-08-15T09:00:00+00:00,4,88.3,0,Linked live river forecast reach,34.13221525886758
MP0611_RTNPR,Ratanpur,Seoni,Godavari,Wainganga,22.183055555555555,79.96027777777778,440906065,4,2026-08-15T12:00:00+00:00,4,92.4,0,Linked live river forecast reach,34.13221525886758
MP0611_RTNPR,Ratanpur,Seoni,Godavari,Wainganga,22.183055555555555,79.96027777777778,440906065,4,2026-08-15T15:00:00+00:00,5,93.9,0,Linked live river forecast reach,34.13221525886758
MP0611_RTNPR,Ratanpur,Seoni,Godavari,Wainganga,22.183055555555555,79.96027777777778,440906065,4,2026-08-15T18:00:00+00:00,5,91.4,0,Linked live river forecast reach,34.13221525886758
MP0611_RTNPR,Ratanpur,Seoni,Godavari,Wainganga,22.183055555555555,79.96027777777778,440906065,4,2026-08-15T21:00:00+00:00,5,88.2,0,Linked live river forecast reach,34.13221525886758
MP0611_RTNPR,Ratanpur,Seoni,Godavari,Wainganga,22.183055555555555,79.96027777777778,440906065,4,2026-08-16T00:00:00+00:00,5,88.4,0,Linked live river forecast reach,34.13221525886758
MP0611_RTNPR,Ratanpur,Seoni,Godavari,Wainganga,22.183055555555555,79.96027777777778,440906065,4,2026-08-16T03:00:00+00:00,5,91.3,0,Linked live river forecast reach,34.13221525886758
MP0611_RTNPR,Ratanpur,Seoni,Godavari,Wainganga,22.183055555555555,79.96027777777778,440906065,4,2026-08-16T06:00:00+00:00,5,93.4,0,Linked live river forecast reach,34.13221525886758
MP0611_RTNPR,Ratanpur,Seoni,Godavari,Wainganga,22.183055555555555,79.96027777777778,440906065,4,2026-08-16T09:00:00+00:00,5,94.2,0,Linked live river forecast reach,34.13221525886758
MP0611_RTNPR,Ratanpur,Seoni,Godavari,Wainganga,22.183055555555555,79.96027777777778,440906065,4,2026-08-16T12:00:00+00:00,5,95.9,0,Linked live river forecast reach,34.13221525886758
MP0611_RTNPR,Ratanpur,Seoni,Godavari,Wainganga,22.183055555555555,79.96027777777778,440906065,4,2026-08-16T15:00:00+00:00,6,100.2,0,Linked live river forecast reach,34.13221525886758
MP0611_RTNPR,Ratanpur,Seoni,Godavari,Wainganga,22.183055555555555,79.96027777777778,440906065,4,2026-08-16T18:00:00+00:00,6,104.3,0,Linked live river forecast reach,34.13221525886758
MP0611_RTNPR,Ratanpur,Seoni,Godavari,Wainganga,22.183055555555555,79.96027777777778,440906065,4,2026-08-16T21:00:00+00:00,6,106.2,0,Linked live river forecast reach,34.13221525886758
MP0611_RTNPR,Ratanpur,Seoni,Godavari,Wainganga,22.183055555555555,79.96027777777778,440906065,4,2026-08-17T00:00:00+00:00,6,108.1,0,Linked live river forecast reach,34.13221525886758
MP0611_RTNPR,Ratanpur,Seoni,Godavari,Wainganga,22.183055555555555,79.96027777777778,440906065,4,2026-08-17T03:00:00+00:00,6,110.1,0,Linked live river forecast reach,34.13221525886758
MP0611_RTNPR,Ratanpur,Seoni,Godavari,Wainganga,22.183055555555555,79.96027777777778,440906065,4,2026-08-17T06:00:00+00:00,6,109.4,0,Linked live river forecast reach,34.13221525886758
MP0611_RTNPR,Ratanpur,Seoni,Godavari,Wainganga,22.183055555555555,79.96027777777778,440906065,4,2026-08-17T09:00:00+00:00,6,106.5,0,Linked live river forecast reach,34.13221525886758
MP0611_RTNPR,Ratanpur,Seoni,Godavari,Wainganga,22.183055555555555,79.96027777777778,440906065,4,2026-08-17T12:00:00+00:00,6,104.2,0,Linked live river forecast reach,34.13221525886758
MP0611_RTNPR,Ratanpur,Seoni,Godavari,Wainganga,22.183055555555555,79.96027777777778,440906065,4,2026-08-17T15:00:00+00:00,7,102.4,0,Linked live river forecast reach,34.13221525886758
MP0612_MNPUR,Manpur,Balaghat,Godavari,Wainganga,22.025,80.1525,440819383,4,2026-08-10T15:00:00+00:00,0,154.4,0,Linked live river forecast reach,308.5945218855907
MP0612_MNPUR,Manpur,Balaghat,Godavari,Wainganga,22.025,80.1525,440819383,4,2026-08-10T18:00:00+00:00,0,129.8,0,Linked live river forecast reach,308.5945218855907
MP0612_MNPUR,Manpur,Balaghat,Godavari,Wainganga,22.025,80.1525,440819383,4,2026-08-10T21:00:00+00:00,0,103.5,0,Linked live river forecast reach,308.5945218855907
MP0612_MNPUR,Manpur,Balaghat,Godavari,Wainganga,22.025,80.1525,440819383,4,2026-08-11T00:00:00+00:00,0,85.0,0,Linked live river forecast reach,308.5945218855907
MP0612_MNPUR,Manpur,Balaghat,Godavari,Wainganga,22.025,80.1525,440819383,4,2026-08-11T03:00:00+00:00,0,74.0,0,Linked live river forecast reach,308.5945218855907
MP0612_MNPUR,Manpur,Balaghat,Godavari,Wainganga,22.025,80.1525,440819383,4,2026-08-11T06:00:00+00:00,0,66.2,0,Linked live river forecast reach,308.5945218855907
MP0612_MNPUR,Manpur,Balaghat,Godavari,Wainganga,22.025,80.1525,440819383,4,2026-08-11T09:00:00+00:00,0,61.9,0,Linked live river forecast reach,308.5945218855907
MP0612_MNPUR,Manpur,Balaghat,Godavari,Wainganga,22.025,80.1525,440819383,4,2026-08-11T12:00:00+00:00,0,61.4,0,Linked live river forecast reach,308.5945218855907
MP0612_MNPUR,Manpur,Balaghat,Godavari,Wainganga,22.025,80.1525,440819383,4,2026-08-11T15:00:00+00:00,1,60.9,0,Linked live river forecast reach,308.5945218855907
MP0612_MNPUR,Manpur,Balaghat,Godavari,Wainganga,22.025,80.1525,440819383,4,2026-08-11T18:00:00+00:00,1,55.2,0,Linked live river forecast reach,308.5945218855907
MP0612_MNPUR,Manpur,Balaghat,Godavari,Wainganga,22.025,80.1525,440819383,4,2026-08-11T21:00:00+00:00,1,46.2,0,Linked live river forecast reach,308.5945218855907
MP0612_MNPUR,Manpur,Balaghat,Godavari,Wainganga,22.025,80.1525,440819383,4,2026-08-12T00:00:00+00:00,1,40.3,0,Linked live river forecast reach,308.5945218855907
MP0612_MNPUR,Manpur,Balaghat,Godavari,Wainganga,22.025,80.1525,440819383,4,2026-08-12T03:00:00+00:00,1,39.1,0,Linked live river forecast reach,308.5945218855907
MP0612_MNPUR,Manpur,Balaghat,Godavari,Wainganga,22.025,80.1525,440819383,4,2026-08-12T06:00:00+00:00,1,39.0,0,Linked live river forecast reach,308.5945218855907
MP0612_MNPUR,Manpur,Balaghat,Godavari,Wainganga,22.025,80.1525,440819383,4,2026-08-12T09:00:00+00:00,1,38.6,0,Linked live river forecast reach,308.5945218855907
MP0612_MNPUR,Manpur,Balaghat,Godavari,Wainganga,22.025,80.1525,440819383,4,2026-08-12T12:00:00+00:00,1,39.3,0,Linked live river forecast reach,308.5945218855907
MP0612_MNPUR,Manpur,Balaghat,Godavari,Wainganga,22.025,80.1525,440819383,4,2026-08-12T15:00:00+00:00,2,40.1,0,Linked live river forecast reach,308.5945218855907
MP0612_MNPUR,Manpur,Balaghat,Godavari,Wainganga,22.025,80.1525,440819383,4,2026-08-12T18:00:00+00:00,2,39.0,0,Linked live river forecast reach,308.5945218855907
MP0612_MNPUR,Manpur,Balaghat,Godavari,Wainganga,22.025,80.1525,440819383,4,2026-08-12T21:00:00+00:00,2,34.8,0,Linked live river forecast reach,308.5945218855907
MP0612_MNPUR,Manpur,Balaghat,Godavari,Wainganga,22.025,80.1525,440819383,4,2026-08-13T00:00:00+00:00,2,31.2,0,Linked live river forecast reach,308.5945218855907
MP0612_MNPUR,Manpur,Balaghat,Godavari,Wainganga,22.025,80.1525,440819383,4,2026-08-13T03:00:00+00:00,2,29.5,0,Linked live river forecast reach,308.5945218855907
MP0612_MNPUR,Manpur,Balaghat,Godavari,Wainganga,22.025,80.1525,440819383,4,2026-08-13T06:00:00+00:00,2,28.5,0,Linked live river forecast reach,308.5945218855907
MP0612_MNPUR,Manpur,Balaghat,Godavari,Wainganga,22.025,80.1525,440819383,4,2026-08-13T09:00:00+00:00,2,28.1,0,Linked live river forecast reach,308.5945218855907
MP0612_MNPUR,Manpur,Balaghat,Godavari,Wainganga,22.025,80.1525,440819383,4,2026-08-13T12:00:00+00:00,2,29.1,0,Linked live river forecast reach,308.5945218855907
MP0612_MNPUR,Manpur,Balaghat,Godavari,Wainganga,22.025,80.1525,440819383,4,2026-08-13T15:00:00+00:00,3,32.0,0,Linked live river forecast reach,308.5945218855907
MP0612_MNPUR,Manpur,Balaghat,Godavari,Wainganga,22.025,80.1525,440819383,4,2026-08-13T18:00:00+00:00,3,33.4,0,Linked live river forecast reach,308.5945218855907
MP0612_MNPUR,Manpur,Balaghat,Godavari,Wainganga,22.025,80.1525,440819383,4,2026-08-13T21:00:00+00:00,3,32.0,0,Linked live river forecast reach,308.5945218855907
MP0612_MNPUR,Manpur,Balaghat,Godavari,Wainganga,22.025,80.1525,440819383,4,2026-08-14T00:00:00+00:00,3,31.2,0,Linked live river forecast reach,308.5945218855907
MP0612_MNPUR,Manpur,Balaghat,Godavari,Wainganga,22.025,80.1525,440819383,4,2026-08-14T03:00:00+00:00,3,32.8,0,Linked live river forecast reach,308.5945218855907
MP0612_MNPUR,Manpur,Balaghat,Godavari,Wainganga,22.025,80.1525,440819383,4,2026-08-14T06:00:00+00:00,3,34.9,0,Linked live river forecast reach,308.5945218855907
MP0612_MNPUR,Manpur,Balaghat,Godavari,Wainganga,22.025,80.1525,440819383,4,2026-08-14T09:00:00+00:00,3,37.6,0,Linked live river forecast reach,308.5945218855907
MP0612_MNPUR,Manpur,Balaghat,Godavari,Wainganga,22.025,80.1525,440819383,4,2026-08-14T12:00:00+00:00,3,42.2,0,Linked live river forecast reach,308.5945218855907
MP0612_MNPUR,Manpur,Balaghat,Godavari,Wainganga,22.025,80.1525,440819383,4,2026-08-14T15:00:00+00:00,4,48.6,0,Linked live river forecast reach,308.5945218855907
MP0612_MNPUR,Manpur,Balaghat,Godavari,Wainganga,22.025,80.1525,440819383,4,2026-08-14T18:00:00+00:00,4,51.3,0,Linked live river forecast reach,308.5945218855907
MP0612_MNPUR,Manpur,Balaghat,Godavari,Wainganga,22.025,80.1525,440819383,4,2026-08-14T21:00:00+00:00,4,51.3,0,Linked live river forecast reach,308.5945218855907
MP0612_MNPUR,Manpur,Balaghat,Godavari,Wainganga,22.025,80.1525,440819383,4,2026-08-15T00:00:00+00:00,4,54.2,0,Linked live river forecast reach,308.5945218855907
MP0612_MNPUR,Manpur,Balaghat,Godavari,Wainganga,22.025,80.1525,440819383,4,2026-08-15T03:00:00+00:00,4,59.0,0,Linked live river forecast reach,308.5945218855907
MP0612_MNPUR,Manpur,Balaghat,Godavari,Wainganga,22.025,80.1525,440819383,4,2026-08-15T06:00:00+00:00,4,63.1,0,Linked live river forecast reach,308.5945218855907
MP0612_MNPUR,Manpur,Balaghat,Godavari,Wainganga,22.025,80.1525,440819383,4,2026-08-15T09:00:00+00:00,4,67.8,0,Linked live river forecast reach,308.5945218855907
MP0612_MNPUR,Manpur,Balaghat,Godavari,Wainganga,22.025,80.1525,440819383,4,2026-08-15T12:00:00+00:00,4,75.3,0,Linked live river forecast reach,308.5945218855907
MP0612_MNPUR,Manpur,Balaghat,Godavari,Wainganga,22.025,80.1525,440819383,4,2026-08-15T15:00:00+00:00,5,82.8,0,Linked live river forecast reach,308.5945218855907
MP0612_MNPUR,Manpur,Balaghat,Godavari,Wainganga,22.025,80.1525,440819383,4,2026-08-15T18:00:00+00:00,5,86.1,0,Linked live river forecast reach,308.5945218855907
MP0612_MNPUR,Manpur,Balaghat,Godavari,Wainganga,22.025,80.1525,440819383,4,2026-08-15T21:00:00+00:00,5,85.4,0,Linked live river forecast reach,308.5945218855907
MP0612_MNPUR,Manpur,Balaghat,Godavari,Wainganga,22.025,80.1525,440819383,4,2026-08-16T00:00:00+00:00,5,84.4,0,Linked live river forecast reach,308.5945218855907
MP0612_MNPUR,Manpur,Balaghat,Godavari,Wainganga,22.025,80.1525,440819383,4,2026-08-16T03:00:00+00:00,5,85.0,0,Linked live river forecast reach,308.5945218855907
MP0612_MNPUR,Manpur,Balaghat,Godavari,Wainganga,22.025,80.1525,440819383,4,2026-08-16T06:00:00+00:00,5,86.5,0,Linked live river forecast reach,308.5945218855907
MP0612_MNPUR,Manpur,Balaghat,Godavari,Wainganga,22.025,80.1525,440819383,4,2026-08-16T09:00:00+00:00,5,89.0,0,Linked live river forecast reach,308.5945218855907
MP0612_MNPUR,Manpur,Balaghat,Godavari,Wainganga,22.025,80.1525,440819383,4,2026-08-16T12:00:00+00:00,5,92.2,0,Linked live river forecast reach,308.5945218855907
MP0612_MNPUR,Manpur,Balaghat,Godavari,Wainganga,22.025,80.1525,440819383,4,2026-08-16T15:00:00+00:00,6,93.7,0,Linked live river forecast reach,308.5945218855907
MP0612_MNPUR,Manpur,Balaghat,Godavari,Wainganga,22.025,80.1525,440819383,4,2026-08-16T18:00:00+00:00,6,93.0,0,Linked live river forecast reach,308.5945218855907
MP0612_MNPUR,Manpur,Balaghat,Godavari,Wainganga,22.025,80.1525,440819383,4,2026-08-16T21:00:00+00:00,6,91.1,0,Linked live river forecast reach,308.5945218855907
MP0612_MNPUR,Manpur,Balaghat,Godavari,Wainganga,22.025,80.1525,440819383,4,2026-08-17T00:00:00+00:00,6,90.5,0,Linked live river forecast reach,308.5945218855907
MP0612_MNPUR,Manpur,Balaghat,Godavari,Wainganga,22.025,80.1525,440819383,4,2026-08-17T03:00:00+00:00,6,91.6,0,Linked live river forecast reach,308.5945218855907
MP0612_MNPUR,Manpur,Balaghat,Godavari,Wainganga,22.025,80.1525,440819383,4,2026-08-17T06:00:00+00:00,6,92.7,0,Linked live river forecast reach,308.5945218855907
MP0612_MNPUR,Manpur,Balaghat,Godavari,Wainganga,22.025,80.1525,440819383,4,2026-08-17T09:00:00+00:00,6,94.8,0,Linked live river forecast reach,308.5945218855907
MP0612_MNPUR,Manpur,Balaghat,Godavari,Wainganga,22.025,80.1525,440819383,4,2026-08-17T12:00:00+00:00,6,97.7,0,Linked live river forecast reach,308.5945218855907
MP0612_MNPUR,Manpur,Balaghat,Godavari,Wainganga,22.025,80.1525,440819383,4,2026-08-17T15:00:00+00:00,7,100.3,0,Linked live river forecast reach,308.5945218855907
MP0613_RMPLI,Rampaili,Balaghat,Godavari,Wainganga,21.760833333333334,80.0375,440628130,3,2026-08-10T15:00:00+00:00,0,52.8,0,Linked live river forecast reach,182.52972121546438
MP0614_MOHDA,Mohuda,Balaghat,Godavari,Wainganga,21.655555555555555,80.28611111111111,440729959,4,2026-08-10T15:00:00+00:00,0,186.6,0,Linked live river forecast reach,106.61001775839203
MP0614_MOHDA,Mohuda,Balaghat,Godavari,Wainganga,21.655555555555555,80.28611111111111,440729959,4,2026-08-10T18:00:00+00:00,0,172.5,0,Linked live river forecast reach,106.61001775839203
MP0614_MOHDA,Mohuda,Balaghat,Godavari,Wainganga,21.655555555555555,80.28611111111111,440729959,4,2026-08-10T21:00:00+00:00,0,148.8,0,Linked live river forecast reach,106.61001775839203
MP0614_MOHDA,Mohuda,Balaghat,Godavari,Wainganga,21.655555555555555,80.28611111111111,440729959,4,2026-08-11T00:00:00+00:00,0,120.5,0,Linked live river forecast reach,106.61001775839203
MP0614_MOHDA,Mohuda,Balaghat,Godavari,Wainganga,21.655555555555555,80.28611111111111,440729959,4,2026-08-11T03:00:00+00:00,0,96.1,0,Linked live river forecast reach,106.61001775839203
MP0614_MOHDA,Mohuda,Balaghat,Godavari,Wainganga,21.655555555555555,80.28611111111111,440729959,4,2026-08-11T06:00:00+00:00,0,80.2,0,Linked live river forecast reach,106.61001775839203
MP0614_MOHDA,Mohuda,Balaghat,Godavari,Wainganga,21.655555555555555,80.28611111111111,440729959,4,2026-08-11T09:00:00+00:00,0,73.1,0,Linked live river forecast reach,106.61001775839203
MP0614_MOHDA,Mohuda,Balaghat,Godavari,Wainganga,21.655555555555555,80.28611111111111,440729959,4,2026-08-11T12:00:00+00:00,0,69.5,0,Linked live river forecast reach,106.61001775839203
MP0614_MOHDA,Mohuda,Balaghat,Godavari,Wainganga,21.655555555555555,80.28611111111111,440729959,4,2026-08-11T15:00:00+00:00,1,67.7,0,Linked live river forecast reach,106.61001775839203
MP0614_MOHDA,Mohuda,Balaghat,Godavari,Wainganga,21.655555555555555,80.28611111111111,440729959,4,2026-08-11T18:00:00+00:00,1,65.8,0,Linked live river forecast reach,106.61001775839203
MP0614_MOHDA,Mohuda,Balaghat,Godavari,Wainganga,21.655555555555555,80.28611111111111,440729959,4,2026-08-11T21:00:00+00:00,1,61.5,0,Linked live river forecast reach,106.61001775839203
MP0614_MOHDA,Mohuda,Balaghat,Godavari,Wainganga,21.655555555555555,80.28611111111111,440729959,4,2026-08-12T00:00:00+00:00,1,55.6,0,Linked live river forecast reach,106.61001775839203
MP0614_MOHDA,Mohuda,Balaghat,Godavari,Wainganga,21.655555555555555,80.28611111111111,440729959,4,2026-08-12T03:00:00+00:00,1,49.9,0,Linked live river forecast reach,106.61001775839203
MP0614_MOHDA,Mohuda,Balaghat,Godavari,Wainganga,21.655555555555555,80.28611111111111,440729959,4,2026-08-12T06:00:00+00:00,1,44.9,0,Linked live river forecast reach,106.61001775839203
MP0614_MOHDA,Mohuda,Balaghat,Godavari,Wainganga,21.655555555555555,80.28611111111111,440729959,4,2026-08-12T09:00:00+00:00,1,41.6,0,Linked live river forecast reach,106.61001775839203
MP0614_MOHDA,Mohuda,Balaghat,Godavari,Wainganga,21.655555555555555,80.28611111111111,440729959,4,2026-08-12T12:00:00+00:00,1,40.3,0,Linked live river forecast reach,106.61001775839203
MP0614_MOHDA,Mohuda,Balaghat,Godavari,Wainganga,21.655555555555555,80.28611111111111,440729959,4,2026-08-12T15:00:00+00:00,2,40.2,0,Linked live river forecast reach,106.61001775839203
MP0614_MOHDA,Mohuda,Balaghat,Godavari,Wainganga,21.655555555555555,80.28611111111111,440729959,4,2026-08-12T18:00:00+00:00,2,41.8,0,Linked live river forecast reach,106.61001775839203
MP0614_MOHDA,Mohuda,Balaghat,Godavari,Wainganga,21.655555555555555,80.28611111111111,440729959,4,2026-08-12T21:00:00+00:00,2,41.4,0,Linked live river forecast reach,106.61001775839203
MP0614_MOHDA,Mohuda,Balaghat,Godavari,Wainganga,21.655555555555555,80.28611111111111,440729959,4,2026-08-13T00:00:00+00:00,2,39.3,0,Linked live river forecast reach,106.61001775839203
MP0614_MOHDA,Mohuda,Balaghat,Godavari,Wainganga,21.655555555555555,80.28611111111111,440729959,4,2026-08-13T03:00:00+00:00,2,37.0,0,Linked live river forecast reach,106.61001775839203
MP0614_MOHDA,Mohuda,Balaghat,Godavari,Wainganga,21.655555555555555,80.28611111111111,440729959,4,2026-08-13T06:00:00+00:00,2,36.1,0,Linked live river forecast reach,106.61001775839203
MP0614_MOHDA,Mohuda,Balaghat,Godavari,Wainganga,21.655555555555555,80.28611111111111,440729959,4,2026-08-13T09:00:00+00:00,2,35.8,0,Linked live river forecast reach,106.61001775839203
MP0614_MOHDA,Mohuda,Balaghat,Godavari,Wainganga,21.655555555555555,80.28611111111111,440729959,4,2026-08-13T12:00:00+00:00,2,35.5,0,Linked live river forecast reach,106.61001775839203
MP0614_MOHDA,Mohuda,Balaghat,Godavari,Wainganga,21.655555555555555,80.28611111111111,440729959,4,2026-08-13T15:00:00+00:00,3,36.8,0,Linked live river forecast reach,106.61001775839203
MP0614_MOHDA,Mohuda,Balaghat,Godavari,Wainganga,21.655555555555555,80.28611111111111,440729959,4,2026-08-13T18:00:00+00:00,3,39.0,0,Linked live river forecast reach,106.61001775839203
MP0614_MOHDA,Mohuda,Balaghat,Godavari,Wainganga,21.655555555555555,80.28611111111111,440729959,4,2026-08-13T21:00:00+00:00,3,39.6,0,Linked live river forecast reach,106.61001775839203
MP0614_MOHDA,Mohuda,Balaghat,Godavari,Wainganga,21.655555555555555,80.28611111111111,440729959,4,2026-08-14T00:00:00+00:00,3,38.8,0,Linked live river forecast reach,106.61001775839203
MP0614_MOHDA,Mohuda,Balaghat,Godavari,Wainganga,21.655555555555555,80.28611111111111,440729959,4,2026-08-14T03:00:00+00:00,3,37.8,0,Linked live river forecast reach,106.61001775839203
MP0614_MOHDA,Mohuda,Balaghat,Godavari,Wainganga,21.655555555555555,80.28611111111111,440729959,4,2026-08-14T06:00:00+00:00,3,38.0,0,Linked live river forecast reach,106.61001775839203
MP0614_MOHDA,Mohuda,Balaghat,Godavari,Wainganga,21.655555555555555,80.28611111111111,440729959,4,2026-08-14T09:00:00+00:00,3,40.3,0,Linked live river forecast reach,106.61001775839203
MP0614_MOHDA,Mohuda,Balaghat,Godavari,Wainganga,21.655555555555555,80.28611111111111,440729959,4,2026-08-14T12:00:00+00:00,3,42.6,0,Linked live river forecast reach,106.61001775839203
MP0614_MOHDA,Mohuda,Balaghat,Godavari,Wainganga,21.655555555555555,80.28611111111111,440729959,4,2026-08-14T15:00:00+00:00,4,47.9,0,Linked live river forecast reach,106.61001775839203
MP0614_MOHDA,Mohuda,Balaghat,Godavari,Wainganga,21.655555555555555,80.28611111111111,440729959,4,2026-08-14T18:00:00+00:00,4,53.4,0,Linked live river forecast reach,106.61001775839203
MP0614_MOHDA,Mohuda,Balaghat,Godavari,Wainganga,21.655555555555555,80.28611111111111,440729959,4,2026-08-14T21:00:00+00:00,4,55.1,0,Linked live river forecast reach,106.61001775839203
MP0614_MOHDA,Mohuda,Balaghat,Godavari,Wainganga,21.655555555555555,80.28611111111111,440729959,4,2026-08-15T00:00:00+00:00,4,55.1,0,Linked live river forecast reach,106.61001775839203
MP0614_MOHDA,Mohuda,Balaghat,Godavari,Wainganga,21.655555555555555,80.28611111111111,440729959,4,2026-08-15T03:00:00+00:00,4,55.5,0,Linked live river forecast reach,106.61001775839203
MP0614_MOHDA,Mohuda,Balaghat,Godavari,Wainganga,21.655555555555555,80.28611111111111,440729959,4,2026-08-15T06:00:00+00:00,4,59.5,0,Linked live river forecast reach,106.61001775839203
MP0614_MOHDA,Mohuda,Balaghat,Godavari,Wainganga,21.655555555555555,80.28611111111111,440729959,4,2026-08-15T09:00:00+00:00,4,66.2,0,Linked live river forecast reach,106.61001775839203
MP0614_MOHDA,Mohuda,Balaghat,Godavari,Wainganga,21.655555555555555,80.28611111111111,440729959,4,2026-08-15T12:00:00+00:00,4,72.5,0,Linked live river forecast reach,106.61001775839203
MP0614_MOHDA,Mohuda,Balaghat,Godavari,Wainganga,21.655555555555555,80.28611111111111,440729959,4,2026-08-15T15:00:00+00:00,5,79.7,0,Linked live river forecast reach,106.61001775839203
MP0614_MOHDA,Mohuda,Balaghat,Godavari,Wainganga,21.655555555555555,80.28611111111111,440729959,4,2026-08-15T18:00:00+00:00,5,87.3,0,Linked live river forecast reach,106.61001775839203
MP0614_MOHDA,Mohuda,Balaghat,Godavari,Wainganga,21.655555555555555,80.28611111111111,440729959,4,2026-08-15T21:00:00+00:00,5,89.7,0,Linked live river forecast reach,106.61001775839203
MP0614_MOHDA,Mohuda,Balaghat,Godavari,Wainganga,21.655555555555555,80.28611111111111,440729959,4,2026-08-16T00:00:00+00:00,5,88.8,0,Linked live river forecast reach,106.61001775839203
MP0614_MOHDA,Mohuda,Balaghat,Godavari,Wainganga,21.655555555555555,80.28611111111111,440729959,4,2026-08-16T03:00:00+00:00,5,87.2,0,Linked live river forecast reach,106.61001775839203
MP0614_MOHDA,Mohuda,Balaghat,Godavari,Wainganga,21.655555555555555,80.28611111111111,440729959,4,2026-08-16T06:00:00+00:00,5,86.3,0,Linked live river forecast reach,106.61001775839203
MP0614_MOHDA,Mohuda,Balaghat,Godavari,Wainganga,21.655555555555555,80.28611111111111,440729959,4,2026-08-16T09:00:00+00:00,5,87.4,0,Linked live river forecast reach,106.61001775839203
MP0614_MOHDA,Mohuda,Balaghat,Godavari,Wainganga,21.655555555555555,80.28611111111111,440729959,4,2026-08-16T12:00:00+00:00,5,88.9,0,Linked live river forecast reach,106.61001775839203
MP0614_MOHDA,Mohuda,Balaghat,Godavari,Wainganga,21.655555555555555,80.28611111111111,440729959,4,2026-08-16T15:00:00+00:00,6,91.2,0,Linked live river forecast reach,106.61001775839203
MP0614_MOHDA,Mohuda,Balaghat,Godavari,Wainganga,21.655555555555555,80.28611111111111,440729959,4,2026-08-16T18:00:00+00:00,6,92.8,0,Linked live river forecast reach,106.61001775839203
MP0614_MOHDA,Mohuda,Balaghat,Godavari,Wainganga,21.655555555555555,80.28611111111111,440729959,4,2026-08-16T21:00:00+00:00,6,89.8,0,Linked live river forecast reach,106.61001775839203
MP0614_MOHDA,Mohuda,Balaghat,Godavari,Wainganga,21.655555555555555,80.28611111111111,440729959,4,2026-08-17T00:00:00+00:00,6,85.8,0,Linked live river forecast reach,106.61001775839203
MP0614_MOHDA,Mohuda,Balaghat,Godavari,Wainganga,21.655555555555555,80.28611111111111,440729959,4,2026-08-17T03:00:00+00:00,6,84.4,0,Linked live river forecast reach,106.61001775839203
MP0614_MOHDA,Mohuda,Balaghat,Godavari,Wainganga,21.655555555555555,80.28611111111111,440729959,4,2026-08-17T06:00:00+00:00,6,86.4,0,Linked live river forecast reach,106.61001775839203
MP0614_MOHDA,Mohuda,Balaghat,Godavari,Wainganga,21.655555555555555,80.28611111111111,440729959,4,2026-08-17T09:00:00+00:00,6,90.7,0,Linked live river forecast reach,106.61001775839203
MP0614_MOHDA,Mohuda,Balaghat,Godavari,Wainganga,21.655555555555555,80.28611111111111,440729959,4,2026-08-17T12:00:00+00:00,6,94.0,0,Linked live river forecast reach,106.61001775839203
MP0614_MOHDA,Mohuda,Balaghat,Godavari,Wainganga,21.655555555555555,80.28611111111111,440729959,4,2026-08-17T15:00:00+00:00,7,96.9,0,Linked live river forecast reach,106.61001775839203
MP0615_KRNPR,Kiranapur,Balaghat,Godavari,Wainganga,21.590833333333332,80.36527777777778,440776747,4,2026-08-10T15:00:00+00:00,0,144.1,0,Linked live river forecast reach,719.373555643753
MP0615_KRNPR,Kiranapur,Balaghat,Godavari,Wainganga,21.590833333333332,80.36527777777778,440776747,4,2026-08-10T18:00:00+00:00,0,141.5,0,Linked live river forecast reach,719.373555643753
MP0615_KRNPR,Kiranapur,Balaghat,Godavari,Wainganga,21.590833333333332,80.36527777777778,440776747,4,2026-08-10T21:00:00+00:00,0,136.7,0,Linked live river forecast reach,719.373555643753
MP0615_KRNPR,Kiranapur,Balaghat,Godavari,Wainganga,21.590833333333332,80.36527777777778,440776747,4,2026-08-11T00:00:00+00:00,0,133.3,0,Linked live river forecast reach,719.373555643753
MP0615_KRNPR,Kiranapur,Balaghat,Godavari,Wainganga,21.590833333333332,80.36527777777778,440776747,4,2026-08-11T03:00:00+00:00,0,135.6,0,Linked live river forecast reach,719.373555643753
MP0615_KRNPR,Kiranapur,Balaghat,Godavari,Wainganga,21.590833333333332,80.36527777777778,440776747,4,2026-08-11T06:00:00+00:00,0,142.8,0,Linked live river forecast reach,719.373555643753
MP0615_KRNPR,Kiranapur,Balaghat,Godavari,Wainganga,21.590833333333332,80.36527777777778,440776747,4,2026-08-11T09:00:00+00:00,0,151.4,0,Linked live river forecast reach,719.373555643753
MP0615_KRNPR,Kiranapur,Balaghat,Godavari,Wainganga,21.590833333333332,80.36527777777778,440776747,4,2026-08-11T12:00:00+00:00,0,157.1,0,Linked live river forecast reach,719.373555643753
MP0615_KRNPR,Kiranapur,Balaghat,Godavari,Wainganga,21.590833333333332,80.36527777777778,440776747,4,2026-08-11T15:00:00+00:00,1,157.7,0,Linked live river forecast reach,719.373555643753
MP0615_KRNPR,Kiranapur,Balaghat,Godavari,Wainganga,21.590833333333332,80.36527777777778,440776747,4,2026-08-11T18:00:00+00:00,1,151.3,0,Linked live river forecast reach,719.373555643753
MP0615_KRNPR,Kiranapur,Balaghat,Godavari,Wainganga,21.590833333333332,80.36527777777778,440776747,4,2026-08-11T21:00:00+00:00,1,138.0,0,Linked live river forecast reach,719.373555643753
MP0615_KRNPR,Kiranapur,Balaghat,Godavari,Wainganga,21.590833333333332,80.36527777777778,440776747,4,2026-08-12T00:00:00+00:00,1,121.3,0,Linked live river forecast reach,719.373555643753
MP0615_KRNPR,Kiranapur,Balaghat,Godavari,Wainganga,21.590833333333332,80.36527777777778,440776747,4,2026-08-12T03:00:00+00:00,1,106.2,0,Linked live river forecast reach,719.373555643753
MP0615_KRNPR,Kiranapur,Balaghat,Godavari,Wainganga,21.590833333333332,80.36527777777778,440776747,4,2026-08-12T06:00:00+00:00,1,94.4,0,Linked live river forecast reach,719.373555643753
MP0615_KRNPR,Kiranapur,Balaghat,Godavari,Wainganga,21.590833333333332,80.36527777777778,440776747,4,2026-08-12T09:00:00+00:00,1,85.4,0,Linked live river forecast reach,719.373555643753
MP0615_KRNPR,Kiranapur,Balaghat,Godavari,Wainganga,21.590833333333332,80.36527777777778,440776747,4,2026-08-12T12:00:00+00:00,1,79.6,0,Linked live river forecast reach,719.373555643753
MP0615_KRNPR,Kiranapur,Balaghat,Godavari,Wainganga,21.590833333333332,80.36527777777778,440776747,4,2026-08-12T15:00:00+00:00,2,75.8,0,Linked live river forecast reach,719.373555643753
MP0615_KRNPR,Kiranapur,Balaghat,Godavari,Wainganga,21.590833333333332,80.36527777777778,440776747,4,2026-08-12T18:00:00+00:00,2,73.2,0,Linked live river forecast reach,719.373555643753
MP0615_KRNPR,Kiranapur,Balaghat,Godavari,Wainganga,21.590833333333332,80.36527777777778,440776747,4,2026-08-12T21:00:00+00:00,2,69.4,0,Linked live river forecast reach,719.373555643753
MP0615_KRNPR,Kiranapur,Balaghat,Godavari,Wainganga,21.590833333333332,80.36527777777778,440776747,4,2026-08-13T00:00:00+00:00,2,65.1,0,Linked live river forecast reach,719.373555643753
MP0615_KRNPR,Kiranapur,Balaghat,Godavari,Wainganga,21.590833333333332,80.36527777777778,440776747,4,2026-08-13T03:00:00+00:00,2,61.1,0,Linked live river forecast reach,719.373555643753
MP0615_KRNPR,Kiranapur,Balaghat,Godavari,Wainganga,21.590833333333332,80.36527777777778,440776747,4,2026-08-13T06:00:00+00:00,2,58.5,0,Linked live river forecast reach,719.373555643753
MP0615_KRNPR,Kiranapur,Balaghat,Godavari,Wainganga,21.590833333333332,80.36527777777778,440776747,4,2026-08-13T09:00:00+00:00,2,56.8,0,Linked live river forecast reach,719.373555643753
MP0615_KRNPR,Kiranapur,Balaghat,Godavari,Wainganga,21.590833333333332,80.36527777777778,440776747,4,2026-08-13T12:00:00+00:00,2,56.2,0,Linked live river forecast reach,719.373555643753
MP0615_KRNPR,Kiranapur,Balaghat,Godavari,Wainganga,21.590833333333332,80.36527777777778,440776747,4,2026-08-13T15:00:00+00:00,3,56.7,0,Linked live river forecast reach,719.373555643753
MP0615_KRNPR,Kiranapur,Balaghat,Godavari,Wainganga,21.590833333333332,80.36527777777778,440776747,4,2026-08-13T18:00:00+00:00,3,58.5,0,Linked live river forecast reach,719.373555643753
MP0615_KRNPR,Kiranapur,Balaghat,Godavari,Wainganga,21.590833333333332,80.36527777777778,440776747,4,2026-08-13T21:00:00+00:00,3,58.7,0,Linked live river forecast reach,719.373555643753
MP0615_KRNPR,Kiranapur,Balaghat,Godavari,Wainganga,21.590833333333332,80.36527777777778,440776747,4,2026-08-14T00:00:00+00:00,3,57.1,0,Linked live river forecast reach,719.373555643753
MP0615_KRNPR,Kiranapur,Balaghat,Godavari,Wainganga,21.590833333333332,80.36527777777778,440776747,4,2026-08-14T03:00:00+00:00,3,55.8,0,Linked live river forecast reach,719.373555643753
MP0615_KRNPR,Kiranapur,Balaghat,Godavari,Wainganga,21.590833333333332,80.36527777777778,440776747,4,2026-08-14T06:00:00+00:00,3,55.3,0,Linked live river forecast reach,719.373555643753
MP0615_KRNPR,Kiranapur,Balaghat,Godavari,Wainganga,21.590833333333332,80.36527777777778,440776747,4,2026-08-14T09:00:00+00:00,3,55.9,0,Linked live river forecast reach,719.373555643753
MP0615_KRNPR,Kiranapur,Balaghat,Godavari,Wainganga,21.590833333333332,80.36527777777778,440776747,4,2026-08-14T12:00:00+00:00,3,57.7,0,Linked live river forecast reach,719.373555643753
MP0615_KRNPR,Kiranapur,Balaghat,Godavari,Wainganga,21.590833333333332,80.36527777777778,440776747,4,2026-08-14T15:00:00+00:00,4,61.0,0,Linked live river forecast reach,719.373555643753
MP0615_KRNPR,Kiranapur,Balaghat,Godavari,Wainganga,21.590833333333332,80.36527777777778,440776747,4,2026-08-14T18:00:00+00:00,4,65.5,0,Linked live river forecast reach,719.373555643753
MP0615_KRNPR,Kiranapur,Balaghat,Godavari,Wainganga,21.590833333333332,80.36527777777778,440776747,4,2026-08-14T21:00:00+00:00,4,67.0,0,Linked live river forecast reach,719.373555643753
MP0615_KRNPR,Kiranapur,Balaghat,Godavari,Wainganga,21.590833333333332,80.36527777777778,440776747,4,2026-08-15T00:00:00+00:00,4,66.5,0,Linked live river forecast reach,719.373555643753
MP0615_KRNPR,Kiranapur,Balaghat,Godavari,Wainganga,21.590833333333332,80.36527777777778,440776747,4,2026-08-15T03:00:00+00:00,4,66.5,0,Linked live river forecast reach,719.373555643753
MP0615_KRNPR,Kiranapur,Balaghat,Godavari,Wainganga,21.590833333333332,80.36527777777778,440776747,4,2026-08-15T06:00:00+00:00,4,68.5,0,Linked live river forecast reach,719.373555643753
MP0615_KRNPR,Kiranapur,Balaghat,Godavari,Wainganga,21.590833333333332,80.36527777777778,440776747,4,2026-08-15T09:00:00+00:00,4,70.6,0,Linked live river forecast reach,719.373555643753
MP0615_KRNPR,Kiranapur,Balaghat,Godavari,Wainganga,21.590833333333332,80.36527777777778,440776747,4,2026-08-15T12:00:00+00:00,4,73.0,0,Linked live river forecast reach,719.373555643753
MP0615_KRNPR,Kiranapur,Balaghat,Godavari,Wainganga,21.590833333333332,80.36527777777778,440776747,4,2026-08-15T15:00:00+00:00,5,77.5,0,Linked live river forecast reach,719.373555643753
MP0615_KRNPR,Kiranapur,Balaghat,Godavari,Wainganga,21.590833333333332,80.36527777777778,440776747,4,2026-08-15T18:00:00+00:00,5,82.5,0,Linked live river forecast reach,719.373555643753
MP0615_KRNPR,Kiranapur,Balaghat,Godavari,Wainganga,21.590833333333332,80.36527777777778,440776747,4,2026-08-15T21:00:00+00:00,5,84.9,0,Linked live river forecast reach,719.373555643753
MP0615_KRNPR,Kiranapur,Balaghat,Godavari,Wainganga,21.590833333333332,80.36527777777778,440776747,4,2026-08-16T00:00:00+00:00,5,85.4,0,Linked live river forecast reach,719.373555643753
MP0615_KRNPR,Kiranapur,Balaghat,Godavari,Wainganga,21.590833333333332,80.36527777777778,440776747,4,2026-08-16T03:00:00+00:00,5,86.4,0,Linked live river forecast reach,719.373555643753
MP0615_KRNPR,Kiranapur,Balaghat,Godavari,Wainganga,21.590833333333332,80.36527777777778,440776747,4,2026-08-16T06:00:00+00:00,5,88.4,0,Linked live river forecast reach,719.373555643753
MP0615_KRNPR,Kiranapur,Balaghat,Godavari,Wainganga,21.590833333333332,80.36527777777778,440776747,4,2026-08-16T09:00:00+00:00,5,90.3,0,Linked live river forecast reach,719.373555643753
MP0615_KRNPR,Kiranapur,Balaghat,Godavari,Wainganga,21.590833333333332,80.36527777777778,440776747,4,2026-08-16T12:00:00+00:00,5,92.7,0,Linked live river forecast reach,719.373555643753
MP0615_KRNPR,Kiranapur,Balaghat,Godavari,Wainganga,21.590833333333332,80.36527777777778,440776747,4,2026-08-16T15:00:00+00:00,6,97.2,0,Linked live river forecast reach,719.373555643753
MP0615_KRNPR,Kiranapur,Balaghat,Godavari,Wainganga,21.590833333333332,80.36527777777778,440776747,4,2026-08-16T18:00:00+00:00,6,102.5,0,Linked live river forecast reach,719.373555643753
MP0615_KRNPR,Kiranapur,Balaghat,Godavari,Wainganga,21.590833333333332,80.36527777777778,440776747,4,2026-08-16T21:00:00+00:00,6,105.8,0,Linked live river forecast reach,719.373555643753
MP0615_KRNPR,Kiranapur,Balaghat,Godavari,Wainganga,21.590833333333332,80.36527777777778,440776747,4,2026-08-17T00:00:00+00:00,6,108.0,0,Linked live river forecast reach,719.373555643753
MP0615_KRNPR,Kiranapur,Balaghat,Godavari,Wainganga,21.590833333333332,80.36527777777778,440776747,4,2026-08-17T03:00:00+00:00,6,110.7,0,Linked live river forecast reach,719.373555643753
MP0615_KRNPR,Kiranapur,Balaghat,Godavari,Wainganga,21.590833333333332,80.36527777777778,440776747,4,2026-08-17T06:00:00+00:00,6,112.9,0,Linked live river forecast reach,719.373555643753
MP0615_KRNPR,Kiranapur,Balaghat,Godavari,Wainganga,21.590833333333332,80.36527777777778,440776747,4,2026-08-17T09:00:00+00:00,6,114.6,0,Linked live river forecast reach,719.373555643753
MP0615_KRNPR,Kiranapur,Balaghat,Godavari,Wainganga,21.590833333333332,80.36527777777778,440776747,4,2026-08-17T12:00:00+00:00,6,116.5,0,Linked live river forecast reach,719.373555643753
MP0615_KRNPR,Kiranapur,Balaghat,Godavari,Wainganga,21.590833333333332,80.36527777777778,440776747,4,2026-08-17T15:00:00+00:00,7,120.7,0,Linked live river forecast reach,719.373555643753
MP0616_BONKT,Bonkatta,Balaghat,Godavari,Wainganga,21.594444444444445,79.75722222222223,440787754,5,2026-08-10T15:00:00+00:00,0,175.5,0,Linked live river forecast reach,79.464229142759
MP0616_BONKT,Bonkatta,Balaghat,Godavari,Wainganga,21.594444444444445,79.75722222222223,440787754,5,2026-08-10T18:00:00+00:00,0,181.9,0,Linked live river forecast reach,79.464229142759
MP0616_BONKT,Bonkatta,Balaghat,Godavari,Wainganga,21.594444444444445,79.75722222222223,440787754,5,2026-08-10T21:00:00+00:00,0,180.5,0,Linked live river forecast reach,79.464229142759
MP0616_BONKT,Bonkatta,Balaghat,Godavari,Wainganga,21.594444444444445,79.75722222222223,440787754,5,2026-08-11T00:00:00+00:00,0,171.9,0,Linked live river forecast reach,79.464229142759
MP0616_BONKT,Bonkatta,Balaghat,Godavari,Wainganga,21.594444444444445,79.75722222222223,440787754,5,2026-08-11T03:00:00+00:00,0,158.5,0,Linked live river forecast reach,79.464229142759
MP0616_BONKT,Bonkatta,Balaghat,Godavari,Wainganga,21.594444444444445,79.75722222222223,440787754,5,2026-08-11T06:00:00+00:00,0,141.8,0,Linked live river forecast reach,79.464229142759
MP0616_BONKT,Bonkatta,Balaghat,Godavari,Wainganga,21.594444444444445,79.75722222222223,440787754,5,2026-08-11T09:00:00+00:00,0,128.1,0,Linked live river forecast reach,79.464229142759
MP0616_BONKT,Bonkatta,Balaghat,Godavari,Wainganga,21.594444444444445,79.75722222222223,440787754,5,2026-08-11T12:00:00+00:00,0,122.2,0,Linked live river forecast reach,79.464229142759
MP0616_BONKT,Bonkatta,Balaghat,Godavari,Wainganga,21.594444444444445,79.75722222222223,440787754,5,2026-08-11T15:00:00+00:00,1,120.9,0,Linked live river forecast reach,79.464229142759
MP0616_BONKT,Bonkatta,Balaghat,Godavari,Wainganga,21.594444444444445,79.75722222222223,440787754,5,2026-08-11T18:00:00+00:00,1,118.8,0,Linked live river forecast reach,79.464229142759
MP0616_BONKT,Bonkatta,Balaghat,Godavari,Wainganga,21.594444444444445,79.75722222222223,440787754,5,2026-08-11T21:00:00+00:00,1,110.8,0,Linked live river forecast reach,79.464229142759
MP0616_BONKT,Bonkatta,Balaghat,Godavari,Wainganga,21.594444444444445,79.75722222222223,440787754,5,2026-08-12T00:00:00+00:00,1,98.6,0,Linked live river forecast reach,79.464229142759
MP0616_BONKT,Bonkatta,Balaghat,Godavari,Wainganga,21.594444444444445,79.75722222222223,440787754,5,2026-08-12T03:00:00+00:00,1,87.8,0,Linked live river forecast reach,79.464229142759
MP0616_BONKT,Bonkatta,Balaghat,Godavari,Wainganga,21.594444444444445,79.75722222222223,440787754,5,2026-08-12T06:00:00+00:00,1,81.4,0,Linked live river forecast reach,79.464229142759
MP0616_BONKT,Bonkatta,Balaghat,Godavari,Wainganga,21.594444444444445,79.75722222222223,440787754,5,2026-08-12T09:00:00+00:00,1,81.4,0,Linked live river forecast reach,79.464229142759
MP0616_BONKT,Bonkatta,Balaghat,Godavari,Wainganga,21.594444444444445,79.75722222222223,440787754,5,2026-08-12T12:00:00+00:00,1,87.4,0,Linked live river forecast reach,79.464229142759
MP0616_BONKT,Bonkatta,Balaghat,Godavari,Wainganga,21.594444444444445,79.75722222222223,440787754,5,2026-08-12T15:00:00+00:00,2,96.5,0,Linked live river forecast reach,79.464229142759
MP0616_BONKT,Bonkatta,Balaghat,Godavari,Wainganga,21.594444444444445,79.75722222222223,440787754,5,2026-08-12T18:00:00+00:00,2,104.1,0,Linked live river forecast reach,79.464229142759
MP0616_BONKT,Bonkatta,Balaghat,Godavari,Wainganga,21.594444444444445,79.75722222222223,440787754,5,2026-08-12T21:00:00+00:00,2,104.6,0,Linked live river forecast reach,79.464229142759
MP0616_BONKT,Bonkatta,Balaghat,Godavari,Wainganga,21.594444444444445,79.75722222222223,440787754,5,2026-08-13T00:00:00+00:00,2,98.1,0,Linked live river forecast reach,79.464229142759
MP0616_BONKT,Bonkatta,Balaghat,Godavari,Wainganga,21.594444444444445,79.75722222222223,440787754,5,2026-08-13T03:00:00+00:00,2,89.9,0,Linked live river forecast reach,79.464229142759
MP0616_BONKT,Bonkatta,Balaghat,Godavari,Wainganga,21.594444444444445,79.75722222222223,440787754,5,2026-08-13T06:00:00+00:00,2,84.0,0,Linked live river forecast reach,79.464229142759
MP0616_BONKT,Bonkatta,Balaghat,Godavari,Wainganga,21.594444444444445,79.75722222222223,440787754,5,2026-08-13T09:00:00+00:00,2,81.0,0,Linked live river forecast reach,79.464229142759
MP0616_BONKT,Bonkatta,Balaghat,Godavari,Wainganga,21.594444444444445,79.75722222222223,440787754,5,2026-08-13T12:00:00+00:00,2,79.4,0,Linked live river forecast reach,79.464229142759
MP0616_BONKT,Bonkatta,Balaghat,Godavari,Wainganga,21.594444444444445,79.75722222222223,440787754,5,2026-08-13T15:00:00+00:00,3,78.6,0,Linked live river forecast reach,79.464229142759
MP0616_BONKT,Bonkatta,Balaghat,Godavari,Wainganga,21.594444444444445,79.75722222222223,440787754,5,2026-08-13T18:00:00+00:00,3,79.6,0,Linked live river forecast reach,79.464229142759
MP0616_BONKT,Bonkatta,Balaghat,Godavari,Wainganga,21.594444444444445,79.75722222222223,440787754,5,2026-08-13T21:00:00+00:00,3,79.0,0,Linked live river forecast reach,79.464229142759
MP0616_BONKT,Bonkatta,Balaghat,Godavari,Wainganga,21.594444444444445,79.75722222222223,440787754,5,2026-08-14T00:00:00+00:00,3,78.0,0,Linked live river forecast reach,79.464229142759
MP0616_BONKT,Bonkatta,Balaghat,Godavari,Wainganga,21.594444444444445,79.75722222222223,440787754,5,2026-08-14T03:00:00+00:00,3,78.3,0,Linked live river forecast reach,79.464229142759
MP0616_BONKT,Bonkatta,Balaghat,Godavari,Wainganga,21.594444444444445,79.75722222222223,440787754,5,2026-08-14T06:00:00+00:00,3,77.9,0,Linked live river forecast reach,79.464229142759
MP0616_BONKT,Bonkatta,Balaghat,Godavari,Wainganga,21.594444444444445,79.75722222222223,440787754,5,2026-08-14T09:00:00+00:00,3,78.2,0,Linked live river forecast reach,79.464229142759
MP0616_BONKT,Bonkatta,Balaghat,Godavari,Wainganga,21.594444444444445,79.75722222222223,440787754,5,2026-08-14T12:00:00+00:00,3,81.4,0,Linked live river forecast reach,79.464229142759
MP0616_BONKT,Bonkatta,Balaghat,Godavari,Wainganga,21.594444444444445,79.75722222222223,440787754,5,2026-08-14T15:00:00+00:00,4,86.4,0,Linked live river forecast reach,79.464229142759
MP0616_BONKT,Bonkatta,Balaghat,Godavari,Wainganga,21.594444444444445,79.75722222222223,440787754,5,2026-08-14T18:00:00+00:00,4,89.8,0,Linked live river forecast reach,79.464229142759
MP0616_BONKT,Bonkatta,Balaghat,Godavari,Wainganga,21.594444444444445,79.75722222222223,440787754,5,2026-08-14T21:00:00+00:00,4,91.2,0,Linked live river forecast reach,79.464229142759
MP0616_BONKT,Bonkatta,Balaghat,Godavari,Wainganga,21.594444444444445,79.75722222222223,440787754,5,2026-08-15T00:00:00+00:00,4,91.2,0,Linked live river forecast reach,79.464229142759
MP0616_BONKT,Bonkatta,Balaghat,Godavari,Wainganga,21.594444444444445,79.75722222222223,440787754,5,2026-08-15T03:00:00+00:00,4,91.3,0,Linked live river forecast reach,79.464229142759
MP0616_BONKT,Bonkatta,Balaghat,Godavari,Wainganga,21.594444444444445,79.75722222222223,440787754,5,2026-08-15T06:00:00+00:00,4,92.7,0,Linked live river forecast reach,79.464229142759
MP0616_BONKT,Bonkatta,Balaghat,Godavari,Wainganga,21.594444444444445,79.75722222222223,440787754,5,2026-08-15T09:00:00+00:00,4,95.4,0,Linked live river forecast reach,79.464229142759
MP0616_BONKT,Bonkatta,Balaghat,Godavari,Wainganga,21.594444444444445,79.75722222222223,440787754,5,2026-08-15T12:00:00+00:00,4,100.0,0,Linked live river forecast reach,79.464229142759
MP0616_BONKT,Bonkatta,Balaghat,Godavari,Wainganga,21.594444444444445,79.75722222222223,440787754,5,2026-08-15T15:00:00+00:00,5,105.4,0,Linked live river forecast reach,79.464229142759
MP0616_BONKT,Bonkatta,Balaghat,Godavari,Wainganga,21.594444444444445,79.75722222222223,440787754,5,2026-08-15T18:00:00+00:00,5,108.9,0,Linked live river forecast reach,79.464229142759
MP0616_BONKT,Bonkatta,Balaghat,Godavari,Wainganga,21.594444444444445,79.75722222222223,440787754,5,2026-08-15T21:00:00+00:00,5,109.6,0,Linked live river forecast reach,79.464229142759
MP0616_BONKT,Bonkatta,Balaghat,Godavari,Wainganga,21.594444444444445,79.75722222222223,440787754,5,2026-08-16T00:00:00+00:00,5,107.8,0,Linked live river forecast reach,79.464229142759
MP0616_BONKT,Bonkatta,Balaghat,Godavari,Wainganga,21.594444444444445,79.75722222222223,440787754,5,2026-08-16T03:00:00+00:00,5,105.1,0,Linked live river forecast reach,79.464229142759
MP0616_BONKT,Bonkatta,Balaghat,Godavari,Wainganga,21.594444444444445,79.75722222222223,440787754,5,2026-08-16T06:00:00+00:00,5,103.5,0,Linked live river forecast reach,79.464229142759
MP0616_BONKT,Bonkatta,Balaghat,Godavari,Wainganga,21.594444444444445,79.75722222222223,440787754,5,2026-08-16T09:00:00+00:00,5,103.9,0,Linked live river forecast reach,79.464229142759
MP0616_BONKT,Bonkatta,Balaghat,Godavari,Wainganga,21.594444444444445,79.75722222222223,440787754,5,2026-08-16T12:00:00+00:00,5,105.8,0,Linked live river forecast reach,79.464229142759
MP0616_BONKT,Bonkatta,Balaghat,Godavari,Wainganga,21.594444444444445,79.75722222222223,440787754,5,2026-08-16T15:00:00+00:00,6,108.4,0,Linked live river forecast reach,79.464229142759
MP0616_BONKT,Bonkatta,Balaghat,Godavari,Wainganga,21.594444444444445,79.75722222222223,440787754,5,2026-08-16T18:00:00+00:00,6,110.6,0,Linked live river forecast reach,79.464229142759
MP0616_BONKT,Bonkatta,Balaghat,Godavari,Wainganga,21.594444444444445,79.75722222222223,440787754,5,2026-08-16T21:00:00+00:00,6,112.0,0,Linked live river forecast reach,79.464229142759
MP0616_BONKT,Bonkatta,Balaghat,Godavari,Wainganga,21.594444444444445,79.75722222222223,440787754,5,2026-08-17T00:00:00+00:00,6,113.2,0,Linked live river forecast reach,79.464229142759
MP0616_BONKT,Bonkatta,Balaghat,Godavari,Wainganga,21.594444444444445,79.75722222222223,440787754,5,2026-08-17T03:00:00+00:00,6,114.8,0,Linked live river forecast reach,79.464229142759
MP0616_BONKT,Bonkatta,Balaghat,Godavari,Wainganga,21.594444444444445,79.75722222222223,440787754,5,2026-08-17T06:00:00+00:00,6,117.8,0,Linked live river forecast reach,79.464229142759
MP0616_BONKT,Bonkatta,Balaghat,Godavari,Wainganga,21.594444444444445,79.75722222222223,440787754,5,2026-08-17T09:00:00+00:00,6,122.9,0,Linked live river forecast reach,79.464229142759
MP0616_BONKT,Bonkatta,Balaghat,Godavari,Wainganga,21.594444444444445,79.75722222222223,440787754,5,2026-08-17T12:00:00+00:00,6,131.2,0,Linked live river forecast reach,79.464229142759
MP0616_BONKT,Bonkatta,Balaghat,Godavari,Wainganga,21.594444444444445,79.75722222222223,440787754,5,2026-08-17T15:00:00+00:00,7,139.2,0,Linked live river forecast reach,79.464229142759
MP0620_HRKHR,Hirankheri,Chhindwara,Godavari,Wainganga,21.9625,79.14361111111111,440860666,4,2026-08-10T15:00:00+00:00,0,108.5,0,Linked live river forecast reach,102.77368160926663
MP0620_PLWRA,Palatwara,Chhindwara,Godavari,Wainganga,22.18611111111111,78.97694444444444,440882673,4,2026-08-10T15:00:00+00:00,0,53.8,0,Linked live river forecast reach,54.17084906897602
MP0621_CHAND,Chand,Chhindwara,Godavari,Wainganga,21.950277777777778,79.12472222222222,440897819,4,2026-08-10T15:00:00+00:00,0,53.6,0,Linked live river forecast reach,130.2608792640309
MP0621_CHAND,Chand,Chhindwara,Godavari,Wainganga,21.950277777777778,79.12472222222222,440897819,4,2026-08-10T18:00:00+00:00,0,59.1,0,Linked live river forecast reach,130.2608792640309
MP0621_CHAND,Chand,Chhindwara,Godavari,Wainganga,21.950277777777778,79.12472222222222,440897819,4,2026-08-10T21:00:00+00:00,0,62.3,0,Linked live river forecast reach,130.2608792640309
MP0621_CHAND,Chand,Chhindwara,Godavari,Wainganga,21.950277777777778,79.12472222222222,440897819,4,2026-08-11T00:00:00+00:00,0,61.1,0,Linked live river forecast reach,130.2608792640309
MP0621_CHAND,Chand,Chhindwara,Godavari,Wainganga,21.950277777777778,79.12472222222222,440897819,4,2026-08-11T03:00:00+00:00,0,57.5,0,Linked live river forecast reach,130.2608792640309
MP0621_CHAND,Chand,Chhindwara,Godavari,Wainganga,21.950277777777778,79.12472222222222,440897819,4,2026-08-11T06:00:00+00:00,0,52.6,0,Linked live river forecast reach,130.2608792640309
MP0621_CHAND,Chand,Chhindwara,Godavari,Wainganga,21.950277777777778,79.12472222222222,440897819,4,2026-08-11T09:00:00+00:00,0,47.2,0,Linked live river forecast reach,130.2608792640309
MP0621_CHAND,Chand,Chhindwara,Godavari,Wainganga,21.950277777777778,79.12472222222222,440897819,4,2026-08-11T12:00:00+00:00,0,43.4,0,Linked live river forecast reach,130.2608792640309
MP0621_CHAND,Chand,Chhindwara,Godavari,Wainganga,21.950277777777778,79.12472222222222,440897819,4,2026-08-11T15:00:00+00:00,1,40.3,0,Linked live river forecast reach,130.2608792640309
MP0621_CHAND,Chand,Chhindwara,Godavari,Wainganga,21.950277777777778,79.12472222222222,440897819,4,2026-08-11T18:00:00+00:00,1,38.3,0,Linked live river forecast reach,130.2608792640309
MP0621_CHAND,Chand,Chhindwara,Godavari,Wainganga,21.950277777777778,79.12472222222222,440897819,4,2026-08-11T21:00:00+00:00,1,37.0,0,Linked live river forecast reach,130.2608792640309
MP0621_CHAND,Chand,Chhindwara,Godavari,Wainganga,21.950277777777778,79.12472222222222,440897819,4,2026-08-12T00:00:00+00:00,1,35.7,0,Linked live river forecast reach,130.2608792640309
MP0621_CHAND,Chand,Chhindwara,Godavari,Wainganga,21.950277777777778,79.12472222222222,440897819,4,2026-08-12T03:00:00+00:00,1,35.0,0,Linked live river forecast reach,130.2608792640309
MP0621_CHAND,Chand,Chhindwara,Godavari,Wainganga,21.950277777777778,79.12472222222222,440897819,4,2026-08-12T06:00:00+00:00,1,35.3,0,Linked live river forecast reach,130.2608792640309
MP0621_CHAND,Chand,Chhindwara,Godavari,Wainganga,21.950277777777778,79.12472222222222,440897819,4,2026-08-12T09:00:00+00:00,1,36.0,0,Linked live river forecast reach,130.2608792640309
MP0621_CHAND,Chand,Chhindwara,Godavari,Wainganga,21.950277777777778,79.12472222222222,440897819,4,2026-08-12T12:00:00+00:00,1,36.2,0,Linked live river forecast reach,130.2608792640309
MP0621_CHAND,Chand,Chhindwara,Godavari,Wainganga,21.950277777777778,79.12472222222222,440897819,4,2026-08-12T15:00:00+00:00,2,36.0,0,Linked live river forecast reach,130.2608792640309
MP0621_CHAND,Chand,Chhindwara,Godavari,Wainganga,21.950277777777778,79.12472222222222,440897819,4,2026-08-12T18:00:00+00:00,2,35.8,0,Linked live river forecast reach,130.2608792640309
MP0621_CHAND,Chand,Chhindwara,Godavari,Wainganga,21.950277777777778,79.12472222222222,440897819,4,2026-08-12T21:00:00+00:00,2,35.9,0,Linked live river forecast reach,130.2608792640309
MP0621_CHAND,Chand,Chhindwara,Godavari,Wainganga,21.950277777777778,79.12472222222222,440897819,4,2026-08-13T00:00:00+00:00,2,36.5,0,Linked live river forecast reach,130.2608792640309
MP0621_CHAND,Chand,Chhindwara,Godavari,Wainganga,21.950277777777778,79.12472222222222,440897819,4,2026-08-13T03:00:00+00:00,2,36.6,0,Linked live river forecast reach,130.2608792640309
MP0621_CHAND,Chand,Chhindwara,Godavari,Wainganga,21.950277777777778,79.12472222222222,440897819,4,2026-08-13T06:00:00+00:00,2,35.3,0,Linked live river forecast reach,130.2608792640309
MP0621_CHAND,Chand,Chhindwara,Godavari,Wainganga,21.950277777777778,79.12472222222222,440897819,4,2026-08-13T09:00:00+00:00,2,32.6,0,Linked live river forecast reach,130.2608792640309
MP0621_CHAND,Chand,Chhindwara,Godavari,Wainganga,21.950277777777778,79.12472222222222,440897819,4,2026-08-13T12:00:00+00:00,2,30.1,0,Linked live river forecast reach,130.2608792640309
MP0621_CHAND,Chand,Chhindwara,Godavari,Wainganga,21.950277777777778,79.12472222222222,440897819,4,2026-08-13T15:00:00+00:00,3,27.9,0,Linked live river forecast reach,130.2608792640309
MP0621_CHAND,Chand,Chhindwara,Godavari,Wainganga,21.950277777777778,79.12472222222222,440897819,4,2026-08-13T18:00:00+00:00,3,26.7,0,Linked live river forecast reach,130.2608792640309
MP0621_CHAND,Chand,Chhindwara,Godavari,Wainganga,21.950277777777778,79.12472222222222,440897819,4,2026-08-13T21:00:00+00:00,3,26.1,0,Linked live river forecast reach,130.2608792640309
MP0621_CHAND,Chand,Chhindwara,Godavari,Wainganga,21.950277777777778,79.12472222222222,440897819,4,2026-08-14T00:00:00+00:00,3,24.7,0,Linked live river forecast reach,130.2608792640309
MP0621_CHAND,Chand,Chhindwara,Godavari,Wainganga,21.950277777777778,79.12472222222222,440897819,4,2026-08-14T03:00:00+00:00,3,23.3,0,Linked live river forecast reach,130.2608792640309
MP0621_CHAND,Chand,Chhindwara,Godavari,Wainganga,21.950277777777778,79.12472222222222,440897819,4,2026-08-14T06:00:00+00:00,3,23.2,0,Linked live river forecast reach,130.2608792640309
MP0621_CHAND,Chand,Chhindwara,Godavari,Wainganga,21.950277777777778,79.12472222222222,440897819,4,2026-08-14T09:00:00+00:00,3,25.2,0,Linked live river forecast reach,130.2608792640309
MP0621_CHAND,Chand,Chhindwara,Godavari,Wainganga,21.950277777777778,79.12472222222222,440897819,4,2026-08-14T12:00:00+00:00,3,27.7,0,Linked live river forecast reach,130.2608792640309
MP0621_CHAND,Chand,Chhindwara,Godavari,Wainganga,21.950277777777778,79.12472222222222,440897819,4,2026-08-14T15:00:00+00:00,4,29.8,0,Linked live river forecast reach,130.2608792640309
MP0621_CHAND,Chand,Chhindwara,Godavari,Wainganga,21.950277777777778,79.12472222222222,440897819,4,2026-08-14T18:00:00+00:00,4,30.2,0,Linked live river forecast reach,130.2608792640309
MP0621_CHAND,Chand,Chhindwara,Godavari,Wainganga,21.950277777777778,79.12472222222222,440897819,4,2026-08-14T21:00:00+00:00,4,28.8,0,Linked live river forecast reach,130.2608792640309
MP0621_CHAND,Chand,Chhindwara,Godavari,Wainganga,21.950277777777778,79.12472222222222,440897819,4,2026-08-15T00:00:00+00:00,4,28.0,0,Linked live river forecast reach,130.2608792640309
MP0621_CHAND,Chand,Chhindwara,Godavari,Wainganga,21.950277777777778,79.12472222222222,440897819,4,2026-08-15T03:00:00+00:00,4,29.2,0,Linked live river forecast reach,130.2608792640309
MP0621_CHAND,Chand,Chhindwara,Godavari,Wainganga,21.950277777777778,79.12472222222222,440897819,4,2026-08-15T06:00:00+00:00,4,31.7,0,Linked live river forecast reach,130.2608792640309
MP0621_CHAND,Chand,Chhindwara,Godavari,Wainganga,21.950277777777778,79.12472222222222,440897819,4,2026-08-15T09:00:00+00:00,4,34.0,0,Linked live river forecast reach,130.2608792640309
MP0621_CHAND,Chand,Chhindwara,Godavari,Wainganga,21.950277777777778,79.12472222222222,440897819,4,2026-08-15T12:00:00+00:00,4,35.9,0,Linked live river forecast reach,130.2608792640309
MP0621_CHAND,Chand,Chhindwara,Godavari,Wainganga,21.950277777777778,79.12472222222222,440897819,4,2026-08-15T15:00:00+00:00,5,36.7,0,Linked live river forecast reach,130.2608792640309
MP0621_CHAND,Chand,Chhindwara,Godavari,Wainganga,21.950277777777778,79.12472222222222,440897819,4,2026-08-15T18:00:00+00:00,5,35.4,0,Linked live river forecast reach,130.2608792640309
MP0621_CHAND,Chand,Chhindwara,Godavari,Wainganga,21.950277777777778,79.12472222222222,440897819,4,2026-08-15T21:00:00+00:00,5,33.5,0,Linked live river forecast reach,130.2608792640309
MP0621_CHAND,Chand,Chhindwara,Godavari,Wainganga,21.950277777777778,79.12472222222222,440897819,4,2026-08-16T00:00:00+00:00,5,33.0,0,Linked live river forecast reach,130.2608792640309
MP0621_CHAND,Chand,Chhindwara,Godavari,Wainganga,21.950277777777778,79.12472222222222,440897819,4,2026-08-16T03:00:00+00:00,5,33.9,0,Linked live river forecast reach,130.2608792640309
MP0621_CHAND,Chand,Chhindwara,Godavari,Wainganga,21.950277777777778,79.12472222222222,440897819,4,2026-08-16T06:00:00+00:00,5,35.9,0,Linked live river forecast reach,130.2608792640309
MP0621_CHAND,Chand,Chhindwara,Godavari,Wainganga,21.950277777777778,79.12472222222222,440897819,4,2026-08-16T09:00:00+00:00,5,38.4,0,Linked live river forecast reach,130.2608792640309
MP0621_CHAND,Chand,Chhindwara,Godavari,Wainganga,21.950277777777778,79.12472222222222,440897819,4,2026-08-16T12:00:00+00:00,5,41.1,0,Linked live river forecast reach,130.2608792640309
MP0621_CHAND,Chand,Chhindwara,Godavari,Wainganga,21.950277777777778,79.12472222222222,440897819,4,2026-08-16T15:00:00+00:00,6,43.1,0,Linked live river forecast reach,130.2608792640309
MP0621_CHAND,Chand,Chhindwara,Godavari,Wainganga,21.950277777777778,79.12472222222222,440897819,4,2026-08-16T18:00:00+00:00,6,44.5,0,Linked live river forecast reach,130.2608792640309
MP0621_CHAND,Chand,Chhindwara,Godavari,Wainganga,21.950277777777778,79.12472222222222,440897819,4,2026-08-16T21:00:00+00:00,6,45.7,0,Linked live river forecast reach,130.2608792640309
MP0621_CHAND,Chand,Chhindwara,Godavari,Wainganga,21.950277777777778,79.12472222222222,440897819,4,2026-08-17T00:00:00+00:00,6,46.4,0,Linked live river forecast reach,130.2608792640309
MP0621_CHAND,Chand,Chhindwara,Godavari,Wainganga,21.950277777777778,79.12472222222222,440897819,4,2026-08-17T03:00:00+00:00,6,47.2,0,Linked live river forecast reach,130.2608792640309
MP0621_CHAND,Chand,Chhindwara,Godavari,Wainganga,21.950277777777778,79.12472222222222,440897819,4,2026-08-17T06:00:00+00:00,6,48.3,0,Linked live river forecast reach,130.2608792640309
MP0621_CHAND,Chand,Chhindwara,Godavari,Wainganga,21.950277777777778,79.12472222222222,440897819,4,2026-08-17T09:00:00+00:00,6,48.8,0,Linked live river forecast reach,130.2608792640309
MP0621_CHAND,Chand,Chhindwara,Godavari,Wainganga,21.950277777777778,79.12472222222222,440897819,4,2026-08-17T12:00:00+00:00,6,48.2,0,Linked live river forecast reach,130.2608792640309
MP0621_CHAND,Chand,Chhindwara,Godavari,Wainganga,21.950277777777778,79.12472222222222,440897819,4,2026-08-17T15:00:00+00:00,7,47.3,0,Linked live river forecast reach,130.2608792640309
MP0622_BJGRA,Bijagora,Chhindwara,Godavari,Wainganga,21.981666666666666,78.61472222222223,440874425,5,2026-08-10T15:00:00+00:00,0,118.7,0,Linked live river forecast reach,122.65026516242858
MP0622_HRGRH,Hirdagarh,Chhindwara,Godavari,Wainganga,22.130555555555556,78.52277777777778,440791859,3,2026-08-10T15:00:00+00:00,0,26.6,0,Linked live river forecast reach,67.22119712689891
MP0622_HRGRH,Hirdagarh,Chhindwara,Godavari,Wainganga,22.130555555555556,78.52277777777778,440791859,3,2026-08-10T18:00:00+00:00,0,19.7,0,Linked live river forecast reach,67.22119712689891
MP0622_HRGRH,Hirdagarh,Chhindwara,Godavari,Wainganga,22.130555555555556,78.52277777777778,440791859,3,2026-08-10T21:00:00+00:00,0,13.7,0,Linked live river forecast reach,67.22119712689891
MP0622_HRGRH,Hirdagarh,Chhindwara,Godavari,Wainganga,22.130555555555556,78.52277777777778,440791859,3,2026-08-11T00:00:00+00:00,0,10.2,0,Linked live river forecast reach,67.22119712689891
MP0622_HRGRH,Hirdagarh,Chhindwara,Godavari,Wainganga,22.130555555555556,78.52277777777778,440791859,3,2026-08-11T03:00:00+00:00,0,8.7,0,Linked live river forecast reach,67.22119712689891
MP0622_HRGRH,Hirdagarh,Chhindwara,Godavari,Wainganga,22.130555555555556,78.52277777777778,440791859,3,2026-08-11T06:00:00+00:00,0,8.6,0,Linked live river forecast reach,67.22119712689891
MP0622_HRGRH,Hirdagarh,Chhindwara,Godavari,Wainganga,22.130555555555556,78.52277777777778,440791859,3,2026-08-11T09:00:00+00:00,0,9.7,0,Linked live river forecast reach,67.22119712689891
MP0622_HRGRH,Hirdagarh,Chhindwara,Godavari,Wainganga,22.130555555555556,78.52277777777778,440791859,3,2026-08-11T12:00:00+00:00,0,11.7,0,Linked live river forecast reach,67.22119712689891
MP0622_HRGRH,Hirdagarh,Chhindwara,Godavari,Wainganga,22.130555555555556,78.52277777777778,440791859,3,2026-08-11T15:00:00+00:00,1,14.0,0,Linked live river forecast reach,67.22119712689891
MP0622_HRGRH,Hirdagarh,Chhindwara,Godavari,Wainganga,22.130555555555556,78.52277777777778,440791859,3,2026-08-11T18:00:00+00:00,1,15.4,0,Linked live river forecast reach,67.22119712689891
MP0622_HRGRH,Hirdagarh,Chhindwara,Godavari,Wainganga,22.130555555555556,78.52277777777778,440791859,3,2026-08-11T21:00:00+00:00,1,15.0,0,Linked live river forecast reach,67.22119712689891
MP0622_HRGRH,Hirdagarh,Chhindwara,Godavari,Wainganga,22.130555555555556,78.52277777777778,440791859,3,2026-08-12T00:00:00+00:00,1,13.9,0,Linked live river forecast reach,67.22119712689891
MP0622_HRGRH,Hirdagarh,Chhindwara,Godavari,Wainganga,22.130555555555556,78.52277777777778,440791859,3,2026-08-12T03:00:00+00:00,1,13.3,0,Linked live river forecast reach,67.22119712689891
MP0622_HRGRH,Hirdagarh,Chhindwara,Godavari,Wainganga,22.130555555555556,78.52277777777778,440791859,3,2026-08-12T06:00:00+00:00,1,13.0,0,Linked live river forecast reach,67.22119712689891
MP0622_HRGRH,Hirdagarh,Chhindwara,Godavari,Wainganga,22.130555555555556,78.52277777777778,440791859,3,2026-08-12T09:00:00+00:00,1,13.1,0,Linked live river forecast reach,67.22119712689891
MP0622_HRGRH,Hirdagarh,Chhindwara,Godavari,Wainganga,22.130555555555556,78.52277777777778,440791859,3,2026-08-12T12:00:00+00:00,1,11.7,0,Linked live river forecast reach,67.22119712689891
MP0622_HRGRH,Hirdagarh,Chhindwara,Godavari,Wainganga,22.130555555555556,78.52277777777778,440791859,3,2026-08-12T15:00:00+00:00,2,9.5,0,Linked live river forecast reach,67.22119712689891
MP0622_HRGRH,Hirdagarh,Chhindwara,Godavari,Wainganga,22.130555555555556,78.52277777777778,440791859,3,2026-08-12T18:00:00+00:00,2,7.8,0,Linked live river forecast reach,67.22119712689891
MP0622_HRGRH,Hirdagarh,Chhindwara,Godavari,Wainganga,22.130555555555556,78.52277777777778,440791859,3,2026-08-12T21:00:00+00:00,2,6.7,0,Linked live river forecast reach,67.22119712689891
MP0622_HRGRH,Hirdagarh,Chhindwara,Godavari,Wainganga,22.130555555555556,78.52277777777778,440791859,3,2026-08-13T00:00:00+00:00,2,5.5,0,Linked live river forecast reach,67.22119712689891
MP0622_HRGRH,Hirdagarh,Chhindwara,Godavari,Wainganga,22.130555555555556,78.52277777777778,440791859,3,2026-08-13T03:00:00+00:00,2,4.8,0,Linked live river forecast reach,67.22119712689891
MP0622_HRGRH,Hirdagarh,Chhindwara,Godavari,Wainganga,22.130555555555556,78.52277777777778,440791859,3,2026-08-13T06:00:00+00:00,2,5.2,0,Linked live river forecast reach,67.22119712689891
MP0622_HRGRH,Hirdagarh,Chhindwara,Godavari,Wainganga,22.130555555555556,78.52277777777778,440791859,3,2026-08-13T09:00:00+00:00,2,6.0,0,Linked live river forecast reach,67.22119712689891
MP0622_HRGRH,Hirdagarh,Chhindwara,Godavari,Wainganga,22.130555555555556,78.52277777777778,440791859,3,2026-08-13T12:00:00+00:00,2,6.0,0,Linked live river forecast reach,67.22119712689891
MP0622_HRGRH,Hirdagarh,Chhindwara,Godavari,Wainganga,22.130555555555556,78.52277777777778,440791859,3,2026-08-13T15:00:00+00:00,3,6.0,0,Linked live river forecast reach,67.22119712689891
MP0622_HRGRH,Hirdagarh,Chhindwara,Godavari,Wainganga,22.130555555555556,78.52277777777778,440791859,3,2026-08-13T18:00:00+00:00,3,5.4,0,Linked live river forecast reach,67.22119712689891
MP0622_HRGRH,Hirdagarh,Chhindwara,Godavari,Wainganga,22.130555555555556,78.52277777777778,440791859,3,2026-08-13T21:00:00+00:00,3,4.5,0,Linked live river forecast reach,67.22119712689891
MP0622_HRGRH,Hirdagarh,Chhindwara,Godavari,Wainganga,22.130555555555556,78.52277777777778,440791859,3,2026-08-14T00:00:00+00:00,3,4.0,0,Linked live river forecast reach,67.22119712689891
MP0622_HRGRH,Hirdagarh,Chhindwara,Godavari,Wainganga,22.130555555555556,78.52277777777778,440791859,3,2026-08-14T03:00:00+00:00,3,4.5,0,Linked live river forecast reach,67.22119712689891
MP0622_HRGRH,Hirdagarh,Chhindwara,Godavari,Wainganga,22.130555555555556,78.52277777777778,440791859,3,2026-08-14T06:00:00+00:00,3,7.0,0,Linked live river forecast reach,67.22119712689891
MP0622_HRGRH,Hirdagarh,Chhindwara,Godavari,Wainganga,22.130555555555556,78.52277777777778,440791859,3,2026-08-14T09:00:00+00:00,3,10.0,0,Linked live river forecast reach,67.22119712689891
MP0622_HRGRH,Hirdagarh,Chhindwara,Godavari,Wainganga,22.130555555555556,78.52277777777778,440791859,3,2026-08-14T12:00:00+00:00,3,12.3,0,Linked live river forecast reach,67.22119712689891
MP0622_HRGRH,Hirdagarh,Chhindwara,Godavari,Wainganga,22.130555555555556,78.52277777777778,440791859,3,2026-08-14T15:00:00+00:00,4,11.6,0,Linked live river forecast reach,67.22119712689891
MP0622_HRGRH,Hirdagarh,Chhindwara,Godavari,Wainganga,22.130555555555556,78.52277777777778,440791859,3,2026-08-14T18:00:00+00:00,4,9.1,0,Linked live river forecast reach,67.22119712689891
MP0622_HRGRH,Hirdagarh,Chhindwara,Godavari,Wainganga,22.130555555555556,78.52277777777778,440791859,3,2026-08-14T21:00:00+00:00,4,6.7,0,Linked live river forecast reach,67.22119712689891
MP0622_HRGRH,Hirdagarh,Chhindwara,Godavari,Wainganga,22.130555555555556,78.52277777777778,440791859,3,2026-08-15T00:00:00+00:00,4,5.9,0,Linked live river forecast reach,67.22119712689891
MP0622_HRGRH,Hirdagarh,Chhindwara,Godavari,Wainganga,22.130555555555556,78.52277777777778,440791859,3,2026-08-15T03:00:00+00:00,4,6.9,0,Linked live river forecast reach,67.22119712689891
MP0622_HRGRH,Hirdagarh,Chhindwara,Godavari,Wainganga,22.130555555555556,78.52277777777778,440791859,3,2026-08-15T06:00:00+00:00,4,9.0,0,Linked live river forecast reach,67.22119712689891
MP0622_HRGRH,Hirdagarh,Chhindwara,Godavari,Wainganga,22.130555555555556,78.52277777777778,440791859,3,2026-08-15T09:00:00+00:00,4,10.9,0,Linked live river forecast reach,67.22119712689891
MP0622_HRGRH,Hirdagarh,Chhindwara,Godavari,Wainganga,22.130555555555556,78.52277777777778,440791859,3,2026-08-15T12:00:00+00:00,4,11.9,0,Linked live river forecast reach,67.22119712689891
MP0622_HRGRH,Hirdagarh,Chhindwara,Godavari,Wainganga,22.130555555555556,78.52277777777778,440791859,3,2026-08-15T15:00:00+00:00,5,12.5,0,Linked live river forecast reach,67.22119712689891
MP0622_HRGRH,Hirdagarh,Chhindwara,Godavari,Wainganga,22.130555555555556,78.52277777777778,440791859,3,2026-08-15T18:00:00+00:00,5,13.8,0,Linked live river forecast reach,67.22119712689891
MP0622_HRGRH,Hirdagarh,Chhindwara,Godavari,Wainganga,22.130555555555556,78.52277777777778,440791859,3,2026-08-15T21:00:00+00:00,5,15.8,0,Linked live river forecast reach,67.22119712689891
MP0622_HRGRH,Hirdagarh,Chhindwara,Godavari,Wainganga,22.130555555555556,78.52277777777778,440791859,3,2026-08-16T00:00:00+00:00,5,17.3,0,Linked live river forecast reach,67.22119712689891
MP0622_HRGRH,Hirdagarh,Chhindwara,Godavari,Wainganga,22.130555555555556,78.52277777777778,440791859,3,2026-08-16T03:00:00+00:00,5,18.4,0,Linked live river forecast reach,67.22119712689891
MP0622_HRGRH,Hirdagarh,Chhindwara,Godavari,Wainganga,22.130555555555556,78.52277777777778,440791859,3,2026-08-16T06:00:00+00:00,5,19.3,0,Linked live river forecast reach,67.22119712689891
MP0622_HRGRH,Hirdagarh,Chhindwara,Godavari,Wainganga,22.130555555555556,78.52277777777778,440791859,3,2026-08-16T09:00:00+00:00,5,19.3,0,Linked live river forecast reach,67.22119712689891
MP0622_HRGRH,Hirdagarh,Chhindwara,Godavari,Wainganga,22.130555555555556,78.52277777777778,440791859,3,2026-08-16T12:00:00+00:00,5,18.5,0,Linked live river forecast reach,67.22119712689891
MP0622_HRGRH,Hirdagarh,Chhindwara,Godavari,Wainganga,22.130555555555556,78.52277777777778,440791859,3,2026-08-16T15:00:00+00:00,6,16.2,0,Linked live river forecast reach,67.22119712689891
MP0622_HRGRH,Hirdagarh,Chhindwara,Godavari,Wainganga,22.130555555555556,78.52277777777778,440791859,3,2026-08-16T18:00:00+00:00,6,13.3,0,Linked live river forecast reach,67.22119712689891
MP0622_HRGRH,Hirdagarh,Chhindwara,Godavari,Wainganga,22.130555555555556,78.52277777777778,440791859,3,2026-08-16T21:00:00+00:00,6,10.2,0,Linked live river forecast reach,67.22119712689891
MP0622_HRGRH,Hirdagarh,Chhindwara,Godavari,Wainganga,22.130555555555556,78.52277777777778,440791859,3,2026-08-17T00:00:00+00:00,6,8.1,0,Linked live river forecast reach,67.22119712689891
MP0622_HRGRH,Hirdagarh,Chhindwara,Godavari,Wainganga,22.130555555555556,78.52277777777778,440791859,3,2026-08-17T03:00:00+00:00,6,7.6,0,Linked live river forecast reach,67.22119712689891
MP0622_HRGRH,Hirdagarh,Chhindwara,Godavari,Wainganga,22.130555555555556,78.52277777777778,440791859,3,2026-08-17T06:00:00+00:00,6,7.7,0,Linked live river forecast reach,67.22119712689891
MP0622_HRGRH,Hirdagarh,Chhindwara,Godavari,Wainganga,22.130555555555556,78.52277777777778,440791859,3,2026-08-17T09:00:00+00:00,6,7.8,0,Linked live river forecast reach,67.22119712689891
MP0622_HRGRH,Hirdagarh,Chhindwara,Godavari,Wainganga,22.130555555555556,78.52277777777778,440791859,3,2026-08-17T12:00:00+00:00,6,7.7,0,Linked live river forecast reach,67.22119712689891
MP0622_HRGRH,Hirdagarh,Chhindwara,Godavari,Wainganga,22.130555555555556,78.52277777777778,440791859,3,2026-08-17T15:00:00+00:00,7,7.0,0,Linked live river forecast reach,67.22119712689891
MP0622_RMKON,Ramakona,Chhindwara,Godavari,Wainganga,21.68722222222222,78.84944444444444,440747845,5,2026-08-10T15:00:00+00:00,0,95.8,0,Linked live river forecast reach,180.9101086782709
MP0622_RMKON,Ramakona,Chhindwara,Godavari,Wainganga,21.68722222222222,78.84944444444444,440747845,5,2026-08-10T18:00:00+00:00,0,96.7,0,Linked live river forecast reach,180.9101086782709
MP0622_RMKON,Ramakona,Chhindwara,Godavari,Wainganga,21.68722222222222,78.84944444444444,440747845,5,2026-08-10T21:00:00+00:00,0,98.6,0,Linked live river forecast reach,180.9101086782709
MP0622_RMKON,Ramakona,Chhindwara,Godavari,Wainganga,21.68722222222222,78.84944444444444,440747845,5,2026-08-11T00:00:00+00:00,0,100.2,0,Linked live river forecast reach,180.9101086782709
MP0622_RMKON,Ramakona,Chhindwara,Godavari,Wainganga,21.68722222222222,78.84944444444444,440747845,5,2026-08-11T03:00:00+00:00,0,103.0,0,Linked live river forecast reach,180.9101086782709
MP0622_RMKON,Ramakona,Chhindwara,Godavari,Wainganga,21.68722222222222,78.84944444444444,440747845,5,2026-08-11T06:00:00+00:00,0,110.1,0,Linked live river forecast reach,180.9101086782709
MP0622_RMKON,Ramakona,Chhindwara,Godavari,Wainganga,21.68722222222222,78.84944444444444,440747845,5,2026-08-11T09:00:00+00:00,0,125.3,0,Linked live river forecast reach,180.9101086782709
MP0622_RMKON,Ramakona,Chhindwara,Godavari,Wainganga,21.68722222222222,78.84944444444444,440747845,5,2026-08-11T12:00:00+00:00,0,149.4,0,Linked live river forecast reach,180.9101086782709
MP0622_RMKON,Ramakona,Chhindwara,Godavari,Wainganga,21.68722222222222,78.84944444444444,440747845,5,2026-08-11T15:00:00+00:00,1,177.6,0,Linked live river forecast reach,180.9101086782709
MP0622_RMKON,Ramakona,Chhindwara,Godavari,Wainganga,21.68722222222222,78.84944444444444,440747845,5,2026-08-11T18:00:00+00:00,1,200.2,0,Linked live river forecast reach,180.9101086782709
MP0622_RMKON,Ramakona,Chhindwara,Godavari,Wainganga,21.68722222222222,78.84944444444444,440747845,5,2026-08-11T21:00:00+00:00,1,214.4,0,Linked live river forecast reach,180.9101086782709
MP0622_RMKON,Ramakona,Chhindwara,Godavari,Wainganga,21.68722222222222,78.84944444444444,440747845,5,2026-08-12T00:00:00+00:00,1,222.1,0,Linked live river forecast reach,180.9101086782709
MP0622_RMKON,Ramakona,Chhindwara,Godavari,Wainganga,21.68722222222222,78.84944444444444,440747845,5,2026-08-12T03:00:00+00:00,1,222.8,0,Linked live river forecast reach,180.9101086782709
MP0622_RMKON,Ramakona,Chhindwara,Godavari,Wainganga,21.68722222222222,78.84944444444444,440747845,5,2026-08-12T06:00:00+00:00,1,217.6,0,Linked live river forecast reach,180.9101086782709
MP0622_RMKON,Ramakona,Chhindwara,Godavari,Wainganga,21.68722222222222,78.84944444444444,440747845,5,2026-08-12T09:00:00+00:00,1,206.8,0,Linked live river forecast reach,180.9101086782709
MP0622_RMKON,Ramakona,Chhindwara,Godavari,Wainganga,21.68722222222222,78.84944444444444,440747845,5,2026-08-12T12:00:00+00:00,1,192.6,0,Linked live river forecast reach,180.9101086782709
MP0622_RMKON,Ramakona,Chhindwara,Godavari,Wainganga,21.68722222222222,78.84944444444444,440747845,5,2026-08-12T15:00:00+00:00,2,175.4,0,Linked live river forecast reach,180.9101086782709
MP0622_RMKON,Ramakona,Chhindwara,Godavari,Wainganga,21.68722222222222,78.84944444444444,440747845,5,2026-08-12T18:00:00+00:00,2,157.4,0,Linked live river forecast reach,180.9101086782709
MP0622_RMKON,Ramakona,Chhindwara,Godavari,Wainganga,21.68722222222222,78.84944444444444,440747845,5,2026-08-12T21:00:00+00:00,2,142.2,0,Linked live river forecast reach,180.9101086782709
MP0622_RMKON,Ramakona,Chhindwara,Godavari,Wainganga,21.68722222222222,78.84944444444444,440747845,5,2026-08-13T00:00:00+00:00,2,130.9,0,Linked live river forecast reach,180.9101086782709
MP0622_RMKON,Ramakona,Chhindwara,Godavari,Wainganga,21.68722222222222,78.84944444444444,440747845,5,2026-08-13T03:00:00+00:00,2,122.9,0,Linked live river forecast reach,180.9101086782709
MP0622_RMKON,Ramakona,Chhindwara,Godavari,Wainganga,21.68722222222222,78.84944444444444,440747845,5,2026-08-13T06:00:00+00:00,2,118.3,0,Linked live river forecast reach,180.9101086782709
MP0622_RMKON,Ramakona,Chhindwara,Godavari,Wainganga,21.68722222222222,78.84944444444444,440747845,5,2026-08-13T09:00:00+00:00,2,117.5,0,Linked live river forecast reach,180.9101086782709
MP0622_RMKON,Ramakona,Chhindwara,Godavari,Wainganga,21.68722222222222,78.84944444444444,440747845,5,2026-08-13T12:00:00+00:00,2,120.8,0,Linked live river forecast reach,180.9101086782709
MP0622_RMKON,Ramakona,Chhindwara,Godavari,Wainganga,21.68722222222222,78.84944444444444,440747845,5,2026-08-13T15:00:00+00:00,3,123.6,0,Linked live river forecast reach,180.9101086782709
MP0622_RMKON,Ramakona,Chhindwara,Godavari,Wainganga,21.68722222222222,78.84944444444444,440747845,5,2026-08-13T18:00:00+00:00,3,124.0,0,Linked live river forecast reach,180.9101086782709
MP0622_RMKON,Ramakona,Chhindwara,Godavari,Wainganga,21.68722222222222,78.84944444444444,440747845,5,2026-08-13T21:00:00+00:00,3,122.5,0,Linked live river forecast reach,180.9101086782709
MP0622_RMKON,Ramakona,Chhindwara,Godavari,Wainganga,21.68722222222222,78.84944444444444,440747845,5,2026-08-14T00:00:00+00:00,3,119.5,0,Linked live river forecast reach,180.9101086782709
MP0622_RMKON,Ramakona,Chhindwara,Godavari,Wainganga,21.68722222222222,78.84944444444444,440747845,5,2026-08-14T03:00:00+00:00,3,113.9,0,Linked live river forecast reach,180.9101086782709
MP0622_RMKON,Ramakona,Chhindwara,Godavari,Wainganga,21.68722222222222,78.84944444444444,440747845,5,2026-08-14T06:00:00+00:00,3,106.0,0,Linked live river forecast reach,180.9101086782709
MP0622_RMKON,Ramakona,Chhindwara,Godavari,Wainganga,21.68722222222222,78.84944444444444,440747845,5,2026-08-14T09:00:00+00:00,3,98.6,0,Linked live river forecast reach,180.9101086782709
MP0622_RMKON,Ramakona,Chhindwara,Godavari,Wainganga,21.68722222222222,78.84944444444444,440747845,5,2026-08-14T12:00:00+00:00,3,92.1,0,Linked live river forecast reach,180.9101086782709
MP0622_RMKON,Ramakona,Chhindwara,Godavari,Wainganga,21.68722222222222,78.84944444444444,440747845,5,2026-08-14T15:00:00+00:00,4,85.8,0,Linked live river forecast reach,180.9101086782709
MP0622_RMKON,Ramakona,Chhindwara,Godavari,Wainganga,21.68722222222222,78.84944444444444,440747845,5,2026-08-14T18:00:00+00:00,4,81.2,0,Linked live river forecast reach,180.9101086782709
MP0622_RMKON,Ramakona,Chhindwara,Godavari,Wainganga,21.68722222222222,78.84944444444444,440747845,5,2026-08-14T21:00:00+00:00,4,78.5,0,Linked live river forecast reach,180.9101086782709
MP0622_RMKON,Ramakona,Chhindwara,Godavari,Wainganga,21.68722222222222,78.84944444444444,440747845,5,2026-08-15T00:00:00+00:00,4,76.7,0,Linked live river forecast reach,180.9101086782709
MP0622_RMKON,Ramakona,Chhindwara,Godavari,Wainganga,21.68722222222222,78.84944444444444,440747845,5,2026-08-15T03:00:00+00:00,4,76.2,0,Linked live river forecast reach,180.9101086782709
MP0622_RMKON,Ramakona,Chhindwara,Godavari,Wainganga,21.68722222222222,78.84944444444444,440747845,5,2026-08-15T06:00:00+00:00,4,76.2,0,Linked live river forecast reach,180.9101086782709
MP0622_RMKON,Ramakona,Chhindwara,Godavari,Wainganga,21.68722222222222,78.84944444444444,440747845,5,2026-08-15T09:00:00+00:00,4,75.5,0,Linked live river forecast reach,180.9101086782709
MP0622_RMKON,Ramakona,Chhindwara,Godavari,Wainganga,21.68722222222222,78.84944444444444,440747845,5,2026-08-15T12:00:00+00:00,4,75.3,0,Linked live river forecast reach,180.9101086782709
MP0622_RMKON,Ramakona,Chhindwara,Godavari,Wainganga,21.68722222222222,78.84944444444444,440747845,5,2026-08-15T15:00:00+00:00,5,76.4,0,Linked live river forecast reach,180.9101086782709
MP0622_RMKON,Ramakona,Chhindwara,Godavari,Wainganga,21.68722222222222,78.84944444444444,440747845,5,2026-08-15T18:00:00+00:00,5,79.1,0,Linked live river forecast reach,180.9101086782709
MP0622_RMKON,Ramakona,Chhindwara,Godavari,Wainganga,21.68722222222222,78.84944444444444,440747845,5,2026-08-15T21:00:00+00:00,5,83.7,0,Linked live river forecast reach,180.9101086782709
MP0622_RMKON,Ramakona,Chhindwara,Godavari,Wainganga,21.68722222222222,78.84944444444444,440747845,5,2026-08-16T00:00:00+00:00,5,89.3,0,Linked live river forecast reach,180.9101086782709
MP0622_RMKON,Ramakona,Chhindwara,Godavari,Wainganga,21.68722222222222,78.84944444444444,440747845,5,2026-08-16T03:00:00+00:00,5,96.0,0,Linked live river forecast reach,180.9101086782709
MP0622_RMKON,Ramakona,Chhindwara,Godavari,Wainganga,21.68722222222222,78.84944444444444,440747845,5,2026-08-16T06:00:00+00:00,5,102.0,0,Linked live river forecast reach,180.9101086782709
MP0622_RMKON,Ramakona,Chhindwara,Godavari,Wainganga,21.68722222222222,78.84944444444444,440747845,5,2026-08-16T09:00:00+00:00,5,105.7,0,Linked live river forecast reach,180.9101086782709
MP0622_RMKON,Ramakona,Chhindwara,Godavari,Wainganga,21.68722222222222,78.84944444444444,440747845,5,2026-08-16T12:00:00+00:00,5,107.7,0,Linked live river forecast reach,180.9101086782709
MP0622_RMKON,Ramakona,Chhindwara,Godavari,Wainganga,21.68722222222222,78.84944444444444,440747845,5,2026-08-16T15:00:00+00:00,6,109.1,0,Linked live river forecast reach,180.9101086782709
MP0622_RMKON,Ramakona,Chhindwara,Godavari,Wainganga,21.68722222222222,78.84944444444444,440747845,5,2026-08-16T18:00:00+00:00,6,111.0,0,Linked live river forecast reach,180.9101086782709
MP0622_RMKON,Ramakona,Chhindwara,Godavari,Wainganga,21.68722222222222,78.84944444444444,440747845,5,2026-08-16T21:00:00+00:00,6,113.6,0,Linked live river forecast reach,180.9101086782709
MP0622_RMKON,Ramakona,Chhindwara,Godavari,Wainganga,21.68722222222222,78.84944444444444,440747845,5,2026-08-17T00:00:00+00:00,6,116.2,0,Linked live river forecast reach,180.9101086782709
MP0622_RMKON,Ramakona,Chhindwara,Godavari,Wainganga,21.68722222222222,78.84944444444444,440747845,5,2026-08-17T03:00:00+00:00,6,118.6,0,Linked live river forecast reach,180.9101086782709
MP0622_RMKON,Ramakona,Chhindwara,Godavari,Wainganga,21.68722222222222,78.84944444444444,440747845,5,2026-08-17T06:00:00+00:00,6,121.4,0,Linked live river forecast reach,180.9101086782709
MP0622_RMKON,Ramakona,Chhindwara,Godavari,Wainganga,21.68722222222222,78.84944444444444,440747845,5,2026-08-17T09:00:00+00:00,6,125.4,0,Linked live river forecast reach,180.9101086782709
MP0622_RMKON,Ramakona,Chhindwara,Godavari,Wainganga,21.68722222222222,78.84944444444444,440747845,5,2026-08-17T12:00:00+00:00,6,129.6,0,Linked live river forecast reach,180.9101086782709
MP0622_RMKON,Ramakona,Chhindwara,Godavari,Wainganga,21.68722222222222,78.84944444444444,440747845,5,2026-08-17T15:00:00+00:00,7,133.2,0,Linked live river forecast reach,180.9101086782709
MP0623_JAM,Jam,Chhindwara,Godavari,Wainganga,21.57,78.73555555555555,440559340,3,2026-08-10T15:00:00+00:00,0,12.4,0,Linked live river forecast reach,358.3873138771166
MP0623_LDKDA,Lodhikheda,Chhindwara,Godavari,Wainganga,21.579166666666666,78.86611111111111,440783626,4,2026-08-10T15:00:00+00:00,0,33.9,0,Linked live river forecast reach,19.54043527761106
MP0623_LDKDA,Lodhikheda,Chhindwara,Godavari,Wainganga,21.579166666666666,78.86611111111111,440783626,4,2026-08-10T18:00:00+00:00,0,35.8,0,Linked live river forecast reach,19.54043527761106
MP0623_LDKDA,Lodhikheda,Chhindwara,Godavari,Wainganga,21.579166666666666,78.86611111111111,440783626,4,2026-08-10T21:00:00+00:00,0,38.2,0,Linked live river forecast reach,19.54043527761106
MP0623_LDKDA,Lodhikheda,Chhindwara,Godavari,Wainganga,21.579166666666666,78.86611111111111,440783626,4,2026-08-11T00:00:00+00:00,0,39.9,0,Linked live river forecast reach,19.54043527761106
MP0623_LDKDA,Lodhikheda,Chhindwara,Godavari,Wainganga,21.579166666666666,78.86611111111111,440783626,4,2026-08-11T03:00:00+00:00,0,39.9,0,Linked live river forecast reach,19.54043527761106
MP0623_LDKDA,Lodhikheda,Chhindwara,Godavari,Wainganga,21.579166666666666,78.86611111111111,440783626,4,2026-08-11T06:00:00+00:00,0,38.6,0,Linked live river forecast reach,19.54043527761106
MP0623_LDKDA,Lodhikheda,Chhindwara,Godavari,Wainganga,21.579166666666666,78.86611111111111,440783626,4,2026-08-11T09:00:00+00:00,0,36.7,0,Linked live river forecast reach,19.54043527761106
MP0623_LDKDA,Lodhikheda,Chhindwara,Godavari,Wainganga,21.579166666666666,78.86611111111111,440783626,4,2026-08-11T12:00:00+00:00,0,34.4,0,Linked live river forecast reach,19.54043527761106
MP0623_LDKDA,Lodhikheda,Chhindwara,Godavari,Wainganga,21.579166666666666,78.86611111111111,440783626,4,2026-08-11T15:00:00+00:00,1,32.9,0,Linked live river forecast reach,19.54043527761106
MP0623_LDKDA,Lodhikheda,Chhindwara,Godavari,Wainganga,21.579166666666666,78.86611111111111,440783626,4,2026-08-11T18:00:00+00:00,1,32.6,0,Linked live river forecast reach,19.54043527761106
MP0623_LDKDA,Lodhikheda,Chhindwara,Godavari,Wainganga,21.579166666666666,78.86611111111111,440783626,4,2026-08-11T21:00:00+00:00,1,33.6,0,Linked live river forecast reach,19.54043527761106
MP0623_LDKDA,Lodhikheda,Chhindwara,Godavari,Wainganga,21.579166666666666,78.86611111111111,440783626,4,2026-08-12T00:00:00+00:00,1,35.1,0,Linked live river forecast reach,19.54043527761106
MP0623_LDKDA,Lodhikheda,Chhindwara,Godavari,Wainganga,21.579166666666666,78.86611111111111,440783626,4,2026-08-12T03:00:00+00:00,1,37.0,0,Linked live river forecast reach,19.54043527761106
MP0623_LDKDA,Lodhikheda,Chhindwara,Godavari,Wainganga,21.579166666666666,78.86611111111111,440783626,4,2026-08-12T06:00:00+00:00,1,38.8,0,Linked live river forecast reach,19.54043527761106
MP0623_LDKDA,Lodhikheda,Chhindwara,Godavari,Wainganga,21.579166666666666,78.86611111111111,440783626,4,2026-08-12T09:00:00+00:00,1,40.2,0,Linked live river forecast reach,19.54043527761106
MP0623_LDKDA,Lodhikheda,Chhindwara,Godavari,Wainganga,21.579166666666666,78.86611111111111,440783626,4,2026-08-12T12:00:00+00:00,1,41.4,0,Linked live river forecast reach,19.54043527761106
MP0623_LDKDA,Lodhikheda,Chhindwara,Godavari,Wainganga,21.579166666666666,78.86611111111111,440783626,4,2026-08-12T15:00:00+00:00,2,41.7,0,Linked live river forecast reach,19.54043527761106
MP0623_LDKDA,Lodhikheda,Chhindwara,Godavari,Wainganga,21.579166666666666,78.86611111111111,440783626,4,2026-08-12T18:00:00+00:00,2,41.2,0,Linked live river forecast reach,19.54043527761106
MP0623_LDKDA,Lodhikheda,Chhindwara,Godavari,Wainganga,21.579166666666666,78.86611111111111,440783626,4,2026-08-12T21:00:00+00:00,2,40.0,0,Linked live river forecast reach,19.54043527761106
MP0623_LDKDA,Lodhikheda,Chhindwara,Godavari,Wainganga,21.579166666666666,78.86611111111111,440783626,4,2026-08-13T00:00:00+00:00,2,38.2,0,Linked live river forecast reach,19.54043527761106
MP0623_LDKDA,Lodhikheda,Chhindwara,Godavari,Wainganga,21.579166666666666,78.86611111111111,440783626,4,2026-08-13T03:00:00+00:00,2,35.6,0,Linked live river forecast reach,19.54043527761106
MP0623_LDKDA,Lodhikheda,Chhindwara,Godavari,Wainganga,21.579166666666666,78.86611111111111,440783626,4,2026-08-13T06:00:00+00:00,2,32.5,0,Linked live river forecast reach,19.54043527761106
MP0623_LDKDA,Lodhikheda,Chhindwara,Godavari,Wainganga,21.579166666666666,78.86611111111111,440783626,4,2026-08-13T09:00:00+00:00,2,29.6,0,Linked live river forecast reach,19.54043527761106
MP0623_LDKDA,Lodhikheda,Chhindwara,Godavari,Wainganga,21.579166666666666,78.86611111111111,440783626,4,2026-08-13T12:00:00+00:00,2,26.9,0,Linked live river forecast reach,19.54043527761106
MP0623_LDKDA,Lodhikheda,Chhindwara,Godavari,Wainganga,21.579166666666666,78.86611111111111,440783626,4,2026-08-13T15:00:00+00:00,3,24.2,0,Linked live river forecast reach,19.54043527761106
MP0623_LDKDA,Lodhikheda,Chhindwara,Godavari,Wainganga,21.579166666666666,78.86611111111111,440783626,4,2026-08-13T18:00:00+00:00,3,22.1,0,Linked live river forecast reach,19.54043527761106
MP0623_LDKDA,Lodhikheda,Chhindwara,Godavari,Wainganga,21.579166666666666,78.86611111111111,440783626,4,2026-08-13T21:00:00+00:00,3,20.8,0,Linked live river forecast reach,19.54043527761106
MP0623_LDKDA,Lodhikheda,Chhindwara,Godavari,Wainganga,21.579166666666666,78.86611111111111,440783626,4,2026-08-14T00:00:00+00:00,3,20.1,0,Linked live river forecast reach,19.54043527761106
MP0623_LDKDA,Lodhikheda,Chhindwara,Godavari,Wainganga,21.579166666666666,78.86611111111111,440783626,4,2026-08-14T03:00:00+00:00,3,19.6,0,Linked live river forecast reach,19.54043527761106
MP0623_LDKDA,Lodhikheda,Chhindwara,Godavari,Wainganga,21.579166666666666,78.86611111111111,440783626,4,2026-08-14T06:00:00+00:00,3,19.0,0,Linked live river forecast reach,19.54043527761106
MP0623_LDKDA,Lodhikheda,Chhindwara,Godavari,Wainganga,21.579166666666666,78.86611111111111,440783626,4,2026-08-14T09:00:00+00:00,3,18.6,0,Linked live river forecast reach,19.54043527761106
MP0623_LDKDA,Lodhikheda,Chhindwara,Godavari,Wainganga,21.579166666666666,78.86611111111111,440783626,4,2026-08-14T12:00:00+00:00,3,18.8,0,Linked live river forecast reach,19.54043527761106
MP0623_LDKDA,Lodhikheda,Chhindwara,Godavari,Wainganga,21.579166666666666,78.86611111111111,440783626,4,2026-08-14T15:00:00+00:00,4,19.4,0,Linked live river forecast reach,19.54043527761106
MP0623_LDKDA,Lodhikheda,Chhindwara,Godavari,Wainganga,21.579166666666666,78.86611111111111,440783626,4,2026-08-14T18:00:00+00:00,4,20.3,0,Linked live river forecast reach,19.54043527761106
MP0623_LDKDA,Lodhikheda,Chhindwara,Godavari,Wainganga,21.579166666666666,78.86611111111111,440783626,4,2026-08-14T21:00:00+00:00,4,21.8,0,Linked live river forecast reach,19.54043527761106
MP0623_LDKDA,Lodhikheda,Chhindwara,Godavari,Wainganga,21.579166666666666,78.86611111111111,440783626,4,2026-08-15T00:00:00+00:00,4,23.1,0,Linked live river forecast reach,19.54043527761106
MP0623_LDKDA,Lodhikheda,Chhindwara,Godavari,Wainganga,21.579166666666666,78.86611111111111,440783626,4,2026-08-15T03:00:00+00:00,4,24.0,0,Linked live river forecast reach,19.54043527761106
MP0623_LDKDA,Lodhikheda,Chhindwara,Godavari,Wainganga,21.579166666666666,78.86611111111111,440783626,4,2026-08-15T06:00:00+00:00,4,24.7,0,Linked live river forecast reach,19.54043527761106
MP0623_LDKDA,Lodhikheda,Chhindwara,Godavari,Wainganga,21.579166666666666,78.86611111111111,440783626,4,2026-08-15T09:00:00+00:00,4,25.7,0,Linked live river forecast reach,19.54043527761106
MP0623_LDKDA,Lodhikheda,Chhindwara,Godavari,Wainganga,21.579166666666666,78.86611111111111,440783626,4,2026-08-15T12:00:00+00:00,4,26.8,0,Linked live river forecast reach,19.54043527761106
MP0623_LDKDA,Lodhikheda,Chhindwara,Godavari,Wainganga,21.579166666666666,78.86611111111111,440783626,4,2026-08-15T15:00:00+00:00,5,28.0,0,Linked live river forecast reach,19.54043527761106
MP0623_LDKDA,Lodhikheda,Chhindwara,Godavari,Wainganga,21.579166666666666,78.86611111111111,440783626,4,2026-08-15T18:00:00+00:00,5,29.8,0,Linked live river forecast reach,19.54043527761106
MP0623_LDKDA,Lodhikheda,Chhindwara,Godavari,Wainganga,21.579166666666666,78.86611111111111,440783626,4,2026-08-15T21:00:00+00:00,5,31.6,0,Linked live river forecast reach,19.54043527761106
MP0623_LDKDA,Lodhikheda,Chhindwara,Godavari,Wainganga,21.579166666666666,78.86611111111111,440783626,4,2026-08-16T00:00:00+00:00,5,34.0,0,Linked live river forecast reach,19.54043527761106
MP0623_LDKDA,Lodhikheda,Chhindwara,Godavari,Wainganga,21.579166666666666,78.86611111111111,440783626,4,2026-08-16T03:00:00+00:00,5,37.7,0,Linked live river forecast reach,19.54043527761106
MP0623_LDKDA,Lodhikheda,Chhindwara,Godavari,Wainganga,21.579166666666666,78.86611111111111,440783626,4,2026-08-16T06:00:00+00:00,5,41.6,0,Linked live river forecast reach,19.54043527761106
MP0623_LDKDA,Lodhikheda,Chhindwara,Godavari,Wainganga,21.579166666666666,78.86611111111111,440783626,4,2026-08-16T09:00:00+00:00,5,44.8,0,Linked live river forecast reach,19.54043527761106
MP0623_LDKDA,Lodhikheda,Chhindwara,Godavari,Wainganga,21.579166666666666,78.86611111111111,440783626,4,2026-08-16T12:00:00+00:00,5,47.1,0,Linked live river forecast reach,19.54043527761106
MP0623_LDKDA,Lodhikheda,Chhindwara,Godavari,Wainganga,21.579166666666666,78.86611111111111,440783626,4,2026-08-16T15:00:00+00:00,6,48.8,0,Linked live river forecast reach,19.54043527761106
MP0623_LDKDA,Lodhikheda,Chhindwara,Godavari,Wainganga,21.579166666666666,78.86611111111111,440783626,4,2026-08-16T18:00:00+00:00,6,49.6,0,Linked live river forecast reach,19.54043527761106
MP0623_LDKDA,Lodhikheda,Chhindwara,Godavari,Wainganga,21.579166666666666,78.86611111111111,440783626,4,2026-08-16T21:00:00+00:00,6,49.9,0,Linked live river forecast reach,19.54043527761106
MP0623_LDKDA,Lodhikheda,Chhindwara,Godavari,Wainganga,21.579166666666666,78.86611111111111,440783626,4,2026-08-17T00:00:00+00:00,6,49.7,0,Linked live river forecast reach,19.54043527761106
MP0623_LDKDA,Lodhikheda,Chhindwara,Godavari,Wainganga,21.579166666666666,78.86611111111111,440783626,4,2026-08-17T03:00:00+00:00,6,49.7,0,Linked live river forecast reach,19.54043527761106
MP0623_LDKDA,Lodhikheda,Chhindwara,Godavari,Wainganga,21.579166666666666,78.86611111111111,440783626,4,2026-08-17T06:00:00+00:00,6,49.7,0,Linked live river forecast reach,19.54043527761106
MP0623_LDKDA,Lodhikheda,Chhindwara,Godavari,Wainganga,21.579166666666666,78.86611111111111,440783626,4,2026-08-17T09:00:00+00:00,6,49.0,0,Linked live river forecast reach,19.54043527761106
MP0623_LDKDA,Lodhikheda,Chhindwara,Godavari,Wainganga,21.579166666666666,78.86611111111111,440783626,4,2026-08-17T12:00:00+00:00,6,47.4,0,Linked live river forecast reach,19.54043527761106
MP0623_LDKDA,Lodhikheda,Chhindwara,Godavari,Wainganga,21.579166666666666,78.86611111111111,440783626,4,2026-08-17T15:00:00+00:00,7,45.0,0,Linked live river forecast reach,19.54043527761106
